diagnostic_trade_gross_R,diagnostic_zone_id,timestamp,open_bid,high_bid,low_bid,close_bid,open_ask,high_ask,low_ask,close_ask,spread,quote_active,sigma60
-7574.736945438251,ASIA_CME_H_00004094,2013-06-28 14:25:00+00:00,1201.57,1204.103,1201.473,1203.37,1201.891,1204.68,1201.876,1203.715,0.3450000000000273,True,7.406898103726348
-7574.736945438251,ASIA_CME_H_00004094,2013-06-28 14:26:00+00:00,1203.37,1207.95,1203.164,1207.86,1203.693,1208.335,1203.564,1208.222,0.36200000000008,True,7.9459849056256004
-7574.736945438251,ASIA_CME_H_00004094,2013-06-28 14:27:00+00:00,1207.89,1215.356,1207.717,1213.738,1208.302,1215.826,1208.059,1214.139,0.4009999999998399,True,8.635528071145373
-7574.736945438251,ASIA_CME_H_00004094,2013-06-28 14:28:00+00:00,1213.71,1214.54,1211.23,1212.63,1214.11,1215.239,1211.671,1212.928,0.2980000000000018,True,8.621164247736427
-7574.736945438251,ASIA_CME_H_00004094,2013-06-28 14:29:00+00:00,1212.763,1218.133,1212.63,1215.14,1213.099,1218.732,1212.877,1215.422,0.2819999999999254,True,8.612929695536911
-7574.736945438251,ASIA_CME_H_00004094,2013-06-28 14:30:00+00:00,1215.14,1216.5,1213.283,1213.91,1215.408,1216.839,1213.557,1214.13,0.2200000000000272,True,8.75746502343537
-7574.736945438251,ASIA_CME_H_00004094,2013-06-28 14:31:00+00:00,1213.91,1213.96,1211.65,1211.825,1214.226,1214.267,1211.972,1212.165,0.3399999999999181,True,9.021421818425347
-36.37500000085265,ASIA_CME_H_00004452,2013-08-23 14:02:00+00:00,1378.25,1378.838,1377.633,1377.644,1378.515,1379.08,1377.86,1377.907,0.2629999999999199,True,2.839895094620397
-36.37500000085265,ASIA_CME_H_00004452,2013-08-23 14:03:00+00:00,1377.638,1379.311,1377.62,1379.311,1377.898,1379.651,1377.898,1379.618,0.3070000000000163,True,2.838848382018768
-36.37500000085265,ASIA_CME_H_00004452,2013-08-23 14:04:00+00:00,1379.362,1386.688,1379.362,1385.892,1379.627,1387.047,1379.627,1386.177,0.2849999999998545,True,2.8423284953733967
-36.37500000085265,ASIA_CME_H_00004452,2013-08-23 14:05:00+00:00,1385.909,1388.469,1385.718,1386.731,1386.2,1388.868,1386.003,1387.125,0.3940000000000054,True,2.888376113496455
-36.37500000085265,ASIA_CME_H_00004452,2013-08-23 14:06:00+00:00,1386.702,1387.7,1386.363,1387.591,1387.096,1388.094,1386.714,1387.985,0.3940000000000054,True,2.8902380902779923
-36.37500000085265,ASIA_CME_H_00004452,2013-08-23 14:07:00+00:00,1387.598,1387.956,1385.718,1385.863,1387.992,1388.35,1386.101,1386.255,0.3920000000000527,True,2.918106910114617
-36.37500000085265,ASIA_CME_H_00004452,2013-08-23 14:08:00+00:00,1385.803,1386.903,1385.622,1386.291,1386.16,1387.267,1386.016,1386.67,0.3790000000001328,True,2.914471335482477
-11.902439024409045,ASIA_CME_H_00003666,2013-04-30 07:51:00+00:00,1465.62,1466.753,1465.363,1466.58,1465.949,1467.053,1465.67,1466.913,0.3330000000000837,True,2.338264242969816
-11.902439024409045,ASIA_CME_H_00003666,2013-04-30 07:52:00+00:00,1466.573,1475.613,1466.562,1474.79,1466.877,1476.087,1466.866,1475.277,0.48700000000008,True,2.366080603425949
-11.902439024409045,ASIA_CME_H_00003666,2013-04-30 07:53:00+00:00,1474.88,1480.052,1473.952,1478.552,1475.18,1481.074,1474.348,1478.99,0.4380000000001018,True,2.4244047946002656
-11.902439024409045,ASIA_CME_H_00003666,2013-04-30 07:54:00+00:00,1478.552,1478.652,1474.052,1475.352,1479.04,1479.04,1474.39,1475.78,0.4279999999998836,True,2.430547850279895
-11.902439024409045,ASIA_CME_H_00003666,2013-04-30 07:55:00+00:00,1475.352,1475.552,1474.493,1474.88,1475.73,1475.98,1474.94,1475.31,0.4299999999998363,True,2.576935854058554
-11.902439024409045,ASIA_CME_H_00003666,2013-04-30 07:56:00+00:00,1474.952,1474.952,1472.7,1473.352,1475.31,1475.348,1473.09,1473.79,0.4379999999998745,True,2.684708273056338
-11.902439024409045,ASIA_CME_H_00003666,2013-04-30 07:57:00+00:00,1473.452,1474.052,1472.252,1472.852,1473.79,1474.39,1472.64,1473.21,0.3579999999999472,True,2.785935561247637
-9.719626168185295,LONDON_H_00005328,2013-12-27 13:50:00+00:00,1212.324,1213.342,1212.324,1213.142,1212.758,1213.727,1212.727,1213.558,0.41599999999994,True,2.0124627215049484
-9.719626168185295,LONDON_H_00005328,2013-12-27 13:51:00+00:00,1213.153,1214.643,1213.042,1213.883,1213.558,1215.049,1213.457,1214.327,0.44399999999996,True,2.1348886643926
-9.719626168185295,LONDON_H_00005328,2013-12-27 13:52:00+00:00,1214.042,1218.821,1213.963,1218.821,1214.487,1219.528,1214.417,1219.408,0.5869999999999891,True,2.1362170864815413
-9.719626168185295,LONDON_H_00005328,2013-12-27 13:53:00+00:00,1218.718,1218.968,1216.843,1217.693,1219.238,1219.488,1217.258,1218.018,0.3250000000000455,True,2.197041338869531
-9.719626168185295,LONDON_H_00005328,2013-12-27 13:54:00+00:00,1217.693,1218.203,1217.262,1217.533,1218.008,1218.518,1217.557,1217.848,0.3150000000000545,True,2.194772417414133
-9.719626168185295,LONDON_H_00005328,2013-12-27 13:55:00+00:00,1217.533,1217.943,1217.295,1217.583,1217.838,1218.188,1217.645,1217.906,0.3229999999998654,True,2.1425257717794186
-9.719626168185295,LONDON_H_00005328,2013-12-27 13:56:00+00:00,1217.583,1218.273,1217.313,1217.763,1217.856,1218.641,1217.608,1218.048,0.2850000000000818,True,2.042293903657378
-7.569095676926977,ROUND_1_00000795,2013-06-27 17:54:00+00:00,1208.518,1208.72,1206.292,1206.292,1208.82,1209.07,1206.764,1206.764,0.47199999999998,True,8.896485705839021
-7.569095676926977,ROUND_1_00000795,2013-06-27 17:55:00+00:00,1206.324,1207.639,1206.223,1206.27,1206.796,1207.927,1206.58,1206.63,0.3600000000001273,True,9.094568868468373
-7.569095676926977,ROUND_1_00000795,2013-06-27 17:56:00+00:00,1206.22,1206.22,1202.15,1202.539,1206.58,1206.58,1202.612,1203.188,0.6490000000001146,True,8.96164024549937
-7.569095676926977,ROUND_1_00000795,2013-06-27 17:57:00+00:00,1202.829,1204.35,1201.89,1203.56,1203.25,1204.91,1202.302,1203.93,0.3700000000001182,True,9.397734547064882
-7.569095676926977,ROUND_1_00000795,2013-06-27 17:58:00+00:00,1203.51,1203.95,1201.428,1203.11,1203.88,1204.42,1201.813,1203.49,0.3800000000001091,True,9.848179993859784
-7.569095676926977,ROUND_1_00000795,2013-06-27 17:59:00+00:00,1203.06,1203.329,1201.67,1202.22,1203.44,1203.53,1202.06,1202.654,0.4339999999999691,True,9.382736875340052
-7.569095676926977,ROUND_1_00000795,2013-06-27 18:00:00+00:00,1202.27,1202.67,1199.62,1200.82,1202.607,1203.106,1200.07,1201.231,0.4110000000000582,True,9.416007575680036
-3.2156862745027084,TRANSITION_H_00003654,2013-04-28 21:59:00+00:00,1461.369,1461.369,1461.369,1461.369,1463.409,1463.409,1463.409,1463.409,2.040000000000191,False,1.740925050513047
-3.2156862745027084,TRANSITION_H_00003654,2013-04-28 22:00:00+00:00,1466.333,1467.113,1464.393,1464.753,1467.267,1468.057,1465.347,1465.707,0.9540000000001784,True,1.740925050513047
-3.2156862745027084,TRANSITION_H_00003654,2013-04-28 22:01:00+00:00,1464.793,1464.863,1463.573,1464.863,1465.747,1465.807,1464.557,1465.807,0.94399999999996,True,1.871993109652414
-3.2156862745027084,TRANSITION_H_00003654,2013-04-28 22:02:00+00:00,1464.783,1465.052,1464.653,1465.052,1465.767,1465.917,1465.324,1465.448,0.3960000000001855,True,1.7920399818555273
-3.2156862745027084,TRANSITION_H_00003654,2013-04-28 22:03:00+00:00,1465.008,1467.452,1464.876,1466.463,1465.448,1468.197,1465.396,1467.148,0.6849999999999454,True,1.7919360306099366
-3.2156862745027084,TRANSITION_H_00003654,2013-04-28 22:04:00+00:00,1466.503,1467.133,1466.503,1466.643,1467.148,1467.948,1467.148,1467.148,0.5049999999998818,True,1.8295158437718617
-3.2156862745027084,TRANSITION_H_00003654,2013-04-28 22:05:00+00:00,1466.643,1467.005,1466.393,1466.922,1467.248,1467.548,1467.033,1467.548,0.6259999999999764,True,1.7939484044289904
-3.120636853676535,ROUND_10_00000381,2013-04-12 14:59:00+00:00,1505.347,1505.45,1503.332,1504.552,1505.656,1505.75,1503.74,1504.957,0.4050000000002001,True,7.133344026596635
-3.120636853676535,ROUND_10_00000381,2013-04-12 15:00:00+00:00,1504.633,1505.352,1502.552,1502.93,1505.04,1505.748,1502.948,1503.237,0.3070000000000163,True,7.652653044848023
-3.120636853676535,ROUND_10_00000381,2013-04-12 15:01:00+00:00,1503.043,1503.863,1496.95,1498.29,1503.39,1504.19,1497.287,1498.656,0.3659999999999854,True,7.905268842514553
-3.120636853676535,ROUND_10_00000381,2013-04-12 15:02:00+00:00,1498.3,1498.952,1492.352,1495.239,1498.673,1499.39,1492.76,1495.54,0.3009999999999309,True,8.016353202991223
-3.120636853676535,ROUND_10_00000381,2013-04-12 15:03:00+00:00,1495.268,1495.955,1493.452,1493.852,1495.568,1496.34,1493.867,1494.29,0.4379999999998745,True,8.549836421373735
-3.120636853676535,ROUND_10_00000381,2013-04-12 15:04:00+00:00,1493.886,1496.154,1493.6,1495.552,1494.29,1496.64,1493.985,1495.89,0.3380000000001928,True,8.542297944393937
-3.120636853676535,ROUND_10_00000381,2013-04-12 15:05:00+00:00,1495.5,1496.852,1494.193,1496.828,1495.948,1497.258,1494.548,1497.248,0.4200000000000727,True,8.81021942554135
-2.872467222882855,LONDON_H_00004652,2013-09-18 17:58:00+00:00,1316.683,1318.848,1316.193,1317.542,1317.387,1319.774,1316.837,1317.727,0.1850000000001728,True,5.316470036345531
-2.872467222882855,LONDON_H_00004652,2013-09-18 17:59:00+00:00,1317.542,1317.542,1312.466,1312.632,1317.757,1318.087,1314.348,1314.348,1.7159999999998945,True,5.318849650623269
-2.872467222882855,LONDON_H_00004652,2013-09-18 18:00:00+00:00,1313.156,1333.728,1313.156,1331.1,1315.908,1334.337,1315.908,1332.297,1.1970000000001164,True,5.302119690701145
-2.872467222882855,LONDON_H_00004652,2013-09-18 18:01:00+00:00,1329.229,1334.948,1328.433,1334.858,1331.639,1335.69,1329.157,1335.517,0.6590000000001055,True,5.602623929184209
-2.872467222882855,LONDON_H_00004652,2013-09-18 18:02:00+00:00,1334.723,1340.888,1333.505,1340.003,1335.427,1342.163,1334.647,1340.547,0.5440000000000964,True,5.664329637550196
-2.872467222882855,LONDON_H_00004652,2013-09-18 18:03:00+00:00,1340.083,1340.433,1335.725,1337.283,1340.657,1341.127,1336.647,1337.827,0.5440000000000964,True,5.569523595267103
-2.872467222882855,LONDON_H_00004652,2013-09-18 18:04:00+00:00,1337.393,1340.633,1336.293,1339.493,1337.937,1341.677,1336.967,1340.047,0.5540000000000873,True,5.558220613282714
-2.730585732268255,ROUND_1_00000776,2013-06-27 17:12:00+00:00,1223.68,1223.9,1222.829,1223.82,1223.976,1224.22,1223.048,1224.17,0.3500000000001364,True,3.7464104609605235
-2.730585732268255,ROUND_1_00000776,2013-06-27 17:13:00+00:00,1223.812,1224.019,1222.69,1222.814,1224.03,1224.22,1223.03,1223.03,0.2159999999998945,True,3.7447921725804227
-2.730585732268255,ROUND_1_00000776,2013-06-27 17:14:00+00:00,1222.814,1222.814,1216.69,1217.475,1222.996,1223.041,1217.102,1217.888,0.4130000000000109,True,3.741509347077722
-2.730585732268255,ROUND_1_00000776,2013-06-27 17:15:00+00:00,1217.54,1217.857,1214.543,1214.61,1217.95,1218.117,1214.795,1214.795,0.1850000000001728,True,3.725476125225992
-2.730585732268255,ROUND_1_00000776,2013-06-27 17:16:00+00:00,1214.66,1215.633,1213.26,1215.238,1214.899,1216.05,1213.564,1215.71,0.47199999999998,True,3.7184555207055374
-2.730585732268255,ROUND_1_00000776,2013-06-27 17:17:00+00:00,1215.208,1217.017,1215.16,1216.91,1215.55,1217.33,1215.55,1217.33,0.4199999999998454,True,3.720817241731241
-2.730585732268255,ROUND_1_00000776,2013-06-27 17:18:00+00:00,1216.86,1217.019,1215.872,1216.05,1217.23,1217.43,1216.24,1216.36,0.3099999999999454,True,3.723758225393963
-2.438613292472699,NY_AM_L_00003861,2013-05-27 15:58:00+00:00,1393.652,1393.652,1393.652,1393.652,1394.015,1394.022,1394.015,1394.017,0.3650000000000091,True,0.8039922896414382
-2.438613292472699,NY_AM_L_00003861,2013-05-27 15:59:00+00:00,1393.652,1393.752,1393.422,1393.752,1394.016,1394.173,1393.977,1394.173,0.4210000000000491,True,0.7465232121373472
-2.438613292472699,NY_AM_L_00003861,2013-05-27 16:00:00+00:00,1393.752,1393.752,1393.452,1393.452,1394.16,1394.16,1393.87,1393.882,0.4300000000000636,True,0.7351168621720471
-2.438613292472699,NY_AM_L_00003861,2013-05-27 16:01:00+00:00,1393.452,1393.752,1393.452,1393.752,1393.914,1394.244,1393.914,1394.158,0.405999999999949,True,0.7637023752782202
-2.438613292472699,NY_AM_L_00003861,2013-05-27 16:02:00+00:00,1393.752,1393.852,1393.452,1393.852,1394.143,1394.267,1394.008,1394.219,0.3669999999999618,True,0.7724866850493943
-2.438613292472699,NY_AM_L_00003861,2013-05-27 16:03:00+00:00,1393.752,1393.852,1393.599,1393.652,1394.219,1394.294,1394.095,1394.139,0.4869999999998526,True,0.7637848039973706
-2.438613292472699,NY_AM_L_00003861,2013-05-27 16:04:00+00:00,1393.752,1393.752,1393.652,1393.652,1394.139,1394.177,1394.132,1394.144,0.4919999999999618,True,0.7637080987251165
-2.438613292472699,NY_AM_L_00003861,2013-05-27 16:05:00+00:00,1393.652,1393.652,1393.576,1393.652,1394.155,1394.155,1394.083,1394.145,0.4929999999999381,True,0.6948837539069469
-2.438613292472699,NY_AM_L_00003861,2013-05-27 16:06:00+00:00,1393.652,1393.652,1393.652,1393.652,1394.112,1394.155,1394.094,1394.144,0.4919999999999618,True,0.6948401182563673
-2.438613292472699,NY_AM_L_00003861,2013-05-27 16:07:00+00:00,1393.652,1393.852,1393.552,1393.552,1394.138,1394.23,1394.054,1394.057,0.5050000000001091,True,0.6345976121721496
-2.438613292472699,NY_AM_L_00003861,2013-05-27 16:08:00+00:00,1393.552,1393.573,1393.552,1393.566,1394.082,1394.139,1394.082,1394.132,0.5660000000000309,True,0.6345550445834609
-2.438613292472699,NY_AM_L_00003861,2013-05-27 16:09:00+00:00,1393.605,1393.663,1393.605,1393.652,1394.171,1394.229,1394.125,1394.213,0.5609999999999218,True,0.6345753040240668
-2.438613292472699,NY_AM_L_00003861,2013-05-27 16:10:00+00:00,1393.66,1393.852,1393.653,1393.852,1394.226,1394.248,1394.219,1394.248,0.3959999999999581,True,0.6346133189294733
-2.438613292472699,NY_AM_L_00003861,2013-05-27 16:11:00+00:00,1393.852,1393.852,1393.752,1393.752,1394.248,1394.248,1394.236,1394.248,0.4960000000000946,True,0.6547328441011041
-2.438613292472699,NY_AM_L_00003861,2013-05-27 16:12:00+00:00,1393.752,1393.752,1393.552,1393.652,1394.248,1394.248,1394.091,1394.104,0.4519999999999982,True,0.6690325680425389
-2.438613292472699,NY_AM_L_00003861,2013-05-27 16:13:00+00:00,1393.552,1393.652,1393.552,1393.652,1394.104,1394.111,1394.09,1394.104,0.4519999999999982,True,0.6948298992752692
-2.438613292472699,NY_AM_L_00003861,2013-05-27 16:14:00+00:00,1393.652,1393.752,1393.652,1393.752,1394.117,1394.268,1394.117,1394.148,0.3959999999999581,True,0.6948298992752692
-2.438613292472699,NY_AM_L_00003861,2013-05-27 16:15:00+00:00,1393.752,1393.752,1393.752,1393.752,1394.229,1394.229,1394.203,1394.229,0.4770000000000891,True,0.6949096768620004
-2.438613292472699,NY_AM_L_00003861,2013-05-27 16:16:00+00:00,1393.752,1393.752,1393.752,1393.752,1394.203,1394.219,1394.112,1394.144,0.3920000000000527,True,0.700549967667171
-2.438613292472699,NY_AM_L_00003861,2013-05-27 16:17:00+00:00,1393.752,1393.852,1393.52,1393.532,1394.139,1394.23,1394.086,1394.098,0.5660000000000309,True,0.6804823973714974
-2.438613292472699,NY_AM_L_00003861,2013-05-27 16:18:00+00:00,1393.552,1393.652,1393.552,1393.652,1394.056,1394.107,1394.056,1394.107,0.4549999999999272,True,0.6861728696119576
-2.438613292472699,NY_AM_L_00003861,2013-05-27 16:19:00+00:00,1393.552,1393.652,1393.552,1393.652,1394.107,1394.107,1394.038,1394.07,0.4179999999998927,True,0.6804050734737831
-2.438613292472699,NY_AM_L_00003861,2013-05-27 16:20:00+00:00,1393.652,1393.652,1393.552,1393.652,1394.076,1394.106,1394.061,1394.096,0.44399999999996,True,0.6603186753960361
-2.438613292472699,NY_AM_L_00003861,2013-05-27 16:21:00+00:00,1393.552,1393.652,1393.452,1393.452,1394.096,1394.096,1393.914,1393.944,0.4919999999999618,True,0.6603248339317724
-2.438613292472699,NY_AM_L_00003861,2013-05-27 16:22:00+00:00,1393.452,1393.552,1393.452,1393.552,1393.95,1393.999,1393.935,1393.997,0.4450000000001637,True,0.6717854356659593
-2.438613292472699,NY_AM_L_00003861,2013-05-27 16:23:00+00:00,1393.552,1393.552,1393.552,1393.552,1394.01,1394.011,1394.005,1394.011,0.45900000000006,True,0.6947783058828955
-2.438613292472699,NY_AM_L_00003861,2013-05-27 16:24:00+00:00,1393.552,1393.652,1393.552,1393.652,1393.977,1394.038,1393.977,1394.037,0.3849999999999909,True,0.6718256840439278
-2.438613292472699,NY_AM_L_00003861,2013-05-27 16:25:00+00:00,1393.552,1393.552,1393.452,1393.552,1394.037,1394.037,1393.971,1394.025,0.4730000000001837,True,0.6574308397746818
-2.438613292472699,NY_AM_L_00003861,2013-05-27 16:26:00+00:00,1393.552,1393.552,1393.552,1393.552,1394.016,1394.026,1394.004,1394.004,0.4519999999999982,True,0.6718290581594462
-2.438613292472699,NY_AM_L_00003861,2013-05-27 16:27:00+00:00,1393.552,1393.552,1393.552,1393.552,1394.008,1394.012,1393.998,1393.998,0.44600000000014,True,0.6718239969861685
-2.438613292472699,NY_AM_L_00003861,2013-05-27 16:28:00+00:00,1393.552,1393.652,1393.452,1393.452,1394.002,1394.037,1393.924,1393.924,0.47199999999998,True,0.6573980588989352
-2.438613292472699,NY_AM_L_00003861,2013-05-27 16:29:00+00:00,1393.452,1393.652,1393.452,1393.552,1393.948,1394.141,1393.948,1394.086,0.5340000000001055,True,0.6860833068614903
-2.438613292472699,NY_AM_L_00003861,2013-05-27 16:30:00+00:00,1393.652,1393.798,1393.652,1393.752,1394.086,1394.364,1394.086,1394.231,0.4790000000000418,True,0.7148710549859849
-2.438613292472699,NY_AM_L_00003861,2013-05-27 16:31:00+00:00,1393.752,1393.752,1393.752,1393.752,1394.215,1394.215,1394.197,1394.197,0.4449999999999363,True,0.7149595279204084
-2.438613292472699,NY_AM_L_00003861,2013-05-27 16:32:00+00:00,1393.752,1393.952,1393.752,1393.952,1394.203,1394.372,1394.203,1394.358,0.405999999999949,True,0.71495080884861
-2.438613292472699,NY_AM_L_00003861,2013-05-27 16:33:00+00:00,1393.952,1393.952,1393.952,1393.952,1394.377,1394.391,1394.374,1394.391,0.4390000000000782,True,0.7150433848756443
-2.438613292472699,NY_AM_L_00003861,2013-05-27 16:34:00+00:00,1394.052,1394.552,1393.952,1394.152,1394.391,1395.148,1394.391,1394.663,0.5109999999999673,True,0.7150518475041544
-2.438613292472699,NY_AM_L_00003861,2013-05-27 16:35:00+00:00,1394.252,1394.352,1394.252,1394.352,1394.663,1394.927,1394.663,1394.9,0.5480000000000018,True,0.7352696096091238
-2.438613292472699,NY_AM_L_00003861,2013-05-27 16:36:00+00:00,1394.352,1394.452,1394.252,1394.452,1394.854,1394.925,1394.768,1394.925,0.4729999999999563,True,0.7612934567948478
-2.438613292472699,NY_AM_L_00003861,2013-05-27 16:37:00+00:00,1394.452,1394.452,1394.355,1394.452,1394.97,1394.972,1394.921,1394.935,0.4829999999999472,True,0.7613275740714865
-2.438613292472699,NY_AM_L_00003861,2013-05-27 16:38:00+00:00,1394.452,1394.452,1394.252,1394.452,1394.911,1394.948,1394.815,1394.922,0.4700000000000273,True,0.7325595768102078
-2.438613292472699,NY_AM_L_00003861,2013-05-27 16:39:00+00:00,1394.452,1394.552,1394.352,1394.452,1394.848,1395.069,1394.848,1394.915,0.4629999999999654,True,0.7095349770950031
-2.438613292472699,NY_AM_L_00003861,2013-05-27 16:40:00+00:00,1394.452,1394.452,1394.359,1394.452,1394.967,1394.967,1394.925,1394.961,0.5090000000000146,True,0.7095331965002032
-2.438613292472699,NY_AM_L_00003861,2013-05-27 16:41:00+00:00,1394.452,1394.452,1394.352,1394.452,1394.971,1394.973,1394.912,1394.944,0.4919999999999618,True,0.6808087633162427
-2.438613292472699,NY_AM_L_00003861,2013-05-27 16:42:00+00:00,1394.452,1394.752,1394.352,1394.587,1394.931,1395.272,1394.871,1395.153,0.5660000000000309,True,0.6808046141461571
-2.438613292472699,NY_AM_L_00003861,2013-05-27 16:43:00+00:00,1394.552,1394.852,1394.452,1394.652,1395.118,1395.374,1394.899,1395.202,0.5499999999999545,True,0.7009919604186017
-2.438613292472699,NY_AM_L_00003861,2013-05-27 16:44:00+00:00,1394.655,1395.152,1394.655,1394.952,1395.221,1395.548,1395.221,1395.448,0.4960000000000946,True,0.7010206057703147
-2.438613292472699,NY_AM_L_00003861,2013-05-27 16:45:00+00:00,1394.952,1394.952,1394.752,1394.852,1395.448,1395.448,1395.247,1395.395,0.5429999999998927,True,0.701157801928519
-2.438613292472699,NY_AM_L_00003861,2013-05-27 16:46:00+00:00,1394.852,1394.852,1394.752,1394.779,1395.384,1395.384,1395.283,1395.345,0.5660000000000309,True,0.7011193568512198
-2.438613292472699,NY_AM_L_00003861,2013-05-27 16:47:00+00:00,1394.752,1394.952,1394.745,1394.952,1395.314,1395.391,1395.234,1395.391,0.4390000000000782,True,0.7356147267714233
-2.438613292472699,NY_AM_L_00003861,2013-05-27 16:48:00+00:00,1394.952,1394.952,1394.852,1394.852,1395.378,1395.378,1395.364,1395.368,0.515999999999849,True,0.7356724660063687
-2.438613292472699,NY_AM_L_00003861,2013-05-27 16:49:00+00:00,1394.852,1394.852,1394.852,1394.852,1395.374,1395.375,1395.352,1395.352,0.5,True,0.7385108097004499
-2.438613292472699,NY_AM_L_00003861,2013-05-27 16:50:00+00:00,1394.852,1394.952,1394.671,1394.752,1395.37,1395.443,1395.237,1395.287,0.5350000000000819,True,0.7238263198873383
-2.438613292472699,NY_AM_L_00003861,2013-05-27 16:51:00+00:00,1394.752,1394.752,1394.752,1394.752,1395.267,1395.278,1395.148,1395.204,0.4519999999999982,True,0.723795665213871
-2.438613292472699,NY_AM_L_00003861,2013-05-27 16:52:00+00:00,1394.638,1394.652,1394.552,1394.552,1395.148,1395.148,1395.015,1395.015,0.4630000000001928,True,0.7234458413859733
-2.438613292472699,NY_AM_L_00003861,2013-05-27 16:53:00+00:00,1394.552,1394.581,1394.552,1394.552,1395.022,1395.147,1394.948,1394.948,0.3960000000001855,True,0.7297436445459141
-2.438613292472699,NY_AM_L_00003861,2013-05-27 16:54:00+00:00,1394.452,1394.452,1394.252,1394.252,1394.948,1394.948,1394.754,1394.756,0.5040000000001328,True,0.7237715348987549
-2.438613292472699,NY_AM_L_00003861,2013-05-27 16:55:00+00:00,1394.252,1394.352,1394.252,1394.352,1394.77,1394.823,1394.748,1394.807,0.4549999999999272,True,0.7236438791915778
-2.438613292472699,NY_AM_L_00003861,2013-05-27 16:56:00+00:00,1394.352,1394.452,1394.352,1394.452,1394.795,1394.918,1394.795,1394.911,0.45900000000006,True,0.7179381665836537
-2.438613292472699,NY_AM_L_00003861,2013-05-27 16:57:00+00:00,1394.452,1394.452,1394.352,1394.452,1394.9,1394.948,1394.9,1394.948,0.4960000000000946,True,0.7179906768155848
-2.438613292472699,NY_AM_L_00003861,2013-05-27 16:58:00+00:00,1394.452,1394.682,1394.452,1394.652,1394.912,1395.248,1394.912,1395.078,0.4259999999999309,True,0.723301668543172
-2.438613292472699,NY_AM_L_00003861,2013-05-27 16:59:00+00:00,1394.652,1394.952,1394.652,1394.952,1395.09,1395.402,1395.077,1395.39,0.4380000000001018,True,0.7492282123794684
-2.438613292472699,NY_AM_L_00003861,2013-05-27 17:00:00+00:00,1394.824,1395.072,1394.753,1394.757,1395.39,1395.638,1395.319,1395.323,0.5660000000000309,True,0.7493925751192232
-2.438613292472699,NY_AM_L_00003861,2013-05-27 17:01:00+00:00,1394.707,1394.707,1394.494,1394.572,1395.273,1395.273,1395.138,1395.138,0.5660000000000309,True,0.7493222106783477
-2.438613292472699,NY_AM_L_00003861,2013-05-27 17:02:00+00:00,1394.559,1394.58,1394.423,1394.466,1395.125,1395.146,1394.989,1395.032,0.5660000000000309,True,0.7237103155919282
-2.438613292472699,NY_AM_L_00003861,2013-05-27 17:03:00+00:00,1394.47,1394.78,1394.47,1394.646,1395.036,1395.468,1395.036,1395.212,0.5660000000000309,True,0.7297255943211036
-2.438613292472699,NY_AM_L_00003861,2013-05-27 17:04:00+00:00,1394.704,1394.704,1394.57,1394.577,1395.39,1395.39,1395.136,1395.143,0.5660000000000309,True,0.7237487099507354
-2.438613292472699,NY_AM_L_00003861,2013-05-27 17:05:00+00:00,1394.591,1394.591,1394.401,1394.441,1395.157,1395.157,1394.967,1395.007,0.5660000000000309,True,0.7668276645615614
-2.438613292472699,NY_AM_L_00003861,2013-05-27 17:06:00+00:00,1394.435,1394.576,1394.435,1394.576,1395.001,1395.142,1395.001,1395.142,0.5660000000000309,True,0.8098258152015265
-2.438613292472699,NY_AM_L_00003861,2013-05-27 17:07:00+00:00,1394.587,1394.653,1394.587,1394.648,1395.153,1395.219,1395.153,1395.214,0.5660000000000309,True,0.8298198400035524
-2.438613292472699,NY_AM_L_00003861,2013-05-27 17:08:00+00:00,1394.672,1394.682,1394.654,1394.682,1395.238,1395.248,1395.22,1395.248,0.5660000000000309,True,0.7867457243966045
-2.438613292472699,NY_AM_L_00003861,2013-05-27 17:09:00+00:00,1394.683,1394.683,1394.656,1394.661,1395.249,1395.249,1395.222,1395.227,0.5660000000000309,True,0.7867649005097094
-2.438613292472699,NY_AM_L_00003861,2013-05-27 17:10:00+00:00,1394.646,1394.646,1394.646,1394.646,1395.212,1395.212,1395.212,1395.212,0.5660000000000309,True,0.7984646397054369
-2.438613292472699,NY_AM_L_00003861,2013-05-27 17:11:00+00:00,1394.646,1394.646,1394.646,1394.646,1395.212,1395.212,1395.212,1395.212,0.5660000000000309,False,0.7668655974787393
-2.438613292472699,NY_AM_L_00003861,2013-05-27 17:12:00+00:00,1394.646,1394.646,1394.646,1394.646,1395.212,1395.212,1395.212,1395.212,0.5660000000000309,False,0.7668655974787393
-2.438613292472699,NY_AM_L_00003861,2013-05-27 17:13:00+00:00,1394.646,1394.646,1394.646,1394.646,1395.212,1395.212,1395.212,1395.212,0.5660000000000309,False,0.7668655974787393
-2.438613292472699,NY_AM_L_00003861,2013-05-27 17:14:00+00:00,1394.646,1394.646,1394.646,1394.646,1395.212,1395.212,1395.212,1395.212,0.5660000000000309,False,0.7668655974787393
-2.438613292472699,NY_AM_L_00003861,2013-05-27 17:15:00+00:00,1394.646,1394.646,1394.646,1394.646,1395.212,1395.212,1395.212,1395.212,0.5660000000000309,False,0.7668655974787393
-2.438613292472699,NY_AM_L_00003861,2013-05-27 17:16:00+00:00,1394.646,1394.646,1394.646,1394.646,1395.212,1395.212,1395.212,1395.212,0.5660000000000309,False,0.7668655974787393
-2.438613292472699,NY_AM_L_00003861,2013-05-27 17:17:00+00:00,1394.646,1394.646,1394.646,1394.646,1395.212,1395.212,1395.212,1395.212,0.5660000000000309,False,0.7668655974787393
-2.438613292472699,NY_AM_L_00003861,2013-05-27 17:18:00+00:00,1394.646,1394.646,1394.646,1394.646,1395.212,1395.212,1395.212,1395.212,0.5660000000000309,False,0.7668655974787393
-2.438613292472699,NY_AM_L_00003861,2013-05-27 17:19:00+00:00,1394.646,1394.646,1394.646,1394.646,1395.212,1395.212,1395.212,1395.212,0.5660000000000309,False,0.7668655974787393
-2.438613292472699,NY_AM_L_00003861,2013-05-27 17:20:00+00:00,1394.646,1394.646,1394.646,1394.646,1395.212,1395.212,1395.212,1395.212,0.5660000000000309,False,0.7668655974787393
-2.438613292472699,NY_AM_L_00003861,2013-05-27 17:21:00+00:00,1394.646,1394.646,1394.646,1394.646,1395.212,1395.212,1395.212,1395.212,0.5660000000000309,False,0.7668655974787393
-2.438613292472699,NY_AM_L_00003861,2013-05-27 17:22:00+00:00,1394.646,1394.646,1394.646,1394.646,1395.212,1395.212,1395.212,1395.212,0.5660000000000309,False,0.7668655974787393
-2.438613292472699,NY_AM_L_00003861,2013-05-27 17:23:00+00:00,1394.646,1394.646,1394.646,1394.646,1395.212,1395.212,1395.212,1395.212,0.5660000000000309,False,0.7668655974787393
-2.438613292472699,NY_AM_L_00003861,2013-05-27 17:24:00+00:00,1394.646,1394.646,1394.646,1394.646,1395.212,1395.212,1395.212,1395.212,0.5660000000000309,False,0.7668655974787393
-2.438613292472699,NY_AM_L_00003861,2013-05-27 17:25:00+00:00,1394.646,1394.646,1394.646,1394.646,1395.212,1395.212,1395.212,1395.212,0.5660000000000309,False,0.7668655974787393
-2.438613292472699,NY_AM_L_00003861,2013-05-27 17:26:00+00:00,1394.646,1394.646,1394.646,1394.646,1395.212,1395.212,1395.212,1395.212,0.5660000000000309,False,0.7668655974787393
-2.438613292472699,NY_AM_L_00003861,2013-05-27 17:27:00+00:00,1394.646,1394.646,1394.646,1394.646,1395.212,1395.212,1395.212,1395.212,0.5660000000000309,False,0.7668655974787393
-2.438613292472699,NY_AM_L_00003861,2013-05-27 17:28:00+00:00,1394.646,1394.646,1394.646,1394.646,1395.212,1395.212,1395.212,1395.212,0.5660000000000309,False,0.7668655974787393
-2.438613292472699,NY_AM_L_00003861,2013-05-27 17:29:00+00:00,1394.646,1394.646,1394.646,1394.646,1395.212,1395.212,1395.212,1395.212,0.5660000000000309,False,0.7668655974787393
-2.438613292472699,NY_AM_L_00003861,2013-05-27 17:30:00+00:00,1394.646,1394.646,1394.646,1394.646,1395.212,1395.212,1395.212,1395.212,0.5660000000000309,False,0.7668655974787393
-2.438613292472699,NY_AM_L_00003861,2013-05-27 17:31:00+00:00,1394.646,1394.646,1394.646,1394.646,1395.212,1395.212,1395.212,1395.212,0.5660000000000309,False,0.7668655974787393
-2.438613292472699,NY_AM_L_00003861,2013-05-27 17:32:00+00:00,1394.646,1394.646,1394.646,1394.646,1395.212,1395.212,1395.212,1395.212,0.5660000000000309,False,0.7668655974787393
-2.438613292472699,NY_AM_L_00003861,2013-05-27 17:33:00+00:00,1394.646,1394.646,1394.646,1394.646,1395.212,1395.212,1395.212,1395.212,0.5660000000000309,False,0.7668655974787393
-2.438613292472699,NY_AM_L_00003861,2013-05-27 17:34:00+00:00,1394.646,1394.646,1394.646,1394.646,1395.212,1395.212,1395.212,1395.212,0.5660000000000309,False,0.7668655974787393
-2.438613292472699,NY_AM_L_00003861,2013-05-27 17:35:00+00:00,1394.646,1394.646,1394.646,1394.646,1395.212,1395.212,1395.212,1395.212,0.5660000000000309,False,0.7668655974787393
-2.438613292472699,NY_AM_L_00003861,2013-05-27 17:36:00+00:00,1394.646,1394.646,1394.646,1394.646,1395.212,1395.212,1395.212,1395.212,0.5660000000000309,False,0.7668655974787393
-2.438613292472699,NY_AM_L_00003861,2013-05-27 17:37:00+00:00,1394.646,1394.646,1394.646,1394.646,1395.212,1395.212,1395.212,1395.212,0.5660000000000309,False,0.7668655974787393
-2.438613292472699,NY_AM_L_00003861,2013-05-27 17:38:00+00:00,1394.646,1394.646,1394.646,1394.646,1395.212,1395.212,1395.212,1395.212,0.5660000000000309,False,0.7668655974787393
-2.438613292472699,NY_AM_L_00003861,2013-05-27 17:39:00+00:00,1394.646,1394.646,1394.646,1394.646,1395.212,1395.212,1395.212,1395.212,0.5660000000000309,False,0.7668655974787393
-2.438613292472699,NY_AM_L_00003861,2013-05-27 17:40:00+00:00,1394.646,1394.646,1394.646,1394.646,1395.212,1395.212,1395.212,1395.212,0.5660000000000309,False,0.7668655974787393
-2.438613292472699,NY_AM_L_00003861,2013-05-27 17:41:00+00:00,1394.646,1394.646,1394.646,1394.646,1395.212,1395.212,1395.212,1395.212,0.5660000000000309,False,0.7668655974787393
-2.438613292472699,NY_AM_L_00003861,2013-05-27 17:42:00+00:00,1394.646,1394.646,1394.646,1394.646,1395.212,1395.212,1395.212,1395.212,0.5660000000000309,False,0.7668655974787393
-2.438613292472699,NY_AM_L_00003861,2013-05-27 17:43:00+00:00,1394.646,1394.646,1394.646,1394.646,1395.212,1395.212,1395.212,1395.212,0.5660000000000309,False,0.7668655974787393
-2.438613292472699,NY_AM_L_00003861,2013-05-27 17:44:00+00:00,1394.646,1394.646,1394.646,1394.646,1395.212,1395.212,1395.212,1395.212,0.5660000000000309,False,0.7668655974787393
-2.438613292472699,NY_AM_L_00003861,2013-05-27 17:45:00+00:00,1394.646,1394.646,1394.646,1394.646,1395.212,1395.212,1395.212,1395.212,0.5660000000000309,False,0.7668655974787393
-2.438613292472699,NY_AM_L_00003861,2013-05-27 17:46:00+00:00,1394.646,1394.646,1394.646,1394.646,1395.212,1395.212,1395.212,1395.212,0.5660000000000309,False,0.7668655974787393
-2.438613292472699,NY_AM_L_00003861,2013-05-27 17:47:00+00:00,1387.548,1387.548,1387.536,1387.536,1389.314,1389.314,1389.302,1389.302,1.765999999999849,True,0.7668655974787393
-2.438613292472699,NY_AM_L_00003861,2013-05-27 17:48:00+00:00,1387.541,1387.55,1387.541,1387.55,1389.307,1389.316,1389.307,1389.316,1.7660000000000764,True,0.8058753000088378
-2.438613292472699,NY_AM_L_00003861,2013-05-27 17:49:00+00:00,1387.647,1387.837,1387.647,1387.727,1389.413,1389.603,1389.413,1389.493,1.765999999999849,True,0.762967328099952
-2.438613292472699,NY_AM_L_00003861,2013-05-27 17:50:00+00:00,1387.731,1387.731,1387.726,1387.727,1389.497,1389.497,1389.492,1389.493,1.765999999999849,True,0.7716132359862082
