sample,entry_model,risk_rule,architecture_status,surviving_rr_cells,rr_cells,max_primary_mean,max_stress_mean
DISPLACEMENT_ORIGIN_ONLY,ACCEPTANCE_RETEST,STRUCTURAL,FULLY_REJECTED,0,6,-0.2429728062741275,-0.2621632254191333
DISPLACEMENT_ORIGIN_ONLY,CLEAN_REJECTION,STRUCTURAL,FULLY_REJECTED,0,6,0.0255228606845133,-0.0142790306198357
DISPLACEMENT_ORIGIN_ONLY,FAILED_AUCTION,STRUCTURAL,FULLY_REJECTED,0,6,-0.0941067233959366,-0.1542281441064631
DISPLACEMENT_ORIGIN_ONLY,PASSIVE_TOUCH,STRUCTURAL,FULLY_REJECTED,0,6,-0.1304434048354464,-0.214560588860084
DISPLACEMENT_ORIGIN_ONLY,RECLAIM_PULLBACK,STRUCTURAL,FULLY_REJECTED,0,6,-0.0477487769613774,-0.106372481142594
DISPLACEMENT_ORIGIN_ONLY,TOUCH_NEXT_OPEN,VOL_FLOOR_0.25,FULLY_REJECTED,0,6,0.031259678160113,-0.0190719365927387
DISPLACEMENT_ORIGIN_ONLY,TOUCH_NEXT_OPEN,VOL_FLOOR_0.50,FULLY_REJECTED,0,6,0.0252730745443034,-0.0189099196176344
DISPLACEMENT_ORIGIN_ONLY,TOUCH_NEXT_OPEN,VOL_FLOOR_0.75,FULLY_REJECTED,0,6,0.0209620565421392,-0.0177567189738504
DISPLACEMENT_ORIGIN_ONLY,TOUCH_NEXT_OPEN,VOL_FLOOR_1.00,FULLY_REJECTED,0,6,0.020542128776879,-0.0142393257383388
DOZ_OBJECTIVE_ONLY,CLEAN_REJECTION,STRUCTURAL,VALIDATED_REFERENCE,6,6,0.3097889084964196,0.2108160272411114
DOZ_OBJECTIVE_ONLY,FAILED_AUCTION,STRUCTURAL,FULLY_REJECTED,0,6,-0.0692048357717986,-0.1464517468589515
DOZ_OBJECTIVE_ONLY,PASSIVE_TOUCH,STRUCTURAL,FULLY_REJECTED,0,6,-0.2637447452900175,-0.3785781343042964
DOZ_OBJECTIVE_ONLY,RECLAIM_PULLBACK,STRUCTURAL,FULLY_REJECTED,0,6,-0.0498558964287455,-0.1292473844625765
DOZ_OBJECTIVE_ONLY,TOUCH_NEXT_OPEN,VOL_FLOOR_0.25,FULLY_REJECTED,0,6,0.0974188131511755,0.024122768092695
DOZ_OBJECTIVE_ONLY,TOUCH_NEXT_OPEN,VOL_FLOOR_0.50,PARTIALLY_SURVIVING,1,6,0.0704688785487829,0.0059038807710306
DOZ_OBJECTIVE_ONLY,TOUCH_NEXT_OPEN,VOL_FLOOR_0.75,PARTIALLY_SURVIVING,1,6,0.0604297896320015,0.0326313396155119
DOZ_OBJECTIVE_ONLY,TOUCH_NEXT_OPEN,VOL_FLOOR_1.00,FULLY_REJECTED,0,6,0.0337952769759643,0.0042608158904203
MEMORY_ONLY,ACCEPTANCE_RETEST,STRUCTURAL,FULLY_REJECTED,0,6,-0.0515369837639545,-0.1073580767121077
MEMORY_ONLY,CLEAN_REJECTION,STRUCTURAL,FULLY_REJECTED,0,6,-0.0810533679073922,-0.1098947354159884
MEMORY_ONLY,FAILED_AUCTION,STRUCTURAL,FULLY_REJECTED,0,6,-0.0087314504832842,-0.0518088904746934
MEMORY_ONLY,PASSIVE_TOUCH,STRUCTURAL,FULLY_REJECTED,0,6,-0.3059202623163024,-0.3694632886855964
MEMORY_ONLY,RECLAIM_PULLBACK,STRUCTURAL,FULLY_REJECTED,0,6,-0.0755423300600097,-0.1336372723379868
MEMORY_ONLY,TOUCH_NEXT_OPEN,VOL_FLOOR_0.25,FULLY_REJECTED,0,6,-0.1066056633561954,-0.1655335964226502
MEMORY_ONLY,TOUCH_NEXT_OPEN,VOL_FLOOR_0.50,FULLY_REJECTED,0,6,-0.0907594422370188,-0.1457143418489496
MEMORY_ONLY,TOUCH_NEXT_OPEN,VOL_FLOOR_0.75,FULLY_REJECTED,0,6,-0.0882544948661847,-0.1350603970865361
MEMORY_ONLY,TOUCH_NEXT_OPEN,VOL_FLOOR_1.00,FULLY_REJECTED,0,6,-0.0863012258986749,-0.1260714181323582
OBJECTIVE_LIQUIDITY_ONLY,ACCEPTANCE_RETEST,STRUCTURAL,FULLY_REJECTED,0,6,-0.129080290249906,-0.1826638440894696
OBJECTIVE_LIQUIDITY_ONLY,CLEAN_REJECTION,STRUCTURAL,FULLY_REJECTED,0,6,0.001739536807322,-0.0414775103421829
OBJECTIVE_LIQUIDITY_ONLY,FAILED_AUCTION,STRUCTURAL,FULLY_REJECTED,0,6,-0.048464096119056,-0.0806234058525761
OBJECTIVE_LIQUIDITY_ONLY,PASSIVE_TOUCH,STRUCTURAL,FULLY_REJECTED,0,6,-0.1522817325516213,-0.2234836550237178
OBJECTIVE_LIQUIDITY_ONLY,RECLAIM_PULLBACK,STRUCTURAL,FULLY_REJECTED,0,6,-0.0395721403972908,-0.0934125372123055
OBJECTIVE_LIQUIDITY_ONLY,TOUCH_NEXT_OPEN,VOL_FLOOR_0.25,FULLY_REJECTED,0,6,0.0065814686533061,-0.0478168639792007
OBJECTIVE_LIQUIDITY_ONLY,TOUCH_NEXT_OPEN,VOL_FLOOR_0.50,FULLY_REJECTED,0,6,0.0037136431214909,-0.0463439727821937
OBJECTIVE_LIQUIDITY_ONLY,TOUCH_NEXT_OPEN,VOL_FLOOR_0.75,FULLY_REJECTED,0,6,-0.0008188657542063,-0.0450367941291982
OBJECTIVE_LIQUIDITY_ONLY,TOUCH_NEXT_OPEN,VOL_FLOOR_1.00,FULLY_REJECTED,0,6,-0.0036958990421995,-0.04406921294882
