era,research_trading_date,year,quarter,vol_band,panel_rank_v4,schema,start_utc,end_utc,cost_usd,records,billable_bytes,download_performed
E1_2011_2013,2013-05-29,2013,2,0,1,trades,2013-05-28T21:00:00+00:00,2013-05-29T22:00:00+00:00,0.093203902245,74462,3574176,False
E1_2011_2013,2013-05-29,2013,2,0,1,tbbo,2013-05-28T21:00:00+00:00,2013-05-29T22:00:00+00:00,0.155339837074,74462,5956960,False
E1_2011_2013,2013-05-29,2013,2,0,1,bbo-1s,2013-05-28T21:00:00+00:00,2013-05-29T22:00:00+00:00,0.04741743207,35357,2828560,False
E1_2011_2013,2013-05-29,2013,2,0,1,mbp-1,2013-05-28T21:00:00+00:00,2013-05-29T22:00:00+00:00,0.02936039865,218927,17514160,False
E1_2011_2013,2013-02-07,2013,1,1,1,trades,2013-02-06T22:00:00+00:00,2013-02-07T23:00:00+00:00,0.159545123577,127463,6118224,False
E1_2011_2013,2013-02-07,2013,1,1,1,tbbo,2013-02-06T22:00:00+00:00,2013-02-07T23:00:00+00:00,0.265908539295,127463,10197040,False
E1_2011_2013,2013-02-07,2013,1,1,1,bbo-1s,2013-02-06T22:00:00+00:00,2013-02-07T23:00:00+00:00,0.064358264208,47989,3839120,False
E1_2011_2013,2013-02-07,2013,1,1,1,mbp-1,2013-02-06T22:00:00+00:00,2013-02-07T23:00:00+00:00,0.066892549396,498787,39902960,False
E1_2011_2013,2011-08-05,2011,3,2,2,trades,2011-08-04T21:00:00+00:00,2011-08-05T22:00:00+00:00,0.173969686031,138987,6671376,False
E1_2011_2013,2011-08-05,2011,3,2,2,tbbo,2011-08-04T21:00:00+00:00,2011-08-05T22:00:00+00:00,0.289949476719,138987,11118960,False
E1_2011_2013,2011-08-05,2011,3,2,2,bbo-1s,2011-08-04T21:00:00+00:00,2011-08-05T22:00:00+00:00,0.065708756447,48996,3919680,False
E1_2011_2013,2011-08-05,2011,3,2,2,mbp-1,2011-08-04T21:00:00+00:00,2011-08-05T22:00:00+00:00,0.054595559835,407094,32567520,False
E2_2014_2018,2015-08-06,2015,3,0,2,trades,2015-08-05T21:00:00+00:00,2015-08-06T22:00:00+00:00,0.082414269447,65842,3160416,False
E2_2014_2018,2015-08-06,2015,3,0,2,tbbo,2015-08-05T21:00:00+00:00,2015-08-06T22:00:00+00:00,0.137357115746,65842,5267360,False
E2_2014_2018,2015-08-06,2015,3,0,2,bbo-1s,2015-08-05T21:00:00+00:00,2015-08-06T22:00:00+00:00,0.043824613094,32678,2614240,False
E2_2014_2018,2015-08-06,2015,3,0,2,mbp-1,2015-08-05T21:00:00+00:00,2015-08-06T22:00:00+00:00,0.041869819164,312204,24976320,False
E2_2014_2018,2017-10-31,2017,4,1,1,trades,2017-10-30T21:00:00+00:00,2017-10-31T22:00:00+00:00,0.113488912582,90668,4352064,False
E2_2014_2018,2017-10-31,2017,4,1,1,tbbo,2017-10-30T21:00:00+00:00,2017-10-31T22:00:00+00:00,0.189148187637,90668,7253440,False
E2_2014_2018,2017-10-31,2017,4,1,1,bbo-1s,2017-10-30T21:00:00+00:00,2017-10-31T22:00:00+00:00,0.073205530643,54586,4366880,False
E2_2014_2018,2017-10-31,2017,4,1,1,mbp-1,2017-10-30T21:00:00+00:00,2017-10-31T22:00:00+00:00,0.142771571875,1064582,85166560,False
E2_2014_2018,2018-01-02,2018,1,2,1,trades,2018-01-01T22:00:00+00:00,2018-01-02T23:00:00+00:00,0.109503507614,87484,4199232,False
E2_2014_2018,2018-01-02,2018,1,2,1,tbbo,2018-01-01T22:00:00+00:00,2018-01-02T23:00:00+00:00,0.182505846024,87484,6998720,False
E2_2014_2018,2018-01-02,2018,1,2,1,bbo-1s,2018-01-01T22:00:00+00:00,2018-01-02T23:00:00+00:00,0.077544003725,57821,4625680,False
E2_2014_2018,2018-01-02,2018,1,2,1,mbp-1,2018-01-01T22:00:00+00:00,2018-01-02T23:00:00+00:00,0.133689209819,996859,79748720,False
E3_2019_2022,2019-05-06,2019,2,0,2,trades,2019-05-05T21:00:00+00:00,2019-05-06T22:00:00+00:00,0.113124668598,90377,4338096,False
E3_2019_2022,2019-05-06,2019,2,0,2,tbbo,2019-05-05T21:00:00+00:00,2019-05-06T22:00:00+00:00,0.18854111433,90377,7230160,False
E3_2019_2022,2019-05-06,2019,2,0,2,bbo-1s,2019-05-05T21:00:00+00:00,2019-05-06T22:00:00+00:00,0.073837190866,55057,4404560,False
E3_2019_2022,2019-05-06,2019,2,0,2,mbp-1,2019-05-05T21:00:00+00:00,2019-05-06T22:00:00+00:00,0.145149886608,1082316,86585280,False
E3_2019_2022,2021-01-07,2021,1,1,2,trades,2021-01-06T22:00:00+00:00,2021-01-07T23:00:00+00:00,0.133181869984,106401,5107248,False
E3_2019_2022,2021-01-07,2021,1,1,2,tbbo,2021-01-06T22:00:00+00:00,2021-01-07T23:00:00+00:00,0.221969783306,106401,8512080,False
E3_2019_2022,2021-01-07,2021,1,1,2,bbo-1s,2021-01-06T22:00:00+00:00,2021-01-07T23:00:00+00:00,0.079135894775,59008,4720640,False
E3_2019_2022,2021-01-07,2021,1,1,2,mbp-1,2021-01-06T22:00:00+00:00,2021-01-07T23:00:00+00:00,0.127534881234,950969,76077520,False
E3_2019_2022,2021-09-28,2021,3,2,1,trades,2021-09-27T21:00:00+00:00,2021-09-28T22:00:00+00:00,0.118682205677,94817,4551216,False
E3_2019_2022,2021-09-28,2021,3,2,1,tbbo,2021-09-27T21:00:00+00:00,2021-09-28T22:00:00+00:00,0.197803676128,94817,7585360,False
E3_2019_2022,2021-09-28,2021,3,2,1,bbo-1s,2021-09-27T21:00:00+00:00,2021-09-28T22:00:00+00:00,0.077656656504,57905,4632400,False
E3_2019_2022,2021-09-28,2021,3,2,1,mbp-1,2021-09-27T21:00:00+00:00,2021-09-28T22:00:00+00:00,0.158653065562,1183003,94640240,False
E4_2023_2025,2025-05-21,2025,2,0,1,trades,2025-05-20T21:00:00+00:00,2025-05-21T22:00:00+00:00,0.15496391058,123803,5942544,False
E4_2023_2025,2025-05-21,2025,2,0,1,tbbo,2025-05-20T21:00:00+00:00,2025-05-21T22:00:00+00:00,0.258273184299,123803,9904240,False
E4_2023_2025,2025-05-21,2025,2,0,1,bbo-1s,2025-05-20T21:00:00+00:00,2025-05-21T22:00:00+00:00,0.084791332483,63225,5058000,False
E4_2023_2025,2025-05-21,2025,2,0,1,mbp-1,2025-05-20T21:00:00+00:00,2025-05-21T22:00:00+00:00,0.205549880862,1532691,122615280,False
E4_2023_2025,2024-03-06,2024,1,1,1,trades,2024-03-05T22:00:00+00:00,2024-03-06T23:00:00+00:00,0.15535068512,124112,5957376,False
E4_2023_2025,2024-03-06,2024,1,1,1,tbbo,2024-03-05T22:00:00+00:00,2024-03-06T23:00:00+00:00,0.258917808533,124112,9928960,False
E4_2023_2025,2024-03-06,2024,1,1,1,bbo-1s,2024-03-05T22:00:00+00:00,2024-03-06T23:00:00+00:00,0.07943764329,59233,4738640,False
E4_2023_2025,2024-03-06,2024,1,1,1,mbp-1,2024-03-05T22:00:00+00:00,2024-03-06T23:00:00+00:00,0.288762867451,2153172,172253760,False
E4_2023_2025,2024-12-18,2024,4,2,2,trades,2024-12-17T22:00:00+00:00,2024-12-18T23:00:00+00:00,0.101077079773,80752,3876096,False
E4_2023_2025,2024-12-18,2024,4,2,2,tbbo,2024-12-17T22:00:00+00:00,2024-12-18T23:00:00+00:00,0.168461799622,80752,6460160,False
E4_2023_2025,2024-12-18,2024,4,2,2,bbo-1s,2024-12-17T22:00:00+00:00,2024-12-18T23:00:00+00:00,0.07154121995,53345,4267600,False
E4_2023_2025,2024-12-18,2024,4,2,2,mbp-1,2024-12-17T22:00:00+00:00,2024-12-18T23:00:00+00:00,0.15856616199,1182355,94588400,False
