sample,entry_model,target_r,trades,tp_pct,sl_pct,time_pct,ambiguous_same_bar_pct,avg_gross_R,pf_gross,avg_net_R_legacy22,pf_net_legacy22,avg_net_R_cost1_5x,pf_net_cost1_5x,median_risk_price,median_entry_delay_minutes,median_legacy_commission_R,sum_gross_R,sum_net_R_legacy22,sum_net_R_cost1_5x
DISPLACEMENT_ORIGIN_ONLY,ACCEPTANCE_RETEST,0.5,18,33.33333333333333,66.66666666666666,0.0,33.33333333333333,-0.5000000000000083,0.24999999999998757,-0.7081892975705233,0.136839151536456,-0.8122839463557807,0.09480429648576126,1.0162500000003547,7.5,0.2164851125634685,-9.00000000000015,-12.74740735626942,-14.621111034404054
DISPLACEMENT_ORIGIN_ONLY,ACCEPTANCE_RETEST,1.0,18,33.33333333333333,66.66666666666666,0.0,33.33333333333333,-0.3333333333333333,0.5,-0.5415226309038484,0.3399771287751925,-0.6456172796891059,0.2805348544545071,1.0162500000003547,7.5,0.2164851125634685,-6.0,-9.747407356269273,-11.621111034403906
DISPLACEMENT_ORIGIN_ONLY,ACCEPTANCE_RETEST,1.5,18,27.77777777777778,66.66666666666666,5.555555555555555,33.33333333333333,-0.20201380087310744,0.6969792986903389,-0.41020309844362246,0.5000330339506259,-0.51429774722888,0.4268751546706952,1.0162500000003547,7.5,0.2164851125634685,-3.636248415715934,-7.383655771985205,-9.25735945011984
DISPLACEMENT_ORIGIN_ONLY,ACCEPTANCE_RETEST,2.0,18,27.77777777777778,66.66666666666666,5.555555555555555,33.33333333333333,-0.06312491198422686,0.9053126320236599,-0.2713142095547419,0.6693146816495545,-0.37540885833999943,0.581650619644633,1.0162500000003547,7.5,0.2164851125634685,-1.1362484157160835,-4.883655771985354,-6.757359450119989
DISPLACEMENT_ORIGIN_ONLY,ACCEPTANCE_RETEST,2.5,18,22.22222222222222,72.22222222222221,5.555555555555555,33.33333333333333,-0.11868046753977378,0.8356731987910826,-0.32686976511028887,0.6337136726673832,-0.4309644138955464,0.559103005735833,1.0162500000003547,7.5,0.2164851125634685,-2.136248415715928,-5.883655771985199,-7.757359450119835
DISPLACEMENT_ORIGIN_ONLY,ACCEPTANCE_RETEST,3.0,18,22.22222222222222,72.22222222222221,5.555555555555555,33.33333333333333,-0.007569356428671304,0.9895193526372245,-0.21575865399918637,0.7582234473814807,-0.31985330278444385,0.6727749316273997,1.0162500000003547,7.5,0.2164851125634685,-0.13624841571608348,-3.883655771985355,-5.757359450119989
DISPLACEMENT_ORIGIN_ONLY,CLEAN_REJECTION,0.5,1004,52.589641434262944,22.01195219123506,25.39840637450199,0.099601593625498,-0.0011060719333457042,0.9960245064863867,-0.04909806131193191,0.833907196559578,-0.07309405600122501,0.759837530473668,5.281999999999471,1.0,0.041650895786024864,-1.110496221079087,-49.29445355717964,-73.38643222522991
DISPLACEMENT_ORIGIN_ONLY,CLEAN_REJECTION,1.0,1004,30.1792828685259,28.585657370517932,41.235059760956176,0.0,-0.0010818764976068768,0.996975236650934,-0.049073865876193085,0.8715152116206885,-0.0730698605654862,0.8146454157465757,5.281999999999471,1.0,0.041650895786024864,-1.0862040035973042,-49.27016133969786,-73.36214000774814
DISPLACEMENT_ORIGIN_ONLY,CLEAN_REJECTION,1.5,1004,18.824701195219124,31.673306772908365,49.50199203187251,0.0,-0.007036801317484339,0.9820979789200027,-0.05502879069607054,0.8690943644573598,-0.07902478538536364,0.8179975395683695,5.281999999999471,1.0,0.041650895786024864,-7.0649485227542765,-55.248905858854826,-79.3408845269051
DISPLACEMENT_ORIGIN_ONLY,CLEAN_REJECTION,2.0,1004,12.94820717131474,33.167330677290835,53.884462151394416,0.0,-0.0005987465626018824,0.9985328783309916,-0.04859073594118809,0.8887068097060762,-0.07258673063048121,0.8390626547430305,5.281999999999471,1.0,0.041650895786024864,-0.60114154885229,-48.78509888495284,-72.87707755300313
DISPLACEMENT_ORIGIN_ONLY,CLEAN_REJECTION,2.5,1004,8.764940239043826,34.06374501992032,57.171314741035864,0.0,-0.009885227368705049,0.9763492332972102,-0.05787721674729125,0.8706405926069536,-0.08187321143658438,0.822906281827903,5.281999999999471,1.0,0.041650895786024864,-9.924768278179869,-58.10872561428042,-82.20070428233072
DISPLACEMENT_ORIGIN_ONLY,CLEAN_REJECTION,3.0,1004,6.075697211155378,34.36254980079681,59.561752988047814,0.0,-0.013879916952848036,0.9670708348048163,-0.06187190633143425,0.8629313784505782,-0.08586790102072736,0.8159372230237247,5.281999999999471,1.0,0.041650895786024864,-13.935436620659427,-62.11939395675999,-86.21137262481027
DISPLACEMENT_ORIGIN_ONLY,FAILED_AUCTION,0.5,214,52.336448598130836,46.26168224299065,1.4018691588785046,0.0,-0.1999654175491128,0.5679489668803895,-0.29151361624023386,0.4258810911033985,-0.3372877155857945,0.36410181852426393,2.4849999999999,4.0,0.08854014834969445,-42.792599355510134,-62.383913875410045,-72.17957113536002
DISPLACEMENT_ORIGIN_ONLY,FAILED_AUCTION,1.0,214,36.915887850467286,59.345794392523366,3.7383177570093453,0.0,-0.22186479945164683,0.6288085996892803,-0.31341299814276796,0.5215980111203969,-0.35918709748832855,0.47488835085908143,2.4849999999999,4.0,0.08854014834969445,-47.47906708265242,-67.07038160255235,-76.86603886250231
DISPLACEMENT_ORIGIN_ONLY,FAILED_AUCTION,1.5,214,26.635514018691588,64.95327102803739,8.411214953271028,0.0,-0.2187663870276082,0.6661900718162754,-0.3103145857187293,0.5685345334097508,-0.35608868506428987,0.5261288475497152,2.4849999999999,4.0,0.08854014834969445,-46.816006823908154,-66.40732134380806,-76.20297860375803
DISPLACEMENT_ORIGIN_ONLY,FAILED_AUCTION,2.0,214,20.093457943925234,68.22429906542055,11.682242990654206,0.0,-0.2223736524413919,0.6783576366449828,-0.31392185113251303,0.5860320840527649,-0.3596959504780736,0.5459030832163352,2.4849999999999,4.0,0.08854014834969445,-47.58796162245787,-67.17927614235779,-76.97493340230776
DISPLACEMENT_ORIGIN_ONLY,FAILED_AUCTION,2.5,214,15.42056074766355,70.09345794392523,14.485981308411214,0.0,-0.22267422854258104,0.6864012155264131,-0.31422242723370214,0.5964443533860783,-0.3599965265792628,0.5573266114307341,2.4849999999999,4.0,0.08854014834969445,-47.65228490811234,-67.24359942801226,-77.03925668796224
DISPLACEMENT_ORIGIN_ONLY,FAILED_AUCTION,3.0,214,12.149532710280374,70.56074766355141,17.289719626168225,0.0,-0.2047003513869263,0.7136799669563683,-0.2962485500780474,0.622596387615847,-0.342022649423608,0.5830470074633318,2.4849999999999,4.0,0.08854014834969445,-43.805875196802226,-63.397189716702144,-73.1928469766521
DISPLACEMENT_ORIGIN_ONLY,PASSIVE_TOUCH,0.5,481,54.054054054054056,45.53014553014553,0.4158004158004158,16.839916839916842,-0.19025142590929636,0.5869257184276373,-0.3533351331847874,0.3454219259503567,-0.4348769868225329,0.24972878576066404,1.4299999999998363,3.0,0.15384615384617145,-91.51093586237155,-169.95419906188272,-209.17583066163832
DISPLACEMENT_ORIGIN_ONLY,PASSIVE_TOUCH,1.0,481,38.66943866943867,59.66735966735966,1.6632016632016633,16.632016632016633,-0.21187900319614925,0.6484312325604442,-0.37496271047164026,0.46634030882089755,-0.4565045641093857,0.3934545059725978,1.4299999999998363,3.0,0.15384615384617145,-101.91380053734778,-180.35706373685898,-219.57869533661454
DISPLACEMENT_ORIGIN_ONLY,PASSIVE_TOUCH,1.5,481,31.185031185031185,66.52806652806653,2.2869022869022873,16.008316008316008,-0.201367031580561,0.7009200287431924,-0.364450738856052,0.5363600090802203,-0.4459925924937974,0.4706345973721653,1.4299999999998363,3.0,0.15384615384617145,-96.85754219024983,-175.30080538976102,-214.52243698951656
DISPLACEMENT_ORIGIN_ONLY,PASSIVE_TOUCH,2.0,481,25.571725571725572,70.89397089397089,3.5343035343035343,16.008316008316008,-0.19517645705686637,0.7286554030514908,-0.35826016433235747,0.5733788488705385,-0.43980201797010293,0.5113572454454929,1.4299999999998363,3.0,0.15384615384617145,-93.87987584435272,-172.32313904386393,-211.5447706436195
DISPLACEMENT_ORIGIN_ONLY,PASSIVE_TOUCH,2.5,481,20.79002079002079,74.22037422037423,4.98960498960499,16.008316008316008,-0.20127225398028395,0.7325490827992288,-0.36435596125577485,0.5853105710103076,-0.4458978148935204,0.5265014544120816,1.4299999999998363,3.0,0.15384615384617145,-96.81195416451658,-175.25521736402771,-214.4768489637833
DISPLACEMENT_ORIGIN_ONLY,PASSIVE_TOUCH,3.0,481,17.671517671517673,76.29937629937629,6.029106029106029,16.008316008316008,-0.1943649434341572,0.7486707056162749,-0.35744865070964815,0.6043811672288611,-0.4389905043473937,0.5468040945905753,1.4299999999998363,3.0,0.15384615384617145,-93.4895377918296,-171.93280099134077,-211.15443259109637
DISPLACEMENT_ORIGIN_ONLY,RECLAIM_PULLBACK,0.5,843,50.05931198102017,32.977461447212335,16.9632265717675,2.2538552787663106,-0.11017955187540208,0.7017391093511627,-0.18085150003731512,0.5504725519379227,-0.21618747411827163,0.4838327889137901,3.894000000000233,4.0,0.05649717514123956,-92.88136223096396,-152.45781453145665,-182.246040681703
DISPLACEMENT_ORIGIN_ONLY,RECLAIM_PULLBACK,1.0,843,29.774614472123368,40.569395017793596,29.655990510083036,2.135231316725979,-0.11775499248915053,0.7427481967773556,-0.1884269406510636,0.6230624586749889,-0.22376291473202012,0.5705891671250709,3.894000000000233,4.0,0.05649717514123956,-99.2674586683539,-158.84391096884661,-188.63213711909296
DISPLACEMENT_ORIGIN_ONLY,RECLAIM_PULLBACK,1.5,843,20.284697508896798,44.95848161328588,34.75682087781732,2.135231316725979,-0.1267380356381174,0.7484868795607033,-0.19740998380003047,0.641897665533435,-0.23274595788098704,0.5952896356225205,3.894000000000233,4.0,0.05649717514123956,-106.84016404293297,-166.4166163434257,-196.20484249367206
DISPLACEMENT_ORIGIN_ONLY,RECLAIM_PULLBACK,2.0,843,13.404507710557533,46.619217081850536,39.97627520759193,2.135231316725979,-0.131982749814631,0.7473788673003323,-0.20265469797654406,0.6456781002956782,-0.2379906720575006,0.601324154699091,3.894000000000233,4.0,0.05649717514123956,-111.26145809373394,-170.83791039422664,-200.626136544473
DISPLACEMENT_ORIGIN_ONLY,RECLAIM_PULLBACK,2.5,843,9.015421115065243,48.27995255041518,42.704626334519574,2.135231316725979,-0.15680615518013188,0.709192090034809,-0.22747810334204493,0.6147625924370376,-0.26281407742300145,0.5736175341114409,3.894000000000233,4.0,0.05649717514123956,-132.1875888168512,-191.76404111734388,-221.55226726759022
DISPLACEMENT_ORIGIN_ONLY,RECLAIM_PULLBACK,3.0,843,6.168446026097272,48.754448398576514,45.077105575326215,2.135231316725979,-0.16794160522538204,0.6920966892240897,-0.23861355338729512,0.600587285940342,-0.2739495274682516,0.5607331316899239,3.894000000000233,4.0,0.05649717514123956,-141.57477320499706,-201.15122550548978,-230.9394516557361
DISPLACEMENT_ORIGIN_ONLY,TOUCH_NEXT_OPEN,0.5,1269,55.55555555555556,26.004728132387704,18.439716312056735,0.8668242710795903,-0.01810004504648519,0.9409493134572459,-0.09467435597064854,0.721073655210416,-0.13296151143273024,0.6267471496951842,4.230000000000018,1.0,0.05200945626477519,-22.968957163989707,-120.141757726753,-168.72815800813467
DISPLACEMENT_ORIGIN_ONLY,TOUCH_NEXT_OPEN,1.0,1269,33.17572892040977,34.751773049645394,32.07249802994484,0.5516154452324665,-0.02774278758581432,0.9317194857545584,-0.10431709850997767,0.7678970015680393,-0.14260425397205936,0.6973134274718605,4.230000000000018,1.0,0.05200945626477519,-35.20559744639837,-132.37839800916166,-180.96479829054334
DISPLACEMENT_ORIGIN_ONLY,TOUCH_NEXT_OPEN,1.5,1269,21.98581560283688,38.92828999211978,39.08589440504334,0.4728132387706856,-0.033080823946077254,0.9266747962577249,-0.10965513487024063,0.7804746911089099,-0.1479422903323223,0.7175895131296284,4.230000000000018,1.0,0.05200945626477519,-41.97956558757203,-139.15236615033535,-187.738766431717
DISPLACEMENT_ORIGIN_ONLY,TOUCH_NEXT_OPEN,2.0,1269,15.760441292356187,41.371158392434985,42.868400315208824,0.31520882584712373,-0.039324389418724834,0.9176232647435878,-0.1158987003428882,0.7809987396887399,-0.15418585580496988,0.7223388114714978,4.230000000000018,1.0,0.05200945626477519,-49.90265017236182,-147.07545073512512,-195.66185101650677
DISPLACEMENT_ORIGIN_ONLY,TOUCH_NEXT_OPEN,2.5,1269,11.426319936958235,42.63199369582348,45.94168636721828,0.31520882584712373,-0.043953440016103934,0.9103560528525829,-0.12052775094026728,0.7782595446524726,-0.15881490640234902,0.7216040770320254,4.230000000000018,1.0,0.05200945626477519,-55.776915380435895,-152.94971594319918,-201.5361162245809
DISPLACEMENT_ORIGIN_ONLY,TOUCH_NEXT_OPEN,3.0,1269,8.51063829787234,43.498817966903076,47.99054373522459,0.15760441292356187,-0.05090007436927546,0.8980025142618089,-0.1274743852934388,0.7697716091675424,-0.16576154075552052,0.7148451399461567,4.230000000000018,1.0,0.05200945626477519,-64.59219437461056,-161.76499493737384,-210.35139521875553
DOZ_OBJECTIVE_ONLY,ACCEPTANCE_RETEST,0.5,2,50.0,50.0,0.0,0.0,-0.25,0.5,-0.3778915551685554,0.3226472124337349,-0.4418373327528331,0.24709333432254788,1.7357499999998254,12.0,0.1278915551685554,-0.5,-0.7557831103371108,-0.8836746655056662
DOZ_OBJECTIVE_ONLY,ACCEPTANCE_RETEST,1.0,2,50.0,50.0,0.0,0.0,0.0,1.0,-0.12789155516855538,0.7707604199808958,-0.1918373327528331,0.6731023029324013,1.7357499999998254,12.0,0.1278915551685554,0.0,-0.25578311033711076,-0.3836746655056662
DOZ_OBJECTIVE_ONLY,ACCEPTANCE_RETEST,1.5,2,50.0,50.0,0.0,0.0,0.25,1.5,0.12210844483144467,1.218873627528057,0.0581626672471669,1.0991112715422546,1.7357499999998254,12.0,0.1278915551685554,0.5,0.24421688966288935,0.1163253344943338
DOZ_OBJECTIVE_ONLY,ACCEPTANCE_RETEST,2.0,2,50.0,50.0,0.0,0.0,0.5,2.0,0.3721084448314447,1.6669868350752177,0.3081626672471669,1.5251202401521082,1.7357499999998254,12.0,0.1278915551685554,1.0,0.7442168896628893,0.6163253344943338
DOZ_OBJECTIVE_ONLY,ACCEPTANCE_RETEST,2.5,2,50.0,50.0,0.0,0.0,0.75,2.5,0.6221084448314447,2.115100042622379,0.5581626672471669,1.9511292087619616,1.7357499999998254,12.0,0.1278915551685554,1.5,1.2442168896628893,1.1163253344943338
DOZ_OBJECTIVE_ONLY,ACCEPTANCE_RETEST,3.0,2,50.0,50.0,0.0,0.0,1.0,3.0,0.8721084448314447,2.5632132501695395,0.8081626672471669,2.377138177371815,1.7357499999998254,12.0,0.1278915551685554,2.0,1.7442168896628893,1.6163253344943338
DOZ_OBJECTIVE_ONLY,CLEAN_REJECTION,0.5,17,70.58823529411765,29.411764705882355,0.0,0.0,0.05882352941176478,1.2000000000000002,-0.025966168760835965,0.9188357002243097,-0.06836101784713637,0.7946023380835173,2.6005000000004657,1.0,0.08459911555468587,1.0000000000000013,-0.4414248689342114,-1.1621373034013183
DOZ_OBJECTIVE_ONLY,CLEAN_REJECTION,1.0,17,52.94117647058824,47.05882352941176,0.0,0.0,0.058823529411764705,1.125,-0.025966168760836076,0.9491505605504457,-0.06836101784713643,0.8711817391638141,2.6005000000004657,1.0,0.08459911555468587,1.0,-0.4414248689342133,-1.1621373034013192
DOZ_OBJECTIVE_ONLY,CLEAN_REJECTION,1.5,17,41.17647058823529,52.94117647058824,5.88235294117647,0.0,0.1369299015757121,1.2586453696430118,0.05214020340311131,1.0904267192902184,0.009745354316810987,1.0162369335651018,2.6005000000004657,1.0,0.08459911555468587,2.327808326787106,0.8863834578528923,0.16567102338578676
DOZ_OBJECTIVE_ONLY,CLEAN_REJECTION,2.0,17,35.294117647058826,58.82352941176471,5.88235294117647,0.0,0.16634166628159547,1.2827808326787122,0.08155196810899469,1.1275396959353057,0.03915711902269437,1.058881234087038,2.6005000000004657,1.0,0.08459911555468587,2.827808326787123,1.3863834578529097,0.6656710233858043
DOZ_OBJECTIVE_ONLY,CLEAN_REJECTION,2.5,17,29.411764705882355,64.70588235294117,5.88235294117647,0.0,0.13692990157570697,1.2116189387988199,0.05214020340310619,1.073940100330174,0.009745354316805906,1.01327302044748,2.6005000000004657,1.0,0.08459911555468587,2.3278083267870184,0.8863834578528053,0.1656710233857004
DOZ_OBJECTIVE_ONLY,CLEAN_REJECTION,3.0,17,17.647058823529413,70.58823529411765,11.76470588235294,0.0,-0.013511895895337163,0.9808581474816056,-0.09830159406793794,0.8720749550129311,-0.1406964431542382,0.8240647024998563,2.6005000000004657,1.0,0.08459911555468587,-0.22970223022073177,-1.671127099154945,-2.3918395336220497
DOZ_OBJECTIVE_ONLY,FAILED_AUCTION,0.5,24,70.83333333333334,25.0,4.166666666666666,0.0,0.09940144545043754,1.3901688188674344,0.036102837201253776,1.1331254355887894,0.004453533076661899,1.0159391415754275,3.9342499999997926,2.0,0.05611219781554022,2.385634690810501,0.8664680928300906,0.10688479383988558
DOZ_OBJECTIVE_ONLY,FAILED_AUCTION,1.0,24,50.0,33.33333333333333,16.666666666666664,0.0,0.16982620075673194,1.483345992664578,0.10652759250754819,1.284585202649251,0.07487828838295633,1.194080196097809,3.9342499999997926,2.0,0.05611219781554022,4.0758288181615665,2.5566622201811566,1.7970789211909521
DOZ_OBJECTIVE_ONLY,FAILED_AUCTION,1.5,24,37.5,41.66666666666667,20.833333333333336,0.0,0.19743424485820585,1.454196881849615,0.13413563660902214,1.2892142484647369,0.10248633248443027,1.214251629385524,3.9342499999997926,2.0,0.05611219781554022,4.738421876596941,3.219255278616531,2.4596719796263264
DOZ_OBJECTIVE_ONLY,FAILED_AUCTION,2.0,24,33.33333333333333,45.83333333333333,20.833333333333336,0.0,0.25993424485821565,1.5456729823278095,0.1966356366090319,1.3861961948801538,0.16498633248444003,1.313923480931988,3.9342499999997926,2.0,0.05611219781554022,6.238421876597176,4.719255278616766,3.9596719796265605
DOZ_OBJECTIVE_ONLY,FAILED_AUCTION,2.5,24,29.166666666666668,50.0,20.833333333333336,0.0,0.2807675781915521,1.541999314285596,0.21746896994236842,1.3928971106103327,0.18581966581777656,1.3252914244540897,3.9342499999997926,2.0,0.05611219781554022,6.7384218765972514,5.219255278616842,4.459671979626638
DOZ_OBJECTIVE_ONLY,FAILED_AUCTION,3.0,24,16.666666666666664,54.166666666666664,29.166666666666668,0.0,0.1336894326864259,1.2388639193589943,0.07039082443724216,1.1175085211051123,0.038741520312650324,1.0626179454851563,3.9342499999997926,2.0,0.05611219781554022,3.208546384474222,1.689379786493812,0.9297964875036078
DOZ_OBJECTIVE_ONLY,PASSIVE_TOUCH,0.5,36,47.22222222222222,52.77777777777778,0.0,44.44444444444444,-0.3328062407758749,0.41501829804976204,-0.5278851560189628,0.2134373536223847,-0.6254246136405066,0.134042919342598,1.1902500000005602,0.0,0.18486255390039907,-11.981024667931496,-19.00386561668266,-22.51528609105824
DOZ_OBJECTIVE_ONLY,PASSIVE_TOUCH,1.0,36,41.66666666666667,58.333333333333336,0.0,41.66666666666667,-0.20780624077588078,0.6672293732855028,-0.40288515601896857,0.45163168121724934,-0.5004246136405125,0.36639928250134873,1.1902500000005602,0.0,0.18486255390039907,-7.481024667931708,-14.50386561668287,-18.01528609105845
DOZ_OBJECTIVE_ONLY,PASSIVE_TOUCH,1.5,36,33.33333333333333,66.66666666666666,0.0,38.88888888888889,-0.2078062407758908,0.706408012808564,-0.4028851560189787,0.5148272131090298,-0.5004246136405225,0.4387906235243483,1.1902500000005602,0.0,0.18486255390039907,-7.481024667932068,-14.503865616683232,-18.015286091058808
DOZ_OBJECTIVE_ONLY,PASSIVE_TOUCH,2.0,36,33.33333333333333,66.66666666666666,0.0,38.88888888888889,-0.04113957410921411,0.9418773504114377,-0.23621848935230194,0.715534858800227,-0.3337579469738458,0.625701685709773,1.1902500000005602,0.0,0.18486255390039907,-1.4810246679317078,-8.50386561668287,-12.01528609105845
DOZ_OBJECTIVE_ONLY,PASSIVE_TOUCH,2.5,36,33.33333333333333,66.66666666666666,0.0,36.11111111111111,0.1255270925574626,1.1773466880143113,-0.06955182268562528,0.9162425044914242,-0.16709128030716913,0.8126127478951979,1.1902500000005602,0.0,0.18486255390039907,4.518975332068654,-2.50386561668251,-6.015286091058089
DOZ_OBJECTIVE_ONLY,PASSIVE_TOUCH,3.0,36,30.555555555555557,69.44444444444444,0.0,33.33333333333333,0.18108264811300812,1.246175343054709,-0.013996267130079731,0.9837973817117667,-0.11153572475162364,0.8798040655842374,1.1902500000005602,0.0,0.18486255390039907,6.518975332068292,-0.5038656166828703,-4.015286091058451
DOZ_OBJECTIVE_ONLY,RECLAIM_PULLBACK,0.5,21,57.14285714285714,42.857142857142854,0.0,4.761904761904762,-0.14285714285713094,0.6666666666666945,-0.24391690461155915,0.48651403828972684,-0.29444678548877345,0.40903406713142115,2.4498496090182016,2.0,0.08980143074503537,-2.9999999999997495,-5.122254996842742,-6.183382495264242
DOZ_OBJECTIVE_ONLY,RECLAIM_PULLBACK,1.0,21,38.095238095238095,57.14285714285714,4.761904761904762,4.761904761904762,-0.18946412465658322,0.6684377818509795,-0.29052388641101146,0.5420578482680098,-0.34105376728822573,0.48810930441224687,2.4498496090182016,2.0,0.08980143074503537,-3.9787466177882473,-6.101001614631241,-7.16212911305274
DOZ_OBJECTIVE_ONLY,RECLAIM_PULLBACK,1.5,21,38.095238095238095,57.14285714285714,4.761904761904762,4.761904761904762,0.0010120658196040213,1.0017711151843072,-0.10004769593482427,0.8422984845817318,-0.15057757681203846,0.7739967479406473,2.4498496090182016,2.0,0.08980143074503537,0.021253382211684445,-2.1010016146313095,-3.1621291130528077
DOZ_OBJECTIVE_ONLY,RECLAIM_PULLBACK,2.0,21,33.33333333333333,61.904761904761905,4.761904761904762,4.761904761904762,0.0486311134386549,1.0785579524778273,-0.052428648315773395,0.923601806374095,-0.10295852919298755,0.8570453917143398,2.4498496090182016,2.0,0.08980143074503537,1.0212533822117529,-1.1010016146312414,-2.1621291130527385
DOZ_OBJECTIVE_ONLY,RECLAIM_PULLBACK,2.5,21,28.57142857142857,66.66666666666666,4.761904761904762,4.761904761904762,0.048631113438658176,1.0729466701579873,-0.052428648315770085,0.9289320319747937,-0.10295852919298427,0.8669123337956652,2.4498496090182016,2.0,0.08980143074503537,1.0212533822118217,-1.1010016146311719,-2.1621291130526696
DOZ_OBJECTIVE_ONLY,RECLAIM_PULLBACK,3.0,21,23.809523809523807,71.42857142857143,4.761904761904762,4.761904761904762,0.0010120658196072778,1.0014168921474502,-0.100047695934821,0.8736407121071159,-0.15057757681203515,0.8187720831732394,2.4498496090182016,2.0,0.08980143074503537,0.021253382211752835,-2.101001614631241,-3.162129113052738
DOZ_OBJECTIVE_ONLY,TOUCH_NEXT_OPEN,0.5,44,68.18181818181817,31.818181818181817,0.0,4.545454545454546,0.010684161199635006,1.0323541932737645,-0.12693085154659525,0.6755965077174486,-0.1957383579197104,0.5359445007008797,2.0367432326074777,1.0,0.10803422395283357,0.47010309278394025,-5.584957468050191,-8.612487748467258
DOZ_OBJECTIVE_ONLY,TOUCH_NEXT_OPEN,1.0,44,52.27272727272727,43.18181818181818,4.545454545454546,2.272727272727273,0.08974504469896498,1.2014465853208336,-0.047869968047265246,0.9074546993925676,-0.11667747442038033,0.7890627469166844,2.0367432326074777,1.0,0.10803422395283357,3.948781966754459,-2.106278594079671,-5.133808874496735
DOZ_OBJECTIVE_ONLY,TOUCH_NEXT_OPEN,1.5,44,38.63636363636363,52.27272727272727,9.090909090909092,2.272727272727273,0.10093822164706999,1.1881729287537066,-0.036676791099160236,0.9406636662703001,-0.10548429747227538,0.8399253354402888,2.0367432326074777,1.0,0.10803422395283357,4.441281752471079,-1.6137788083630504,-4.641309088780116
DOZ_OBJECTIVE_ONLY,TOUCH_NEXT_OPEN,2.0,44,34.090909090909086,56.81818181818182,9.090909090909092,2.272727272727273,0.15775640346524747,1.271121270137552,0.02014139071901724,1.030144198307745,-0.04866611565409791,0.9315832583464492,2.0367432326074777,1.0,0.10803422395283357,6.941281752470888,0.8862211916367586,-2.141309088780308
DOZ_OBJECTIVE_ONLY,TOUCH_NEXT_OPEN,2.5,44,29.545454545454547,61.36363636363637,9.090909090909092,2.272727272727273,0.1691200398288723,1.2695908613721973,0.03150502708264207,1.0437212608850401,-0.037302479290473055,0.9513797990486128,2.0367432326074777,1.0,0.10803422395283357,7.441281752470381,1.3862211916362512,-1.6413090887808144
DOZ_OBJECTIVE_ONLY,TOUCH_NEXT_OPEN,3.0,44,29.545454545454547,61.36363636363637,9.090909090909092,2.272727272727273,0.31684731255615656,1.5050799420453855,0.17923229980992633,1.2487305317484705,0.1104247934368112,1.1439281181582044,2.0367432326074777,1.0,0.10803422395283357,13.94128175247089,7.886221191636759,4.858690911219693
MEMORY_ONLY,ACCEPTANCE_RETEST,0.5,40,45.0,55.00000000000001,0.0,0.0,-0.325,0.4090909090909091,-0.42110976172163317,0.30234648333365755,-0.4691646425824498,0.25578222814858925,2.3299999999994725,7.0,0.09443625644806876,-13.0,-16.844390468865328,-18.76658570329799
MEMORY_ONLY,ACCEPTANCE_RETEST,1.0,40,37.5,62.5,0.0,0.0,-0.25,0.6,-0.34610976172163316,0.4952964955591235,-0.39416464258244976,0.4496081342310705,2.3299999999994725,7.0,0.09443625644806876,-10.0,-13.844390468865326,-15.76658570329799
MEMORY_ONLY,ACCEPTANCE_RETEST,1.5,40,32.5,67.5,0.0,0.0,-0.1875,0.7222222222222222,-0.2836097617216332,0.6169426831648881,-0.33166464258244976,0.5709810974328497,2.3299999999994725,7.0,0.09443625644806876,-7.5,-11.344390468865328,-13.266585703297991
MEMORY_ONLY,ACCEPTANCE_RETEST,2.0,40,27.500000000000004,67.5,5.0,0.0,-0.05916733070340328,0.9123446952542174,-0.15527709242503634,0.7902751089059037,-0.203331973285853,0.7369835404923389,2.3299999999994725,7.0,0.09443625644806876,-2.366693228136131,-6.211083697001454,-8.13327893143412
MEMORY_ONLY,ACCEPTANCE_RETEST,2.5,40,20.0,67.5,12.5,0.0,-0.06900615729969281,0.8988688601857378,-0.16511591902132597,0.7797947100750962,-0.2131707998821426,0.7279489673452791,2.3299999999994725,7.0,0.09443625644806876,-2.7602462919877127,-6.6046367608530385,-8.526831995285704
MEMORY_ONLY,ACCEPTANCE_RETEST,3.0,40,17.5,70.0,12.5,0.0,-0.06900615729969281,0.9024431902711229,-0.165115919021326,0.7875885876677716,-0.2131707998821426,0.7375837997325619,2.3299999999994725,7.0,0.09443625644806876,-2.7602462919877127,-6.604636760853039,-8.526831995285704
MEMORY_ONLY,CLEAN_REJECTION,0.5,661,54.76550680786687,41.14977307110439,4.084720121028744,0.30257186081694404,-0.15107861287743174,0.6449904037971605,-0.2261894488998834,0.5079384043105053,-0.26374486691110927,0.4467995673266182,2.8961629358245773,1.0,0.07596257699408855,-99.86296311198238,-149.51122572282293,-174.3353570282432
MEMORY_ONLY,CLEAN_REJECTION,1.0,661,36.91376701966717,53.70650529500757,9.379727685325264,0.0,-0.17606724095526247,0.6838431138294954,-0.2511780769777141,0.5828305750761805,-0.28873349498893996,0.5378785935335749,2.8961629358245773,1.0,0.07596257699408855,-116.3804462714285,-166.02870888226903,-190.8528401876893
MEMORY_ONLY,CLEAN_REJECTION,1.5,661,27.53403933434191,57.94251134644478,14.523449319213313,0.0,-0.15444124142281618,0.7437284635590096,-0.22955207744526782,0.6478347054377721,-0.26710749545649365,0.6051975295058709,2.8961629358245773,1.0,0.07596257699408855,-102.08566058048149,-151.73392319132202,-176.5580544967423
MEMORY_ONLY,CLEAN_REJECTION,2.0,661,20.726172465960666,61.11951588502269,18.15431164901664,0.0,-0.15196948483976547,0.7608880036692267,-0.2270803208622171,0.6696242794761769,-0.26463573887344294,0.6290333902102171,2.8961629358245773,1.0,0.07596257699408855,-100.45182947908498,-150.1000920899255,-174.9242233953458
MEMORY_ONLY,CLEAN_REJECTION,2.5,661,14.22087745839637,62.32980332829047,23.44931921331316,0.0,-0.15214038652345288,0.7653816893710531,-0.22725122254590452,0.6760160696350932,-0.2648066405571303,0.6362802979043327,2.8961629358245773,1.0,0.07596257699408855,-100.56479549200236,-150.2130581028429,-175.03718940826315
MEMORY_ONLY,CLEAN_REJECTION,3.0,661,9.984871406959153,62.93494704992436,27.08018154311649,0.0,-0.15706173679652713,0.7604309718316067,-0.23217257281897882,0.6726031207251936,-0.26972799083020454,0.6335516120570986,2.8961629358245773,1.0,0.07596257699408855,-103.81780802250444,-153.466070633345,-178.29020193876522
MEMORY_ONLY,FAILED_AUCTION,0.5,142,56.33802816901409,39.436619718309856,4.225352112676056,0.7042253521126761,-0.12560977600474488,0.6926214751347015,-0.18539538665104552,0.5733660651574907,-0.2152881919741958,0.5189159558625951,3.606999999999971,8.0,0.060992533306893526,-17.836588192673773,-26.326144904448462,-30.570923260335803
MEMORY_ONLY,FAILED_AUCTION,1.0,142,39.436619718309856,52.112676056338024,8.450704225352112,0.7042253521126761,-0.13750603726383703,0.7467967663803771,-0.19729164791013765,0.6587862313415176,-0.22718445323328795,0.6186741886294113,3.606999999999971,8.0,0.060992533306893526,-19.52585729146486,-28.015414003239545,-32.26019235912689
MEMORY_ONLY,FAILED_AUCTION,1.5,142,29.577464788732392,57.04225352112676,13.380281690140844,0.0,-0.10561695791642471,0.8217379620353631,-0.1654025685627253,0.7378613839537564,-0.19529537388587564,0.6996471359988151,3.606999999999971,8.0,0.060992533306893526,-14.997608024132308,-23.487164735906994,-27.731943091794342
MEMORY_ONLY,FAILED_AUCTION,2.0,142,22.535211267605636,59.859154929577464,17.6056338028169,0.0,-0.08288769991812818,0.8664502818685204,-0.1426733105644288,0.784069817665445,-0.17256611588757909,0.7465177980824572,3.606999999999971,8.0,0.060992533306893526,-11.770053388374201,-20.25961010014889,-24.50438845603623
MEMORY_ONLY,FAILED_AUCTION,2.5,142,12.676056338028168,63.38028169014085,23.943661971830984,0.0,-0.1824417520525301,0.7218289587146608,-0.24222736269883077,0.6529836189459216,-0.2721201680219811,0.6215886314101055,3.606999999999971,8.0,0.060992533306893526,-25.906728791459276,-34.39628550323397,-38.64106385912131
MEMORY_ONLY,FAILED_AUCTION,3.0,142,8.450704225352112,64.7887323943662,26.76056338028169,0.0,-0.235196679540497,0.6493363357686817,-0.29498229018679756,0.5869134570977336,-0.32487509550994786,0.5584619041122606,3.606999999999971,8.0,0.060992533306893526,-33.39792849475057,-41.887485206525255,-46.1322635624126
MEMORY_ONLY,PASSIVE_TOUCH,0.5,572,45.97902097902098,53.84615384615385,0.17482517482517482,19.055944055944053,-0.3532087616115063,0.3942609852210586,-0.49511123735242124,0.24934577343997358,-0.5660624752228787,0.18879854677284202,1.5540000000000873,3.0,0.14157014157013362,-202.0354116417816,-283.20362776558494,-323.7877358274866
MEMORY_ONLY,PASSIVE_TOUCH,1.0,572,35.83916083916084,63.11188811188811,1.048951048951049,18.88111888111888,-0.319220748726645,0.529333227324457,-0.46112322446755993,0.40022449343278244,-0.5320744623380173,0.3465125858412763,1.5540000000000873,3.0,0.14157014157013362,-182.59426827164094,-263.7624843954443,-304.3465924573459
MEMORY_ONLY,PASSIVE_TOUCH,1.5,572,28.146853146853147,69.75524475524476,2.097902097902098,18.88111888111888,-0.3153430268622316,0.5767895805476616,-0.45724550260314645,0.45920692521170187,-0.528196740473604,0.4104011838212797,1.5540000000000873,3.0,0.14157014157013362,-180.37621136519647,-261.54442748899976,-302.12853555090146
MEMORY_ONLY,PASSIVE_TOUCH,2.0,572,21.153846153846153,75.87412587412588,2.972027972027972,19.055944055944053,-0.36718512220122734,0.5447843304801159,-0.5090875979421423,0.4444944883046794,-0.5800388358125997,0.40294882501469237,1.5540000000000873,3.0,0.14157014157013362,-210.02988989910205,-291.1981060229054,-331.78221408480704
MEMORY_ONLY,PASSIVE_TOUCH,2.5,572,16.95804195804196,79.02097902097903,4.020979020979021,18.88111888111888,-0.38481127197716686,0.5408715246708505,-0.5267137477180818,0.44716955572488526,-0.5976649855885393,0.4083842355455893,1.5540000000000873,3.0,0.14157014157013362,-220.11204757093944,-301.28026369474276,-341.86437175664446
MEMORY_ONLY,PASSIVE_TOUCH,3.0,572,14.51048951048951,80.41958041958041,5.06993006993007,18.88111888111888,-0.37097761423478337,0.5646416863995831,-0.5128800899756982,0.4706381665941074,-0.5838313278461558,0.43173728668789135,1.5540000000000873,3.0,0.14157014157013362,-212.1991953422961,-293.3674114660994,-333.9515195280011
MEMORY_ONLY,RECLAIM_PULLBACK,0.5,608,55.26315789473685,42.92763157894737,1.8092105263157896,1.644736842105263,-0.15781698425965782,0.6373054886839261,-0.24887042126203998,0.47647594610138605,-0.29439713976323106,0.4059375535327642,2.394005609375654,4.0,0.09189644819295276,-95.95272642987194,-151.31321612732032,-178.9934609760445
MEMORY_ONLY,RECLAIM_PULLBACK,1.0,608,37.82894736842105,57.73026315789473,4.440789473684211,1.644736842105263,-0.19849709302875967,0.6606611272431895,-0.2895505300311418,0.5473720085063009,-0.33507724853233295,0.4978449159660732,2.394005609375654,4.0,0.09189644819295276,-120.68623256148588,-176.0467222589342,-203.72696710765842
MEMORY_ONLY,RECLAIM_PULLBACK,1.5,608,27.631578947368425,64.63815789473685,7.730263157894737,1.4802631578947367,-0.21812488145967013,0.6681198713285017,-0.3091783184620523,0.5700506180174278,-0.3547050369632434,0.527219942720609,2.394005609375654,4.0,0.09189644819295276,-132.61992792747944,-187.98041762492778,-215.660662473652
MEMORY_ONLY,RECLAIM_PULLBACK,2.0,608,22.203947368421055,67.26973684210526,10.526315789473683,1.4802631578947367,-0.19226302226724867,0.719168272603463,-0.2833164592696309,0.6219371238915637,-0.32884317777082195,0.5795171359558885,2.394005609375654,4.0,0.09189644819295276,-116.8959175384872,-172.25640723593557,-199.93665208465976
MEMORY_ONLY,RECLAIM_PULLBACK,2.5,608,16.447368421052634,69.73684210526315,13.815789473684212,1.4802631578947367,-0.2014075817376964,0.7160438216763785,-0.2924610187400786,0.623233887251542,-0.3379877372412697,0.5827316949904351,2.394005609375654,4.0,0.09189644819295276,-122.45580969651941,-177.8162993939678,-205.49654424269195
MEMORY_ONLY,RECLAIM_PULLBACK,3.0,608,13.322368421052634,71.38157894736842,15.296052631578947,1.4802631578947367,-0.2069353802097835,0.7148623125463467,-0.2979888172121657,0.6247518699399467,-0.3435155357133568,0.5854185908041039,2.394005609375654,4.0,0.09189644819295276,-125.81671116754836,-181.17720086499673,-208.85744571372092
MEMORY_ONLY,TOUCH_NEXT_OPEN,0.5,934,53.64025695931478,43.25481798715203,3.1049250535331905,1.9271948608137044,-0.23126248756597595,0.5372348396119055,-0.3698593278929337,0.37051489362927315,-0.43915774805641256,0.30485171222989826,2.5393704753241764,1.0,0.08663564933164858,-215.99916338662155,-345.4486122520001,-410.17333668468933
MEMORY_ONLY,TOUCH_NEXT_OPEN,1.0,934,37.3661670235546,56.102783725910065,6.5310492505353315,0.9635974304068522,-0.24794706082343865,0.6071110292451684,-0.38654390115039644,0.4719018670769484,-0.4558423213138752,0.4173971406678891,2.5393704753241764,1.0,0.08663564933164858,-231.5825548090917,-361.0320036744703,-425.75672810715946
MEMORY_ONLY,TOUCH_NEXT_OPEN,1.5,934,27.40899357601713,61.9914346895075,10.599571734475374,0.7494646680942184,-0.2559784993629196,0.6311057636086047,-0.39457533968987735,0.5080924781228412,-0.46387375985335616,0.4582940008504801,2.5393704753241764,1.0,0.08663564933164858,-239.0839184049669,-368.5333672703454,-433.25809170303467
MEMORY_ONLY,TOUCH_NEXT_OPEN,2.0,934,21.306209850107066,65.31049250535332,13.383297644539615,0.5353319057815845,-0.2519940805463062,0.654253411881355,-0.39059092087326386,0.5353601449697558,-0.4598893410367427,0.48707486415768086,2.5393704753241764,1.0,0.08663564933164858,-235.36247123024995,-364.81192009562847,-429.5366445283177
MEMORY_ONLY,TOUCH_NEXT_OPEN,2.5,934,15.952890792291221,66.91648822269806,17.130620985010705,0.4282655246252677,-0.24617149196262827,0.6697749877676167,-0.3847683322895859,0.5521482838132662,-0.45406675245306477,0.5043243436809065,2.5393704753241764,1.0,0.08663564933164858,-229.9241734930948,-359.37362235847326,-424.0983467911625
MEMORY_ONLY,TOUCH_NEXT_OPEN,3.0,934,11.45610278372591,68.4154175588865,20.12847965738758,0.4282655246252677,-0.26884085413925346,0.6469837454759714,-0.40743769446621125,0.5355192988429678,-0.4767361146296901,0.4901673143278844,2.5393704753241764,1.0,0.08663564933164858,-251.09735776606274,-380.5468066314413,-445.27153106413056
OBJECTIVE_LIQUIDITY_ONLY,ACCEPTANCE_RETEST,0.5,58,44.827586206896555,53.44827586206896,1.7241379310344827,13.793103448275861,-0.3127663875883523,0.4174634534685805,-0.40676983961787794,0.3094645751725937,-0.45377156563264076,0.26233331662023696,2.330000000000382,8.0,0.09442234011198004,-18.140450480124432,-23.59265069783692,-26.318750806693163
OBJECTIVE_LIQUIDITY_ONLY,ACCEPTANCE_RETEST,1.0,58,36.206896551724135,62.06896551724138,1.7241379310344827,13.793103448275861,-0.26104224965731965,0.5810663597441587,-0.3550457016868453,0.4806074282381118,-0.4020474277016081,0.4367604157144398,2.330000000000382,8.0,0.09442234011198004,-15.14045048012454,-20.592650697837026,-23.31875080669327
OBJECTIVE_LIQUIDITY_ONLY,ACCEPTANCE_RETEST,1.5,58,27.586206896551722,68.96551724137932,3.4482758620689653,13.793103448275861,-0.267243233100615,0.6138531746794791,-0.3612466851301405,0.5233271082297336,-0.40824841114490334,0.4837115471474623,2.330000000000382,8.0,0.09442234011198004,-15.500107519835668,-20.95230773754815,-23.678407846404394
OBJECTIVE_LIQUIDITY_ONLY,ACCEPTANCE_RETEST,2.0,58,22.413793103448278,74.13793103448276,3.4482758620689653,13.793103448275861,-0.2844846124109583,0.6175258409172748,-0.3784880644404839,0.5349125692372911,-0.4254897904552467,0.49871565881782676,2.330000000000382,8.0,0.09442234011198004,-16.50010751983558,-21.952307737548065,-24.67840784640431
OBJECTIVE_LIQUIDITY_ONLY,ACCEPTANCE_RETEST,2.5,58,15.517241379310345,79.3103448275862,5.172413793103448,13.793103448275861,-0.37347284633455585,0.5305328651540775,-0.46747629836408144,0.4630035769517406,-0.5144780243788442,0.43342289332761064,2.330000000000382,8.0,0.09442234011198004,-21.66142508740424,-27.113625305116724,-29.839725413972964
OBJECTIVE_LIQUIDITY_ONLY,ACCEPTANCE_RETEST,3.0,58,15.517241379310345,79.3103448275862,5.172413793103448,13.793103448275861,-0.29588663943800414,0.6280611717305038,-0.38989009146752973,0.5521279148639099,-0.4368918174822925,0.5188659376135296,2.330000000000382,8.0,0.09442234011198004,-17.16142508740424,-22.613625305116724,-25.339725413972964
OBJECTIVE_LIQUIDITY_ONLY,CLEAN_REJECTION,0.5,1529,57.09614126880314,32.63570961412688,10.26814911706998,0.13080444735120994,-0.06049618365859638,0.8276398214437068,-0.13301724418955846,0.6500179904854801,-0.1692777744550395,0.57124138928417,2.987000000000535,1.0,0.07365249414126569,-92.49866481399387,-203.3833663658349,-258.8257171417554
OBJECTIVE_LIQUIDITY_ONLY,CLEAN_REJECTION,1.0,1529,37.148463047743626,44.408109875735775,18.443427076520603,0.13080444735120994,-0.07367647189071502,0.8450822362407518,-0.1461975324216771,0.7161129502773041,-0.1824580626871581,0.6589469572392088,2.987000000000535,1.0,0.07365249414126569,-112.65132552090327,-223.53602707274428,-278.97837784866476
OBJECTIVE_LIQUIDITY_ONLY,CLEAN_REJECTION,1.5,1529,24.9836494440811,49.90189666448659,25.11445389143231,0.06540222367560497,-0.09266289780944958,0.8265259685752243,-0.16518395834041166,0.7146187375163928,-0.2014444886058927,0.6651047789460492,2.987000000000535,1.0,0.07365249414126569,-141.6815707506484,-252.56627230248944,-308.0086230784099
OBJECTIVE_LIQUIDITY_ONLY,CLEAN_REJECTION,2.0,1529,17.331589274035316,52.125572269457166,30.54283845650752,0.06540222367560497,-0.09920537084119933,0.8223989056534907,-0.1717264313721614,0.7163214228913726,-0.20798696163764246,0.6694244881651354,2.987000000000535,1.0,0.07365249414126569,-151.68501201619378,-262.5697135680348,-318.01206434395533
OBJECTIVE_LIQUIDITY_ONLY,CLEAN_REJECTION,2.5,1529,13.342053629823415,53.302812295618054,33.355134074558535,0.06540222367560497,-0.08791069332020658,0.8460909285073057,-0.16043175385116865,0.7408644786048129,-0.19669228411664968,0.6943368407304275,2.987000000000535,1.0,0.07365249414126569,-134.41545008659585,-245.30015163843686,-300.7425024143574
OBJECTIVE_LIQUIDITY_ONLY,CLEAN_REJECTION,3.0,1529,9.941137998691955,54.15304120340092,35.905820797907126,0.06540222367560497,-0.08677357423003901,0.8504002547289299,-0.15929463476100109,0.7466633750928079,-0.19555516502648213,0.7008058013209921,2.987000000000535,1.0,0.07365249414126569,-132.67679499772964,-243.56149654957068,-299.00384732549117
OBJECTIVE_LIQUIDITY_ONLY,FAILED_AUCTION,0.5,475,56.84210526315789,38.315789473684205,4.842105263157895,0.0,-0.11198399737701421,0.7180129399175641,-0.1653167889525666,0.606500030616703,-0.19198318474034276,0.5551992122722337,4.112217882756795,5.0,0.05349911076514115,-53.19239875408175,-78.52547475246914,-91.19201275166282
OBJECTIVE_LIQUIDITY_ONLY,FAILED_AUCTION,1.0,475,36.0,52.84210526315789,11.157894736842106,0.21052631578947367,-0.166123803588115,0.69629629323454,-0.2194565951636674,0.6209906538180545,-0.24612299095144355,0.586399503965875,4.112217882756795,5.0,0.05349911076514115,-78.90880670435462,-104.241882702742,-116.90842070193568
OBJECTIVE_LIQUIDITY_ONLY,FAILED_AUCTION,1.5,475,26.31578947368421,59.15789473684211,14.526315789473685,0.21052631578947367,-0.17158736050045928,0.7187788132266026,-0.22492015207601165,0.651850769907432,-0.2515865478637878,0.6211201222286913,4.112217882756795,5.0,0.05349911076514115,-81.50399623771816,-106.83707223610554,-119.50361023529922
OBJECTIVE_LIQUIDITY_ONLY,FAILED_AUCTION,2.0,475,19.789473684210527,60.21052631578947,20.0,0.21052631578947367,-0.14141459771070972,0.773340999558662,-0.19474738928626212,0.7052260136045303,-0.22141378507403828,0.6739659365811659,4.112217882756795,5.0,0.05349911076514115,-67.17193391258712,-92.50500991097451,-105.17154791016819
OBJECTIVE_LIQUIDITY_ONLY,FAILED_AUCTION,2.5,475,14.736842105263156,61.26315789473684,24.0,0.21052631578947367,-0.1436834616145245,0.7740917902682479,-0.1970162531900769,0.7076433270186676,-0.22368264897785303,0.6771738513404558,4.112217882756795,5.0,0.05349911076514115,-68.24964426689914,-93.58272026528653,-106.24925826448019
OBJECTIVE_LIQUIDITY_ONLY,FAILED_AUCTION,3.0,475,9.894736842105264,61.68421052631579,28.421052631578945,0.21052631578947367,-0.14798136798315023,0.7689259204881158,-0.2013141595587026,0.7033647012058171,-0.22798055534647876,0.6733108574812877,4.112217882756795,5.0,0.05349911076514115,-70.29114979199636,-95.62422579038373,-108.29076378957741
OBJECTIVE_LIQUIDITY_ONLY,PASSIVE_TOUCH,0.5,1335,48.01498127340824,51.08614232209738,0.8988764044943821,24.19475655430712,-0.3072753120263214,0.43896248015772044,-0.44669198148413525,0.2796592374378697,-0.5164003162130423,0.21319116052002232,1.5540000000000873,2.0,0.14157014157013362,-410.21254155513907,-596.3337952813206,-689.3944221444115
OBJECTIVE_LIQUIDITY_ONLY,PASSIVE_TOUCH,1.0,1335,36.554307116104866,61.87265917602996,1.5730337078651686,23.745318352059925,-0.28851763969338917,0.560230321657527,-0.42793430915120323,0.42457967412527825,-0.49764264388011004,0.3680857010034269,1.5540000000000873,2.0,0.14157014157013362,-385.17104899067454,-571.2923027168563,-664.3529295799469
OBJECTIVE_LIQUIDITY_ONLY,PASSIVE_TOUCH,1.5,1335,29.063670411985022,68.31460674157303,2.6217228464419478,23.520599250936332,-0.2765383589087867,0.6165078535521631,-0.41595502836660053,0.49146373575205987,-0.48566336309550756,0.43943341604934094,1.5540000000000873,2.0,0.14157014157013362,-369.17870914323026,-555.2999628694117,-648.3605897325026
OBJECTIVE_LIQUIDITY_ONLY,PASSIVE_TOUCH,2.0,1335,23.44569288389513,73.03370786516854,3.5205992509363293,23.295880149812735,-0.2836766598219995,0.6308144008918302,-0.42309332927981347,0.5147441438723531,-0.49280166400872044,0.46647284293881475,1.5540000000000873,2.0,0.14157014157013362,-378.70834086236937,-564.829594588551,-657.8902214516418
OBJECTIVE_LIQUIDITY_ONLY,PASSIVE_TOUCH,2.5,1335,19.325842696629213,76.32958801498127,4.344569288389513,23.295880149812735,-0.2952813070286871,0.6317261622682114,-0.4346979764865011,0.5223273454768634,-0.504406311215408,0.4768462031304473,1.5540000000000873,2.0,0.14157014157013362,-394.2005448832973,-580.321798609479,-673.3824254725697
OBJECTIVE_LIQUIDITY_ONLY,PASSIVE_TOUCH,3.0,1335,16.254681647940075,78.57677902621722,5.168539325842696,23.370786516853933,-0.30556020273411705,0.6295871008522655,-0.44497687219193105,0.524811738056562,-0.5146852069208379,0.4812660897666354,1.5540000000000873,2.0,0.14157014157013362,-407.92287065004626,-594.044124376228,-687.1047512393186
OBJECTIVE_LIQUIDITY_ONLY,RECLAIM_PULLBACK,0.5,1419,54.052149400986615,41.78999295278365,4.157857646229739,2.255109231853418,-0.15402757432310943,0.6389446642340934,-0.2393214897876558,0.4854405718202391,-0.281968447519929,0.4179307672924409,2.444499999999607,4.0,0.08999795459195556,-218.56512796449226,-339.5971940086836,-400.1132270307793
OBJECTIVE_LIQUIDITY_ONLY,RECLAIM_PULLBACK,1.0,1419,38.6892177589852,52.29034531360113,9.020436927413671,2.3255813953488373,-0.13292819483336993,0.7517872093758716,-0.21822211029791633,0.6264446904500237,-0.2608690680301895,0.571377236740742,2.444499999999607,4.0,0.08999795459195556,-188.62510846855193,-309.65717451274327,-370.17320753483887
OBJECTIVE_LIQUIDITY_ONLY,RECLAIM_PULLBACK,1.5,1419,27.554615926708948,59.19661733615222,13.248766737138832,2.3255813953488373,-0.15363808254886546,0.74669553321206,-0.2389319980134118,0.6390343508452249,-0.28157895574568503,0.5918274657014556,2.444499999999607,4.0,0.08999795459195556,-218.01243913684007,-339.04450518103135,-399.56053820312707
OBJECTIVE_LIQUIDITY_ONLY,RECLAIM_PULLBACK,2.0,1419,21.141649048625794,62.29739252995067,16.56095842142354,2.255109231853418,-0.1505660586900438,0.7642847297262216,-0.23585997415459015,0.661750409268655,-0.2785069318868634,0.6168170559710017,2.444499999999607,4.0,0.08999795459195556,-213.65323728117215,-334.6853033253634,-395.2013363474591
OBJECTIVE_LIQUIDITY_ONLY,RECLAIM_PULLBACK,2.5,1419,16.842847075405214,64.2706131078224,18.886539816772373,2.255109231853418,-0.14319146185391074,0.7825662852518673,-0.22848537731845706,0.6822251581110473,-0.27113233505073026,0.6382647749915895,2.444499999999607,4.0,0.08999795459195556,-203.18868437069932,-324.2207504148906,-384.73678343698623
OBJECTIVE_LIQUIDITY_ONLY,RECLAIM_PULLBACK,3.0,1419,12.4031007751938,65.96194503171247,21.634954193093726,2.255109231853418,-0.1684055754577543,0.7507076892547063,-0.2536994909223007,0.6560764211346711,-0.2963464486545739,0.6146390922934801,2.444499999999607,4.0,0.08999795459195556,-238.96751157455336,-359.9995776187447,-420.51561064084035
OBJECTIVE_LIQUIDITY_ONLY,TOUCH_NEXT_OPEN,0.5,2235,56.95749440715884,35.033557046979865,8.008948545861298,1.9239373601789709,-0.11526990404229001,0.7146247827372434,-0.22714548180241148,0.5087754238700978,-0.2830832706824722,0.42454001913801737,2.6190000000005966,1.0,0.08400152730047723,-257.6282355345182,-507.67015182838963,-632.6911099753254
OBJECTIVE_LIQUIDITY_ONLY,TOUCH_NEXT_OPEN,1.0,2235,38.92617449664429,46.97986577181208,14.093959731543624,1.4317673378076063,-0.11647267905349805,0.7795139519112041,-0.22834825681361953,0.6186503279790726,-0.28428604569368027,0.55178902095477,2.6190000000005966,1.0,0.08400152730047723,-260.31643768456814,-510.35835397843965,-635.3793121253753
OBJECTIVE_LIQUIDITY_ONLY,TOUCH_NEXT_OPEN,1.5,2235,27.024608501118568,54.00447427293065,18.970917225950785,1.029082774049217,-0.1440589341510937,0.7601011819063832,-0.2559345119112152,0.6228362745804072,-0.31187230079127587,0.5655779697915101,2.6190000000005966,1.0,0.08400152730047723,-321.9717178276944,-572.0136341215659,-697.0345922685016
OBJECTIVE_LIQUIDITY_ONLY,TOUCH_NEXT_OPEN,2.0,2235,20.447427293064877,56.82326621923938,22.729306487695748,0.7606263982102908,-0.14110096486869783,0.7760801523166468,-0.25297654262881925,0.6443418174200076,-0.30891433150888,0.5893406584370595,2.6190000000005966,1.0,0.08400152730047723,-315.36065648153965,-565.402572775411,-690.4235309223468
OBJECTIVE_LIQUIDITY_ONLY,TOUCH_NEXT_OPEN,2.5,2235,15.615212527964207,59.06040268456376,25.324384787472038,0.7158836689038032,-0.15173943645750343,0.7679267899272877,-0.26361501421762484,0.6427436422318149,-0.3195528030976856,0.590467568106347,2.6190000000005966,1.0,0.08400152730047723,-339.13764048252017,-589.1795567763916,-714.2005149233273
OBJECTIVE_LIQUIDITY_ONLY,TOUCH_NEXT_OPEN,3.0,2235,11.722595078299776,60.62639821029083,27.651006711409398,0.6263982102908278,-0.16878720903743707,0.7480897224877658,-0.2806627867975585,0.6288661954036231,-0.33660057567761925,0.5791091311096798,2.6190000000005966,1.0,0.08400152730047723,-377.23941219867186,-627.2813284925433,-752.302286639479
