research_trading_date,year,quarter,vol_band,panel_rank_v4,era,schema,cost_usd
2011-02-28,2011,1,0,1,E1_2011_2013,trades,0.092511713505
2011-02-28,2011,1,0,1,E1_2011_2013,tbbo,0.154186189175
2011-03-22,2011,1,0,2,E1_2011_2013,trades,0.084905147552
2011-03-22,2011,1,0,2,E1_2011_2013,tbbo,0.141508579254
2011-03-23,2011,1,1,1,E1_2011_2013,trades,0.090841948986
2011-03-23,2011,1,1,1,E1_2011_2013,tbbo,0.15140324831
2011-01-25,2011,1,1,2,E1_2011_2013,trades,0.136650323868
2011-01-25,2011,1,1,2,E1_2011_2013,tbbo,0.22775053978
2011-01-20,2011,1,2,1,E1_2011_2013,trades,0.167882680893
2011-01-20,2011,1,2,1,E1_2011_2013,tbbo,0.279804468155
2011-01-04,2011,1,2,2,E1_2011_2013,trades,0.15946751833
2011-01-04,2011,1,2,2,E1_2011_2013,tbbo,0.265779197216
2011-04-21,2011,2,0,1,E1_2011_2013,trades,0.099871695042
2011-04-21,2011,2,0,1,E1_2011_2013,tbbo,0.166452825069
2011-04-22,2011,2,0,2,E1_2011_2013,trades,0.000122666359
2011-04-22,2011,2,0,2,E1_2011_2013,tbbo,0.000204443932
2011-06-01,2011,2,1,1,E1_2011_2013,trades,0.122133135796
2011-06-01,2011,2,1,1,E1_2011_2013,tbbo,0.203555226326
2011-06-02,2011,2,1,2,E1_2011_2013,trades,0.122229516506
2011-06-02,2011,2,1,2,E1_2011_2013,tbbo,0.203715860844
2011-04-05,2011,2,2,1,E1_2011_2013,trades,0.128002345562
2011-04-05,2011,2,2,1,E1_2011_2013,tbbo,0.213337242603
2011-06-24,2011,2,2,2,E1_2011_2013,trades,0.146655142307
2011-06-24,2011,2,2,2,E1_2011_2013,tbbo,0.244425237179
2011-07-04,2011,3,0,1,E1_2011_2013,trades,0.017391085625
2011-07-04,2011,3,0,1,E1_2011_2013,tbbo,0.028985142708
2011-07-07,2011,3,0,2,E1_2011_2013,trades,0.08273345232
2011-07-07,2011,3,0,2,E1_2011_2013,tbbo,0.1378890872
2011-07-28,2011,3,1,1,E1_2011_2013,trades,0.026698708534
2011-07-28,2011,3,1,1,E1_2011_2013,tbbo,0.044497847557
2011-07-21,2011,3,1,2,E1_2011_2013,trades,0.132349491119
2011-07-21,2011,3,1,2,E1_2011_2013,tbbo,0.220582485199
2011-09-22,2011,3,2,1,E1_2011_2013,trades,0.224693477154
2011-09-22,2011,3,2,1,E1_2011_2013,tbbo,0.37448912859
2011-12-26,2011,4,0,1,E1_2011_2013,trades,0.0
2011-12-26,2011,4,0,1,E1_2011_2013,tbbo,0.0
2011-12-23,2011,4,0,2,E1_2011_2013,trades,0.034838497639
2011-12-23,2011,4,0,2,E1_2011_2013,tbbo,0.058064162731
2011-11-24,2011,4,1,1,E1_2011_2013,trades,0.027970433235
2011-11-24,2011,4,1,1,E1_2011_2013,tbbo,0.046617388725
2011-11-29,2011,4,1,2,E1_2011_2013,trades,0.030124604702
2011-11-29,2011,4,1,2,E1_2011_2013,tbbo,0.050207674503
2011-11-17,2011,4,2,1,E1_2011_2013,trades,0.159751653671
2011-11-17,2011,4,2,1,E1_2011_2013,tbbo,0.266252756119
2011-10-13,2011,4,2,2,E1_2011_2013,trades,0.096296846867
2011-10-13,2011,4,2,2,E1_2011_2013,tbbo,0.160494744778
2012-03-30,2012,1,0,1,E1_2011_2013,trades,0.00318056345
2012-03-30,2012,1,0,1,E1_2011_2013,tbbo,0.005300939083
2012-02-24,2012,1,0,2,E1_2011_2013,trades,0.109871506691
2012-02-24,2012,1,0,2,E1_2011_2013,tbbo,0.183119177818
2012-03-21,2012,1,1,1,E1_2011_2013,trades,0.111085653305
2012-03-21,2012,1,1,1,E1_2011_2013,tbbo,0.185142755508
2012-02-15,2012,1,1,2,E1_2011_2013,trades,0.126338839531
2012-02-15,2012,1,1,2,E1_2011_2013,tbbo,0.210564732552
2012-03-01,2012,1,2,1,E1_2011_2013,trades,0.195692896843
2012-03-01,2012,1,2,1,E1_2011_2013,tbbo,0.326154828072
2012-01-26,2012,1,2,2,E1_2011_2013,trades,0.137460172176
2012-01-26,2012,1,2,2,E1_2011_2013,tbbo,0.229100286961
2012-05-07,2012,2,0,1,E1_2011_2013,trades,0.074285745621
2012-05-07,2012,2,0,1,E1_2011_2013,tbbo,0.123809576035
2012-06-05,2012,2,0,2,E1_2011_2013,trades,0.089098334312
2012-06-05,2012,2,0,2,E1_2011_2013,tbbo,0.148497223854
2012-04-23,2012,2,1,1,E1_2011_2013,trades,0.105270266533
2012-04-23,2012,2,1,1,E1_2011_2013,tbbo,0.175450444221
2012-04-06,2012,2,1,2,E1_2011_2013,trades,0.000262856483
2012-04-06,2012,2,1,2,E1_2011_2013,tbbo,0.000438094139
2012-04-13,2012,2,2,1,E1_2011_2013,trades,0.11630398035
2012-04-13,2012,2,2,1,E1_2011_2013,tbbo,0.193839967251
2012-05-09,2012,2,2,2,E1_2011_2013,trades,0.16561460495
2012-05-09,2012,2,2,2,E1_2011_2013,tbbo,0.276024341583
2012-07-30,2012,3,0,1,E1_2011_2013,trades,0.017050623894
2012-07-30,2012,3,0,1,E1_2011_2013,tbbo,0.02841770649
2012-09-03,2012,3,0,2,E1_2011_2013,trades,0.039491057396
2012-09-03,2012,3,0,2,E1_2011_2013,tbbo,0.065818428993
2012-07-02,2012,3,1,1,E1_2011_2013,trades,0.083905041218
2012-07-02,2012,3,1,1,E1_2011_2013,tbbo,0.139841735363
2012-07-19,2012,3,1,2,E1_2011_2013,trades,0.096731185913
2012-07-19,2012,3,1,2,E1_2011_2013,tbbo,0.161218643188
2012-09-06,2012,3,2,1,E1_2011_2013,trades,0.149733066559
2012-09-06,2012,3,2,1,E1_2011_2013,tbbo,0.249555110931
2012-07-25,2012,3,2,2,E1_2011_2013,trades,0.142774879932
2012-07-25,2012,3,2,2,E1_2011_2013,tbbo,0.237958133221
2012-11-22,2012,4,0,1,E1_2011_2013,trades,0.000127673149
2012-11-22,2012,4,0,1,E1_2011_2013,tbbo,0.000212788582
2012-11-12,2012,4,0,2,E1_2011_2013,trades,0.081233918667
2012-11-12,2012,4,0,2,E1_2011_2013,tbbo,0.135389864445
2012-10-12,2012,4,1,1,E1_2011_2013,trades,0.115457832813
2012-10-12,2012,4,1,1,E1_2011_2013,tbbo,0.192429721355
2012-12-07,2012,4,1,2,E1_2011_2013,trades,0.126999735832
2012-12-07,2012,4,1,2,E1_2011_2013,tbbo,0.211666226387
2012-11-23,2012,4,2,1,E1_2011_2013,trades,0.083345532417
2012-11-23,2012,4,2,1,E1_2011_2013,tbbo,0.138909220695
2012-12-04,2012,4,2,2,E1_2011_2013,trades,0.161505281925
2012-12-04,2012,4,2,2,E1_2011_2013,tbbo,0.269175469875
2013-02-22,2013,1,0,1,E1_2011_2013,trades,0.123503744602
2013-02-22,2013,1,0,1,E1_2011_2013,tbbo,0.205839574337
2013-03-21,2013,1,0,2,E1_2011_2013,trades,0.092720746994
2013-03-21,2013,1,0,2,E1_2011_2013,tbbo,0.154534578323
2013-03-18,2013,1,1,2,E1_2011_2013,trades,0.138544142246
2013-03-18,2013,1,1,2,E1_2011_2013,tbbo,0.230906903744
2013-02-26,2013,1,2,1,E1_2011_2013,trades,0.2149502635
2013-02-26,2013,1,2,1,E1_2011_2013,tbbo,0.358250439167
2013-01-17,2013,1,2,2,E1_2011_2013,trades,0.162666857243
2013-01-17,2013,1,2,2,E1_2011_2013,tbbo,0.271111428738
2013-05-24,2013,2,0,2,E1_2011_2013,trades,0.097512245178
2013-05-24,2013,2,0,2,E1_2011_2013,tbbo,0.16252040863
2013-06-11,2013,2,1,1,E1_2011_2013,trades,0.127611815929
2013-06-11,2013,2,1,1,E1_2011_2013,tbbo,0.212686359882
2013-05-14,2013,2,1,2,E1_2011_2013,trades,0.14370238781
2013-05-14,2013,2,1,2,E1_2011_2013,tbbo,0.239503979683
2013-04-16,2013,2,2,1,E1_2011_2013,trades,0.359438717365
2013-04-16,2013,2,2,1,E1_2011_2013,tbbo,0.599064528942
2013-05-28,2013,2,2,2,E1_2011_2013,trades,0.158118188381
2013-05-28,2013,2,2,2,E1_2011_2013,tbbo,0.263530313969
2013-09-09,2013,3,0,1,E1_2011_2013,trades,0.070420503616
2013-09-09,2013,3,0,1,E1_2011_2013,tbbo,0.117367506027
2013-08-07,2013,3,0,2,E1_2011_2013,trades,0.106201529503
2013-08-07,2013,3,0,2,E1_2011_2013,tbbo,0.177002549171
2013-09-27,2013,3,1,1,E1_2011_2013,trades,0.107041418552
2013-09-27,2013,3,1,1,E1_2011_2013,tbbo,0.178402364254
2013-08-01,2013,3,1,2,E1_2011_2013,trades,0.140513062477
2013-08-01,2013,3,1,2,E1_2011_2013,tbbo,0.234188437462
2013-09-30,2013,3,2,1,E1_2011_2013,trades,0.105314075947
2013-09-30,2013,3,2,1,E1_2011_2013,tbbo,0.175523459911
2013-08-08,2013,3,2,2,E1_2011_2013,trades,0.126248717308
2013-08-08,2013,3,2,2,E1_2011_2013,tbbo,0.210414528847
2013-11-21,2013,4,0,1,E1_2011_2013,trades,0.131537139416
2013-11-21,2013,4,0,1,E1_2011_2013,tbbo,0.219228565693
2013-12-23,2013,4,0,2,E1_2011_2013,trades,0.067919611931
2013-12-23,2013,4,0,2,E1_2011_2013,tbbo,0.113199353218
2013-11-13,2013,4,1,1,E1_2011_2013,trades,0.105412960052
2013-11-13,2013,4,1,1,E1_2011_2013,tbbo,0.175688266754
2013-10-16,2013,4,1,2,E1_2011_2013,trades,0.13694447279
2013-10-16,2013,4,1,2,E1_2011_2013,tbbo,0.228240787983
2013-11-20,2013,4,2,1,E1_2011_2013,trades,0.181126892567
2013-11-20,2013,4,2,1,E1_2011_2013,tbbo,0.301878154278
2013-11-25,2013,4,2,2,E1_2011_2013,trades,0.135825455189
2013-11-25,2013,4,2,2,E1_2011_2013,tbbo,0.226375758648
2014-01-20,2014,1,0,1,E2_2014_2018,trades,0.0
2014-01-20,2014,1,0,1,E2_2014_2018,tbbo,0.0
2014-01-09,2014,1,0,2,E2_2014_2018,trades,0.07853525877
2014-01-09,2014,1,0,2,E2_2014_2018,tbbo,0.13089209795
2014-01-24,2014,1,1,1,E2_2014_2018,trades,0.123019337654
2014-01-24,2014,1,1,1,E2_2014_2018,tbbo,0.205032229424
2014-01-31,2014,1,1,2,E2_2014_2018,trades,0.002095341682
2014-01-31,2014,1,1,2,E2_2014_2018,tbbo,0.003492236137
2014-03-17,2014,1,2,1,E2_2014_2018,trades,0.136357426643
2014-03-17,2014,1,2,1,E2_2014_2018,tbbo,0.227262377739
2014-03-04,2014,1,2,2,E2_2014_2018,trades,0.11893504858
2014-03-04,2014,1,2,2,E2_2014_2018,tbbo,0.198225080967
2014-06-13,2014,2,0,1,E2_2014_2018,trades,0.000309169292
2014-06-13,2014,2,0,1,E2_2014_2018,tbbo,0.000515282154
2014-06-27,2014,2,0,2,E2_2014_2018,trades,0.089218497276
2014-06-27,2014,2,0,2,E2_2014_2018,tbbo,0.148697495461
2014-04-14,2014,2,1,1,E2_2014_2018,trades,0.092106163502
2014-04-14,2014,2,1,1,E2_2014_2018,tbbo,0.153510272503
2014-04-16,2014,2,1,2,E2_2014_2018,trades,0.108473360538
2014-04-16,2014,2,1,2,E2_2014_2018,tbbo,0.180788934231
2014-04-21,2014,2,2,1,E2_2014_2018,trades,0.096530914307
2014-04-21,2014,2,2,1,E2_2014_2018,tbbo,0.160884857178
2014-06-19,2014,2,2,2,E2_2014_2018,trades,0.198326468468
2014-06-19,2014,2,2,2,E2_2014_2018,tbbo,0.330544114113
2014-08-20,2014,3,0,1,E2_2014_2018,trades,0.072111546993
2014-08-20,2014,3,0,1,E2_2014_2018,tbbo,0.120185911655
2014-08-12,2014,3,0,2,E2_2014_2018,trades,0.081576883793
2014-08-12,2014,3,0,2,E2_2014_2018,tbbo,0.135961472988
2014-08-08,2014,3,1,1,E2_2014_2018,trades,0.120478391647
2014-08-08,2014,3,1,1,E2_2014_2018,tbbo,0.200797319412
2014-09-15,2014,3,1,2,E2_2014_2018,trades,0.080571770668
2014-09-15,2014,3,1,2,E2_2014_2018,tbbo,0.134286284447
2014-07-18,2014,3,2,1,E2_2014_2018,trades,0.09709918499
2014-07-18,2014,3,2,1,E2_2014_2018,tbbo,0.161831974983
2014-07-14,2014,3,2,2,E2_2014_2018,trades,0.163501739502
2014-07-14,2014,3,2,2,E2_2014_2018,tbbo,0.27250289917
2014-11-04,2014,4,0,1,E2_2014_2018,trades,0.117614507675
2014-11-04,2014,4,0,1,E2_2014_2018,tbbo,0.196024179459
2014-12-04,2014,4,0,2,E2_2014_2018,trades,0.104491710663
2014-12-04,2014,4,0,2,E2_2014_2018,tbbo,0.174152851105
2014-10-09,2014,4,1,1,E2_2014_2018,trades,0.141266584396
2014-10-09,2014,4,1,1,E2_2014_2018,tbbo,0.235444307327
2014-11-25,2014,4,1,2,E2_2014_2018,trades,0.114131033421
2014-11-25,2014,4,1,2,E2_2014_2018,tbbo,0.190218389034
2014-10-30,2014,4,2,1,E2_2014_2018,trades,0.169126868248
2014-10-30,2014,4,2,1,E2_2014_2018,tbbo,0.281878113747
2014-11-21,2014,4,2,2,E2_2014_2018,trades,0.159197151661
2014-11-21,2014,4,2,2,E2_2014_2018,tbbo,0.265328586102
2015-03-09,2015,1,0,1,E2_2014_2018,trades,0.092621862888
2015-03-09,2015,1,0,1,E2_2014_2018,tbbo,0.154369771481
2015-03-13,2015,1,0,2,E2_2014_2018,trades,0.099364757538
2015-03-13,2015,1,0,2,E2_2014_2018,tbbo,0.16560792923
2015-02-24,2015,1,1,1,E2_2014_2018,trades,0.105299055576
2015-02-24,2015,1,1,1,E2_2014_2018,tbbo,0.175498425961
2015-01-28,2015,1,1,2,E2_2014_2018,trades,0.109797656536
2015-01-28,2015,1,1,2,E2_2014_2018,tbbo,0.182996094227
2015-02-05,2015,1,2,1,E2_2014_2018,trades,0.120977818966
2015-02-05,2015,1,2,1,E2_2014_2018,tbbo,0.201629698277
2015-01-05,2015,1,2,2,E2_2014_2018,trades,0.133101761341
2015-01-05,2015,1,2,2,E2_2014_2018,tbbo,0.221836268902
2015-06-26,2015,2,0,1,E2_2014_2018,trades,0.092172503471
2015-06-26,2015,2,0,1,E2_2014_2018,tbbo,0.153620839119
2015-05-28,2015,2,0,2,E2_2014_2018,trades,0.022427916527
2015-05-28,2015,2,0,2,E2_2014_2018,tbbo,0.037379860878
2015-06-04,2015,2,1,1,E2_2014_2018,trades,0.135507524014
2015-06-04,2015,2,1,1,E2_2014_2018,tbbo,0.225845873356
2015-06-10,2015,2,1,2,E2_2014_2018,trades,0.107100248337
2015-06-10,2015,2,1,2,E2_2014_2018,tbbo,0.178500413895
2015-04-01,2015,2,2,1,E2_2014_2018,trades,0.000889956951
2015-04-01,2015,2,2,1,E2_2014_2018,tbbo,0.001483261585
2015-04-20,2015,2,2,2,E2_2014_2018,trades,0.119364380836
2015-04-20,2015,2,2,2,E2_2014_2018,tbbo,0.198940634727
2015-09-25,2015,3,0,1,E2_2014_2018,trades,0.113699197769
2015-09-25,2015,3,0,1,E2_2014_2018,tbbo,0.189498662949
2015-09-01,2015,3,1,1,E2_2014_2018,trades,0.117223978043
2015-09-01,2015,3,1,1,E2_2014_2018,tbbo,0.195373296738
2015-08-13,2015,3,1,2,E2_2014_2018,trades,0.108449578285
2015-08-13,2015,3,1,2,E2_2014_2018,tbbo,0.180749297142
2015-07-20,2015,3,2,1,E2_2014_2018,trades,0.19473785162
2015-07-20,2015,3,2,1,E2_2014_2018,tbbo,0.324563086033
2015-07-07,2015,3,2,2,E2_2014_2018,trades,0.166814982891
2015-07-07,2015,3,2,2,E2_2014_2018,tbbo,0.278024971485
2015-12-01,2015,4,0,1,E2_2014_2018,trades,0.059195280075
2015-12-01,2015,4,0,1,E2_2014_2018,tbbo,0.098658800125
2015-12-31,2015,4,0,2,E2_2014_2018,trades,0.028852880001
2015-12-31,2015,4,0,2,E2_2014_2018,tbbo,0.048088133335
2015-10-13,2015,4,1,1,E2_2014_2018,trades,0.11202943325
2015-10-13,2015,4,1,1,E2_2014_2018,tbbo,0.186715722084
2015-12-09,2015,4,1,2,E2_2014_2018,trades,0.075969278812
2015-12-09,2015,4,1,2,E2_2014_2018,tbbo,0.126615464687
2015-10-29,2015,4,2,1,E2_2014_2018,trades,0.133399665356
2015-10-29,2015,4,2,1,E2_2014_2018,tbbo,0.222332775593
2015-12-14,2015,4,2,2,E2_2014_2018,trades,0.064421117306
2015-12-14,2015,4,2,2,E2_2014_2018,tbbo,0.107368528843
2016-03-15,2016,1,0,1,E2_2014_2018,trades,0.09499257803
2016-03-15,2016,1,0,1,E2_2014_2018,tbbo,0.158320963383
2016-01-18,2016,1,0,2,E2_2014_2018,trades,0.023748457432
2016-01-18,2016,1,0,2,E2_2014_2018,tbbo,0.039580762386
2016-02-04,2016,1,1,1,E2_2014_2018,trades,0.08637213707
2016-02-04,2016,1,1,1,E2_2014_2018,tbbo,0.143953561783
2016-01-12,2016,1,1,2,E2_2014_2018,trades,0.072762429714
2016-01-12,2016,1,1,2,E2_2014_2018,tbbo,0.12127071619
2016-02-18,2016,1,2,1,E2_2014_2018,trades,0.094070076942
2016-02-18,2016,1,2,1,E2_2014_2018,tbbo,0.156783461571
2016-02-25,2016,1,2,2,E2_2014_2018,trades,0.117876112461
2016-02-25,2016,1,2,2,E2_2014_2018,tbbo,0.196460187435
2016-06-22,2016,2,0,1,E2_2014_2018,trades,0.072624742985
2016-06-22,2016,2,0,1,E2_2014_2018,tbbo,0.121041238308
2016-05-17,2016,2,0,2,E2_2014_2018,trades,0.093732118607
2016-05-17,2016,2,0,2,E2_2014_2018,tbbo,0.156220197678
2016-04-20,2016,2,1,1,E2_2014_2018,trades,0.091423988342
2016-04-20,2016,2,1,1,E2_2014_2018,tbbo,0.152373313904
2016-05-19,2016,2,1,2,E2_2014_2018,trades,0.112888097763
2016-05-19,2016,2,1,2,E2_2014_2018,tbbo,0.188146829605
2016-04-28,2016,2,2,1,E2_2014_2018,trades,0.120361983776
2016-04-28,2016,2,2,1,E2_2014_2018,tbbo,0.200603306293
2016-06-21,2016,2,2,2,E2_2014_2018,trades,0.10441160202
2016-06-21,2016,2,2,2,E2_2014_2018,tbbo,0.1740193367
2016-07-19,2016,3,0,1,E2_2014_2018,trades,0.068933486938
2016-07-19,2016,3,0,1,E2_2014_2018,tbbo,0.114889144897
2016-08-15,2016,3,0,2,E2_2014_2018,trades,0.064008057117
2016-08-15,2016,3,0,2,E2_2014_2018,tbbo,0.106680095196
2016-08-19,2016,3,1,1,E2_2014_2018,trades,0.096688628197
2016-08-19,2016,3,1,1,E2_2014_2018,tbbo,0.161147713661
2016-08-10,2016,3,1,2,E2_2014_2018,trades,0.091530382633
2016-08-10,2016,3,1,2,E2_2014_2018,tbbo,0.152550637722
2016-07-01,2016,3,2,1,E2_2014_2018,trades,0.106923758984
2016-07-01,2016,3,2,1,E2_2014_2018,tbbo,0.178206264973
2016-09-21,2016,3,2,2,E2_2014_2018,trades,0.126148581505
2016-09-21,2016,3,2,2,E2_2014_2018,tbbo,0.210247635841
2016-11-16,2016,4,0,1,E2_2014_2018,trades,0.097285687923
2016-11-16,2016,4,0,1,E2_2014_2018,tbbo,0.162142813206
2016-10-20,2016,4,0,2,E2_2014_2018,trades,0.065118312836
2016-10-20,2016,4,0,2,E2_2014_2018,tbbo,0.108530521393
2016-12-09,2016,4,1,1,E2_2014_2018,trades,0.083778619766
2016-12-09,2016,4,1,1,E2_2014_2018,tbbo,0.139631032944
2016-11-01,2016,4,1,2,E2_2014_2018,trades,0.095971405506
2016-11-01,2016,4,1,2,E2_2014_2018,tbbo,0.15995234251
2016-12-14,2016,4,2,1,E2_2014_2018,trades,0.109644949436
2016-12-14,2016,4,2,1,E2_2014_2018,tbbo,0.182741582394
2016-12-15,2016,4,2,2,E2_2014_2018,trades,0.135064423084
2016-12-15,2016,4,2,2,E2_2014_2018,tbbo,0.225107371807
2017-03-29,2017,1,0,1,E2_2014_2018,trades,0.059424340725
2017-03-29,2017,1,0,1,E2_2014_2018,tbbo,0.099040567875
2017-02-16,2017,1,0,2,E2_2014_2018,trades,0.096201717854
2017-02-16,2017,1,0,2,E2_2014_2018,tbbo,0.160336196423
2017-01-10,2017,1,1,1,E2_2014_2018,trades,0.102547824383
2017-01-10,2017,1,1,1,E2_2014_2018,tbbo,0.170913040638
2017-02-21,2017,1,1,2,E2_2014_2018,trades,0.083987653255
2017-02-21,2017,1,1,2,E2_2014_2018,tbbo,0.139979422092
2017-01-11,2017,1,2,1,E2_2014_2018,trades,0.157591223717
2017-01-11,2017,1,2,1,E2_2014_2018,tbbo,0.262652039528
2017-01-20,2017,1,2,2,E2_2014_2018,trades,0.127231299877
2017-01-20,2017,1,2,2,E2_2014_2018,tbbo,0.212052166462
2017-06-16,2017,2,0,1,E2_2014_2018,trades,0.069857239723
2017-06-16,2017,2,0,1,E2_2014_2018,tbbo,0.116428732872
2017-06-30,2017,2,0,2,E2_2014_2018,trades,0.087106883526
2017-06-30,2017,2,0,2,E2_2014_2018,tbbo,0.14517813921
2017-06-19,2017,2,1,1,E2_2014_2018,trades,0.07652503252
2017-06-19,2017,2,1,1,E2_2014_2018,tbbo,0.127541720867
2017-05-11,2017,2,1,2,E2_2014_2018,trades,0.088319778442
2017-05-11,2017,2,1,2,E2_2014_2018,tbbo,0.147199630737
2017-05-09,2017,2,2,1,E2_2014_2018,trades,0.102924585342
2017-05-09,2017,2,2,1,E2_2014_2018,tbbo,0.171540975571
2017-06-15,2017,2,2,2,E2_2014_2018,trades,0.109920322895
2017-06-15,2017,2,2,2,E2_2014_2018,tbbo,0.183200538158
2017-07-24,2017,3,0,1,E2_2014_2018,trades,0.078172266483
2017-07-24,2017,3,0,1,E2_2014_2018,tbbo,0.130287110806
2017-07-25,2017,3,0,2,E2_2014_2018,trades,0.093152582645
2017-07-25,2017,3,0,2,E2_2014_2018,tbbo,0.155254304409
2017-07-28,2017,3,1,1,E2_2014_2018,trades,0.00863045454
2017-07-28,2017,3,1,1,E2_2014_2018,tbbo,0.0143840909
2017-07-10,2017,3,1,2,E2_2014_2018,trades,0.095681011677
2017-07-10,2017,3,1,2,E2_2014_2018,tbbo,0.159468352795
2017-08-29,2017,3,2,1,E2_2014_2018,trades,0.209161162376
2017-08-29,2017,3,2,1,E2_2014_2018,tbbo,0.348601937294
2017-09-25,2017,3,2,2,E2_2014_2018,trades,0.156731307507
2017-09-25,2017,3,2,2,E2_2014_2018,tbbo,0.261218845844
2017-11-16,2017,4,0,1,E2_2014_2018,trades,0.125069618225
2017-11-16,2017,4,0,1,E2_2014_2018,tbbo,0.208449363708
2017-12-08,2017,4,0,2,E2_2014_2018,trades,0.118245363235
2017-12-08,2017,4,0,2,E2_2014_2018,tbbo,0.197075605392
2017-10-23,2017,4,1,2,E2_2014_2018,trades,0.131731152534
2017-10-23,2017,4,1,2,E2_2014_2018,tbbo,0.219551920891
2017-11-30,2017,4,2,1,E2_2014_2018,trades,0.000663399696
2017-11-30,2017,4,2,1,E2_2014_2018,tbbo,0.001105666161
2017-10-16,2017,4,2,2,E2_2014_2018,trades,0.12413585186
2017-10-16,2017,4,2,2,E2_2014_2018,tbbo,0.206893086433
2018-03-14,2018,1,0,1,E2_2014_2018,trades,0.117381691933
2018-03-14,2018,1,0,1,E2_2014_2018,tbbo,0.195636153221
2018-01-15,2018,1,0,2,E2_2014_2018,trades,0.086215674877
2018-01-15,2018,1,0,2,E2_2014_2018,tbbo,0.143692791462
2018-03-09,2018,1,1,1,E2_2014_2018,trades,0.149700522423
2018-03-09,2018,1,1,1,E2_2014_2018,tbbo,0.249500870705
2018-01-16,2018,1,1,2,E2_2014_2018,trades,0.142687261105
2018-01-16,2018,1,1,2,E2_2014_2018,tbbo,0.237812101841
2018-01-25,2018,1,2,2,E2_2014_2018,trades,0.239592432976
2018-01-25,2018,1,2,2,E2_2014_2018,tbbo,0.399320721626
2018-05-18,2018,2,0,1,E2_2014_2018,trades,0.111494958401
2018-05-18,2018,2,0,1,E2_2014_2018,tbbo,0.185824930668
2018-06-28,2018,2,0,2,E2_2014_2018,trades,0.110029220581
2018-06-28,2018,2,0,2,E2_2014_2018,tbbo,0.183382034302
2018-05-16,2018,2,1,1,E2_2014_2018,trades,0.150306344032
2018-05-16,2018,2,1,1,E2_2014_2018,tbbo,0.250510573387
2018-04-10,2018,2,1,2,E2_2014_2018,trades,0.136493861675
2018-04-10,2018,2,1,2,E2_2014_2018,tbbo,0.227489769459
2018-04-25,2018,2,2,1,E2_2014_2018,trades,0.119260489941
2018-04-25,2018,2,2,1,E2_2014_2018,tbbo,0.198767483234
2018-05-24,2018,2,2,2,E2_2014_2018,trades,0.162522912025
2018-05-24,2018,2,2,2,E2_2014_2018,tbbo,0.270871520042
2018-08-20,2018,3,0,1,E2_2014_2018,trades,0.093700826168
2018-08-20,2018,3,0,1,E2_2014_2018,tbbo,0.156168043613
2018-09-18,2018,3,0,2,E2_2014_2018,trades,0.112160861492
2018-09-18,2018,3,0,2,E2_2014_2018,tbbo,0.186934769154
2018-07-10,2018,3,1,1,E2_2014_2018,trades,0.110949218273
2018-07-10,2018,3,1,1,E2_2014_2018,tbbo,0.184915363789
2018-09-11,2018,3,1,2,E2_2014_2018,trades,0.117496848106
2018-09-11,2018,3,1,2,E2_2014_2018,tbbo,0.195828080177
2018-08-02,2018,3,2,1,E2_2014_2018,trades,0.107370615005
2018-08-02,2018,3,2,1,E2_2014_2018,tbbo,0.178951025009
2018-07-02,2018,3,2,2,E2_2014_2018,trades,0.105635762215
2018-07-02,2018,3,2,2,E2_2014_2018,tbbo,0.176059603691
2018-12-31,2018,4,0,1,E2_2014_2018,trades,0.055779397488
2018-12-31,2018,4,0,1,E2_2014_2018,tbbo,0.092965662479
2018-11-13,2018,4,0,2,E2_2014_2018,trades,0.110973000526
2018-11-13,2018,4,0,2,E2_2014_2018,tbbo,0.184955000877
2018-10-10,2018,4,1,1,E2_2014_2018,trades,0.107529580593
2018-10-10,2018,4,1,1,E2_2014_2018,tbbo,0.179215967655
2018-10-29,2018,4,1,2,E2_2014_2018,trades,0.114352583885
2018-10-29,2018,4,1,2,E2_2014_2018,tbbo,0.190587639809
2018-12-26,2018,4,2,1,E2_2014_2018,trades,0.103664338589
2018-12-26,2018,4,2,1,E2_2014_2018,tbbo,0.172773897648
2018-11-09,2018,4,2,2,E2_2014_2018,trades,0.12733143568
2018-11-09,2018,4,2,2,E2_2014_2018,tbbo,0.212219059467
2019-01-14,2019,1,0,1,E3_2019_2022,trades,0.08831101656
2019-01-14,2019,1,0,1,E3_2019_2022,tbbo,0.147185027599
2019-01-24,2019,1,0,2,E3_2019_2022,trades,0.082220256329
2019-01-24,2019,1,0,2,E3_2019_2022,tbbo,0.137033760548
2019-03-08,2019,1,1,1,E3_2019_2022,trades,0.114172339439
2019-03-08,2019,1,1,1,E3_2019_2022,tbbo,0.190287232399
2019-01-09,2019,1,1,2,E3_2019_2022,trades,0.105889856815
2019-01-09,2019,1,1,2,E3_2019_2022,tbbo,0.176483094692
2019-03-14,2019,1,2,1,E3_2019_2022,trades,0.103022217751
2019-03-14,2019,1,2,1,E3_2019_2022,tbbo,0.171703696251
2019-02-21,2019,1,2,2,E3_2019_2022,trades,0.120330691338
2019-02-21,2019,1,2,2,E3_2019_2022,tbbo,0.200551152229
2019-04-17,2019,2,0,1,E3_2019_2022,trades,0.096361935139
2019-04-17,2019,2,0,1,E3_2019_2022,tbbo,0.160603225231
2019-06-10,2019,2,1,1,E3_2019_2022,trades,0.101015746593
2019-06-10,2019,2,1,1,E3_2019_2022,tbbo,0.168359577656
2019-04-16,2019,2,1,2,E3_2019_2022,trades,0.133678793907
2019-04-16,2019,2,1,2,E3_2019_2022,tbbo,0.222797989845
2019-06-26,2019,2,2,1,E3_2019_2022,trades,0.231944561005
2019-06-26,2019,2,2,1,E3_2019_2022,tbbo,0.386574268341
2019-06-21,2019,2,2,2,E3_2019_2022,trades,0.261270582676
2019-06-21,2019,2,2,2,E3_2019_2022,tbbo,0.435450971127
2019-07-22,2019,3,0,1,E3_2019_2022,trades,0.129901170731
2019-07-22,2019,3,0,1,E3_2019_2022,tbbo,0.216501951218
2019-08-09,2019,3,1,1,E3_2019_2022,trades,0.190676093102
2019-08-09,2019,3,1,1,E3_2019_2022,tbbo,0.317793488503
2019-07-04,2019,3,1,2,E3_2019_2022,trades,0.071747303009
2019-07-04,2019,3,1,2,E3_2019_2022,tbbo,0.119578838348
2019-08-23,2019,3,2,1,E3_2019_2022,trades,0.238449633121
2019-08-23,2019,3,2,1,E3_2019_2022,tbbo,0.397416055202
2019-08-14,2019,3,2,2,E3_2019_2022,trades,0.283788621426
2019-08-14,2019,3,2,2,E3_2019_2022,tbbo,0.472981035709
2019-12-18,2019,4,0,1,E3_2019_2022,trades,0.101604044437
2019-12-18,2019,4,0,1,E3_2019_2022,tbbo,0.169340074062
2019-12-10,2019,4,0,2,E3_2019_2022,trades,0.11752063036
2019-12-10,2019,4,0,2,E3_2019_2022,tbbo,0.195867717266
2019-11-21,2019,4,1,1,E3_2019_2022,trades,0.179542243481
2019-11-21,2019,4,1,1,E3_2019_2022,tbbo,0.299237072468
2019-12-24,2019,4,1,2,E3_2019_2022,trades,0.089686632156
2019-12-24,2019,4,1,2,E3_2019_2022,tbbo,0.149477720261
2019-10-31,2019,4,2,1,E3_2019_2022,trades,0.188745975494
2019-10-31,2019,4,2,1,E3_2019_2022,tbbo,0.314576625824
2019-12-12,2019,4,2,2,E3_2019_2022,trades,0.212271630764
2019-12-12,2019,4,2,2,E3_2019_2022,tbbo,0.353786051273
2020-02-10,2020,1,0,1,E3_2019_2022,trades,0.10222363472
2020-02-10,2020,1,0,1,E3_2019_2022,tbbo,0.170372724533
2020-01-29,2020,1,0,2,E3_2019_2022,trades,0.088995695114
2020-01-29,2020,1,0,2,E3_2019_2022,tbbo,0.148326158524
2020-02-27,2020,1,1,1,E3_2019_2022,trades,0.276608884335
2020-02-27,2020,1,1,1,E3_2019_2022,tbbo,0.461014807224
2020-01-21,2020,1,1,2,E3_2019_2022,trades,0.179271876812
2020-01-21,2020,1,1,2,E3_2019_2022,tbbo,0.298786461353
2020-02-25,2020,1,2,1,E3_2019_2022,trades,0.38981115818
2020-02-25,2020,1,2,1,E3_2019_2022,tbbo,0.649685263634
2020-03-17,2020,1,2,2,E3_2019_2022,trades,0.301032006741
2020-03-17,2020,1,2,2,E3_2019_2022,tbbo,0.501720011234
2020-06-12,2020,2,0,1,E3_2019_2022,trades,0.109293222427
2020-06-12,2020,2,0,1,E3_2019_2022,tbbo,0.182155370712
2020-06-24,2020,2,0,2,E3_2019_2022,trades,0.159520089626
2020-06-24,2020,2,0,2,E3_2019_2022,tbbo,0.265866816044
2020-06-08,2020,2,1,1,E3_2019_2022,trades,0.108737468719
2020-06-08,2020,2,1,1,E3_2019_2022,tbbo,0.181229114532
2020-06-19,2020,2,1,2,E3_2019_2022,trades,0.113903224468
2020-06-19,2020,2,1,2,E3_2019_2022,tbbo,0.189838707447
2020-04-14,2020,2,2,1,E3_2019_2022,trades,0.175490498543
2020-04-14,2020,2,2,1,E3_2019_2022,tbbo,0.292484164238
2020-06-03,2020,2,2,2,E3_2019_2022,trades,0.162039756775
2020-06-03,2020,2,2,2,E3_2019_2022,tbbo,0.270066261292
2020-07-17,2020,3,0,1,E3_2019_2022,trades,0.09640198946
2020-07-17,2020,3,0,1,E3_2019_2022,tbbo,0.160669982433
2020-07-09,2020,3,0,2,E3_2019_2022,trades,0.162798285484
2020-07-09,2020,3,0,2,E3_2019_2022,tbbo,0.271330475807
2020-09-29,2020,3,1,1,E3_2019_2022,trades,0.153573274612
2020-09-29,2020,3,1,1,E3_2019_2022,tbbo,0.255955457687
2020-09-14,2020,3,1,2,E3_2019_2022,trades,0.134640097618
2020-09-14,2020,3,1,2,E3_2019_2022,tbbo,0.224400162697
2020-09-23,2020,3,2,1,E3_2019_2022,trades,0.278740525246
2020-09-23,2020,3,2,1,E3_2019_2022,tbbo,0.464567542076
2020-08-18,2020,3,2,2,E3_2019_2022,trades,0.258193910122
2020-08-18,2020,3,2,2,E3_2019_2022,tbbo,0.430323183537
2020-12-03,2020,4,0,1,E3_2019_2022,trades,0.132671177387
2020-12-03,2020,4,0,1,E3_2019_2022,tbbo,0.221118628979
2020-11-12,2020,4,0,2,E3_2019_2022,trades,0.120281875134
2020-11-12,2020,4,0,2,E3_2019_2022,tbbo,0.200469791889
2020-10-29,2020,4,1,1,E3_2019_2022,trades,0.157909154892
2020-10-29,2020,4,1,1,E3_2019_2022,tbbo,0.26318192482
2020-12-23,2020,4,1,2,E3_2019_2022,trades,0.129133880138
2020-12-23,2020,4,1,2,E3_2019_2022,tbbo,0.215223133564
2020-11-23,2020,4,2,1,E3_2019_2022,trades,0.157827794552
2020-11-23,2020,4,2,1,E3_2019_2022,tbbo,0.263046324253
2020-10-06,2020,4,2,2,E3_2019_2022,trades,0.153118908405
2020-10-06,2020,4,2,2,E3_2019_2022,tbbo,0.255198180676
2021-02-15,2021,1,0,1,E3_2019_2022,trades,0.049422025681
2021-02-15,2021,1,0,1,E3_2019_2022,tbbo,0.082370042801
2021-01-26,2021,1,0,2,E3_2019_2022,trades,0.083647191525
2021-01-26,2021,1,0,2,E3_2019_2022,tbbo,0.139411985874
2021-01-05,2021,1,1,1,E3_2019_2022,trades,0.129851102829
2021-01-05,2021,1,1,1,E3_2019_2022,tbbo,0.216418504715
2021-01-29,2021,1,2,1,E3_2019_2022,trades,0.000613331795
2021-01-29,2021,1,2,1,E3_2019_2022,tbbo,0.001022219658
2021-02-19,2021,1,2,2,E3_2019_2022,trades,0.157842814922
2021-02-19,2021,1,2,2,E3_2019_2022,tbbo,0.263071358204
2021-05-31,2021,2,0,1,E3_2019_2022,trades,0.04854208231
2021-05-31,2021,2,0,1,E3_2019_2022,tbbo,0.080903470516
2021-05-10,2021,2,0,2,E3_2019_2022,trades,0.129381716251
2021-05-10,2021,2,0,2,E3_2019_2022,tbbo,0.215636193752
2021-06-07,2021,2,1,1,E3_2019_2022,trades,0.088736593723
2021-06-07,2021,2,1,1,E3_2019_2022,tbbo,0.147894322872
2021-06-08,2021,2,1,2,E3_2019_2022,trades,0.106017529964
2021-06-08,2021,2,1,2,E3_2019_2022,tbbo,0.176695883274
2021-06-11,2021,2,2,1,E3_2019_2022,trades,0.126867055893
2021-06-11,2021,2,2,1,E3_2019_2022,tbbo,0.211445093155
2021-05-07,2021,2,2,2,E3_2019_2022,trades,0.195203483105
2021-05-07,2021,2,2,2,E3_2019_2022,tbbo,0.325339138508
2021-08-24,2021,3,0,1,E3_2019_2022,trades,0.07168596983
2021-08-24,2021,3,0,1,E3_2019_2022,tbbo,0.119476616383
2021-09-09,2021,3,0,2,E3_2019_2022,trades,0.089105844498
2021-09-09,2021,3,0,2,E3_2019_2022,tbbo,0.148509740829
2021-08-26,2021,3,1,1,E3_2019_2022,trades,0.085254371166
2021-08-26,2021,3,1,1,E3_2019_2022,tbbo,0.14209061861
2021-07-21,2021,3,1,2,E3_2019_2022,trades,0.105466783047
2021-07-21,2021,3,1,2,E3_2019_2022,tbbo,0.175777971745
2021-09-16,2021,3,2,2,E3_2019_2022,trades,0.138622999191
2021-09-16,2021,3,2,2,E3_2019_2022,tbbo,0.231038331985
2021-11-18,2021,4,0,1,E3_2019_2022,trades,0.091695606709
2021-11-18,2021,4,0,1,E3_2019_2022,tbbo,0.152826011181
2021-11-02,2021,4,0,2,E3_2019_2022,trades,0.080649375916
2021-11-02,2021,4,0,2,E3_2019_2022,tbbo,0.134415626526
2021-11-11,2021,4,1,1,E3_2019_2022,trades,0.089367449284
2021-11-11,2021,4,1,1,E3_2019_2022,tbbo,0.148945748806
2021-12-30,2021,4,1,2,E3_2019_2022,trades,0.065282285213
2021-12-30,2021,4,1,2,E3_2019_2022,tbbo,0.108803808689
2021-11-04,2021,4,2,1,E3_2019_2022,trades,0.116917312145
2021-11-04,2021,4,2,1,E3_2019_2022,tbbo,0.194862186909
2021-11-30,2021,4,2,2,E3_2019_2022,trades,0.001121520996
2021-11-30,2021,4,2,2,E3_2019_2022,tbbo,0.00186920166
2022-02-09,2022,1,0,1,E3_2019_2022,trades,0.072274267673
2022-02-09,2022,1,0,1,E3_2019_2022,tbbo,0.120457112789
2022-01-28,2022,1,0,2,E3_2019_2022,trades,0.008072197437
2022-01-28,2022,1,0,2,E3_2019_2022,tbbo,0.013453662395
2022-02-03,2022,1,1,1,E3_2019_2022,trades,0.096395730972
2022-02-03,2022,1,1,1,E3_2019_2022,tbbo,0.16065955162
2022-03-25,2022,1,1,2,E3_2019_2022,trades,0.079952180386
2022-03-25,2022,1,1,2,E3_2019_2022,tbbo,0.133253633976
2022-03-04,2022,1,2,1,E3_2019_2022,trades,0.146971821785
2022-03-04,2022,1,2,1,E3_2019_2022,tbbo,0.244953036308
2022-02-28,2022,1,2,2,E3_2019_2022,trades,0.148731708527
2022-02-28,2022,1,2,2,E3_2019_2022,tbbo,0.247886180878
2022-05-18,2022,2,0,1,E3_2019_2022,trades,0.073836386204
2022-05-18,2022,2,0,1,E3_2019_2022,tbbo,0.123060643673
2022-04-13,2022,2,0,2,E3_2019_2022,trades,0.082340419292
2022-04-13,2022,2,0,2,E3_2019_2022,tbbo,0.137234032154
2022-04-27,2022,2,1,1,E3_2019_2022,trades,0.105989992619
2022-04-27,2022,2,1,1,E3_2019_2022,tbbo,0.176649987698
2022-05-17,2022,2,1,2,E3_2019_2022,trades,0.080363988876
2022-05-17,2022,2,1,2,E3_2019_2022,tbbo,0.133939981461
2022-05-10,2022,2,2,1,E3_2019_2022,trades,0.110919177532
2022-05-10,2022,2,2,1,E3_2019_2022,tbbo,0.184865295887
2022-04-25,2022,2,2,2,E3_2019_2022,trades,0.136369943619
2022-04-25,2022,2,2,2,E3_2019_2022,tbbo,0.227283239365
2022-08-09,2022,3,0,1,E3_2019_2022,trades,0.071272909641
2022-08-09,2022,3,0,1,E3_2019_2022,tbbo,0.118788182735
2022-07-08,2022,3,0,2,E3_2019_2022,trades,0.088945627213
2022-07-08,2022,3,0,2,E3_2019_2022,tbbo,0.148242712021
2022-09-08,2022,3,1,1,E3_2019_2022,trades,0.114516556263
2022-09-08,2022,3,1,1,E3_2019_2022,tbbo,0.190860927105
2022-08-10,2022,3,1,2,E3_2019_2022,trades,0.092760801315
2022-08-10,2022,3,1,2,E3_2019_2022,tbbo,0.154601335526
2022-08-04,2022,3,2,1,E3_2019_2022,trades,0.09004086256
2022-08-04,2022,3,2,1,E3_2019_2022,tbbo,0.150068104267
2022-07-01,2022,3,2,2,E3_2019_2022,trades,0.122479856014
2022-07-01,2022,3,2,2,E3_2019_2022,tbbo,0.204133093357
2022-10-12,2022,4,0,1,E3_2019_2022,trades,0.084971487522
2022-10-12,2022,4,0,1,E3_2019_2022,tbbo,0.14161914587
2022-10-31,2022,4,0,2,E3_2019_2022,trades,0.07255089283
2022-10-31,2022,4,0,2,E3_2019_2022,tbbo,0.120918154716
2022-10-17,2022,4,1,1,E3_2019_2022,trades,0.09522163868
2022-10-17,2022,4,1,1,E3_2019_2022,tbbo,0.158702731133
2022-11-23,2022,4,1,2,E3_2019_2022,trades,0.081650733948
2022-11-23,2022,4,1,2,E3_2019_2022,tbbo,0.13608455658
2022-10-04,2022,4,2,1,E3_2019_2022,trades,0.120699942112
2022-10-04,2022,4,2,1,E3_2019_2022,tbbo,0.201166570187
2022-12-15,2022,4,2,2,E3_2019_2022,trades,0.111595094204
2022-12-15,2022,4,2,2,E3_2019_2022,tbbo,0.185991823673
2023-03-02,2023,1,0,1,E4_2023_2025,trades,0.079540371895
2023-03-02,2023,1,0,1,E4_2023_2025,tbbo,0.132567286491
2023-03-06,2023,1,0,2,E4_2023_2025,trades,0.073509693146
2023-03-06,2023,1,0,2,E4_2023_2025,tbbo,0.122516155243
2023-03-09,2023,1,1,1,E4_2023_2025,trades,0.092705726624
2023-03-09,2023,1,1,1,E4_2023_2025,tbbo,0.154509544373
2023-02-10,2023,1,1,2,E4_2023_2025,trades,0.095574617386
2023-02-10,2023,1,1,2,E4_2023_2025,tbbo,0.159291028976
2023-03-22,2023,1,2,1,E4_2023_2025,trades,0.141491889954
2023-03-22,2023,1,2,1,E4_2023_2025,tbbo,0.235819816589
2023-01-19,2023,1,2,2,E4_2023_2025,trades,0.103789508343
2023-01-19,2023,1,2,2,E4_2023_2025,tbbo,0.172982513905
2023-05-15,2023,2,0,1,E4_2023_2025,trades,0.081063687801
2023-05-15,2023,2,0,1,E4_2023_2025,tbbo,0.135106146336
2023-06-16,2023,2,0,2,E4_2023_2025,trades,0.09896671772
2023-06-16,2023,2,0,2,E4_2023_2025,tbbo,0.164944529533
2023-06-05,2023,2,1,1,E4_2023_2025,trades,0.103721916676
2023-06-05,2023,2,1,1,E4_2023_2025,tbbo,0.172869861126
2023-06-21,2023,2,1,2,E4_2023_2025,trades,0.109019100666
2023-06-21,2023,2,1,2,E4_2023_2025,tbbo,0.18169850111
2023-04-14,2023,2,2,1,E4_2023_2025,trades,0.157130599022
2023-04-14,2023,2,2,1,E4_2023_2025,tbbo,0.261884331703
2023-04-27,2023,2,2,2,E4_2023_2025,trades,0.127818346024
2023-04-27,2023,2,2,2,E4_2023_2025,tbbo,0.213030576706
2023-07-26,2023,3,0,1,E4_2023_2025,trades,0.089268565178
2023-07-26,2023,3,0,1,E4_2023_2025,tbbo,0.148780941963
2023-08-07,2023,3,0,2,E4_2023_2025,trades,0.060789942741
2023-08-07,2023,3,0,2,E4_2023_2025,tbbo,0.101316571236
2023-09-20,2023,3,1,1,E4_2023_2025,trades,0.106888711452
2023-09-20,2023,3,1,1,E4_2023_2025,tbbo,0.178147852421
2023-08-10,2023,3,1,2,E4_2023_2025,trades,0.095492005348
2023-08-10,2023,3,1,2,E4_2023_2025,tbbo,0.159153342247
2023-09-27,2023,3,2,1,E4_2023_2025,trades,0.105573177338
2023-09-27,2023,3,2,1,E4_2023_2025,tbbo,0.175955295563
2023-07-18,2023,3,2,2,E4_2023_2025,trades,0.127685666084
2023-07-18,2023,3,2,2,E4_2023_2025,tbbo,0.212809443474
2023-11-13,2023,4,0,1,E4_2023_2025,trades,0.080107390881
2023-11-13,2023,4,0,1,E4_2023_2025,tbbo,0.133512318134
2023-11-17,2023,4,0,2,E4_2023_2025,trades,0.07450979948
2023-11-17,2023,4,0,2,E4_2023_2025,tbbo,0.124182999134
2023-11-20,2023,4,1,1,E4_2023_2025,trades,0.092570543289
2023-11-20,2023,4,1,1,E4_2023_2025,tbbo,0.154284238815
2023-11-01,2023,4,1,2,E4_2023_2025,trades,0.114641726017
2023-11-01,2023,4,1,2,E4_2023_2025,tbbo,0.191069543362
2023-12-01,2023,4,2,1,E4_2023_2025,trades,0.133673787117
2023-12-01,2023,4,2,1,E4_2023_2025,tbbo,0.222789645195
2023-10-24,2023,4,2,2,E4_2023_2025,trades,0.107257962227
2023-10-24,2023,4,2,2,E4_2023_2025,tbbo,0.178763270378
2024-01-26,2024,1,0,1,E4_2023_2025,trades,0.052741527557
2024-01-26,2024,1,0,1,E4_2023_2025,tbbo,0.087902545929
2024-03-14,2024,1,0,2,E4_2023_2025,trades,0.10804527998
2024-03-14,2024,1,0,2,E4_2023_2025,tbbo,0.180075466633
2024-01-24,2024,1,1,2,E4_2023_2025,trades,0.110274553299
2024-01-24,2024,1,1,2,E4_2023_2025,tbbo,0.183790922165
2024-03-04,2024,1,2,1,E4_2023_2025,trades,0.149571597576
2024-03-04,2024,1,2,1,E4_2023_2025,tbbo,0.24928599596
2024-02-13,2024,1,2,2,E4_2023_2025,trades,0.114945888519
2024-02-13,2024,1,2,2,E4_2023_2025,tbbo,0.191576480865
2024-05-07,2024,2,0,1,E4_2023_2025,trades,0.087517440319
2024-05-07,2024,2,0,1,E4_2023_2025,tbbo,0.145862400532
2024-06-06,2024,2,0,2,E4_2023_2025,trades,0.108573496342
2024-06-06,2024,2,0,2,E4_2023_2025,tbbo,0.180955827236
2024-06-14,2024,2,1,1,E4_2023_2025,trades,0.106523215771
2024-06-14,2024,2,1,1,E4_2023_2025,tbbo,0.177538692951
2024-04-18,2024,2,1,2,E4_2023_2025,trades,0.141232788563
2024-04-18,2024,2,1,2,E4_2023_2025,tbbo,0.235387980938
2024-04-05,2024,2,2,1,E4_2023_2025,trades,0.176356673241
2024-04-05,2024,2,2,1,E4_2023_2025,tbbo,0.293927788734
2024-05-15,2024,2,2,2,E4_2023_2025,trades,0.152590692043
2024-05-15,2024,2,2,2,E4_2023_2025,tbbo,0.254317820072
2024-08-27,2024,3,0,1,E4_2023_2025,trades,0.101997077465
2024-08-27,2024,3,0,1,E4_2023_2025,tbbo,0.169995129108
2024-08-19,2024,3,0,2,E4_2023_2025,trades,0.102965891361
2024-08-19,2024,3,0,2,E4_2023_2025,tbbo,0.171609818935
2024-07-18,2024,3,1,1,E4_2023_2025,trades,0.108961522579
2024-07-18,2024,3,1,1,E4_2023_2025,tbbo,0.181602537632
2024-07-26,2024,3,1,2,E4_2023_2025,trades,0.080685675144
2024-07-26,2024,3,1,2,E4_2023_2025,tbbo,0.13447612524
2024-09-12,2024,3,2,1,E4_2023_2025,trades,0.141781032085
2024-09-12,2024,3,2,1,E4_2023_2025,tbbo,0.236301720142
2024-08-08,2024,3,2,2,E4_2023_2025,trades,0.118991374969
2024-08-08,2024,3,2,2,E4_2023_2025,tbbo,0.198318958282
2024-10-09,2024,4,0,1,E4_2023_2025,trades,0.097904026508
2024-10-09,2024,4,0,1,E4_2023_2025,tbbo,0.163173377514
2024-10-28,2024,4,0,2,E4_2023_2025,trades,0.106229066849
2024-10-28,2024,4,0,2,E4_2023_2025,tbbo,0.177048444748
2024-11-05,2024,4,1,1,E4_2023_2025,trades,0.090299963951
2024-11-05,2024,4,1,1,E4_2023_2025,tbbo,0.150499939919
2024-12-02,2024,4,1,2,E4_2023_2025,trades,0.113851904869
2024-12-02,2024,4,1,2,E4_2023_2025,tbbo,0.189753174782
2024-11-06,2024,4,2,1,E4_2023_2025,trades,0.225917637348
2024-11-06,2024,4,2,1,E4_2023_2025,tbbo,0.37652939558
2025-03-05,2025,1,0,1,E4_2023_2025,trades,0.119696080685
2025-03-05,2025,1,0,1,E4_2023_2025,tbbo,0.199493467808
2025-03-17,2025,1,0,2,E4_2023_2025,trades,0.089307367802
2025-03-17,2025,1,0,2,E4_2023_2025,tbbo,0.148845613003
2025-03-13,2025,1,1,1,E4_2023_2025,trades,0.126801967621
2025-03-13,2025,1,1,1,E4_2023_2025,tbbo,0.211336612701
2025-01-21,2025,1,1,2,E4_2023_2025,trades,0.097783863544
2025-01-21,2025,1,1,2,E4_2023_2025,tbbo,0.162973105907
2025-02-25,2025,1,2,1,E4_2023_2025,trades,0.148189723492
2025-02-25,2025,1,2,1,E4_2023_2025,tbbo,0.246982872486
2025-06-17,2025,2,0,2,E4_2023_2025,trades,0.146697700024
2025-06-17,2025,2,0,2,E4_2023_2025,tbbo,0.244496166706
2025-05-27,2025,2,1,1,E4_2023_2025,trades,0.121143043041
2025-05-27,2025,2,1,1,E4_2023_2025,tbbo,0.201905071735
2025-04-29,2025,2,1,2,E4_2023_2025,trades,0.133643746376
2025-04-29,2025,2,1,2,E4_2023_2025,tbbo,0.222739577293
2025-05-15,2025,2,2,1,E4_2023_2025,trades,0.180047929287
2025-05-15,2025,2,2,1,E4_2023_2025,tbbo,0.300079882145
2025-04-17,2025,2,2,2,E4_2023_2025,trades,0.18776589632
2025-04-17,2025,2,2,2,E4_2023_2025,tbbo,0.312943160534
2025-08-25,2025,3,0,1,E4_2023_2025,trades,0.068507909775
2025-08-25,2025,3,0,1,E4_2023_2025,tbbo,0.114179849625
2025-07-09,2025,3,0,2,E4_2023_2025,trades,0.097768843174
2025-07-09,2025,3,0,2,E4_2023_2025,tbbo,0.162948071957
2025-08-11,2025,3,1,1,E4_2023_2025,trades,0.161674261093
2025-08-11,2025,3,1,1,E4_2023_2025,tbbo,0.269457101822
2025-09-15,2025,3,1,2,E4_2023_2025,trades,0.127804577351
2025-09-15,2025,3,1,2,E4_2023_2025,tbbo,0.213007628918
2025-08-01,2025,3,2,1,E4_2023_2025,trades,0.155238032341
2025-08-01,2025,3,2,1,E4_2023_2025,tbbo,0.258730053902
2025-09-30,2025,3,2,2,E4_2023_2025,trades,0.218772947788
2025-09-30,2025,3,2,2,E4_2023_2025,tbbo,0.364621579647
2025-11-27,2025,4,0,1,E4_2023_2025,trades,0.061778783798
2025-11-27,2025,4,0,1,E4_2023_2025,tbbo,0.102964639664
2025-11-25,2025,4,1,1,E4_2023_2025,trades,0.050050377846
2025-11-25,2025,4,1,1,E4_2023_2025,tbbo,0.08341729641
2025-12-04,2025,4,1,2,E4_2023_2025,trades,0.127460360527
2025-12-04,2025,4,1,2,E4_2023_2025,tbbo,0.212433934212
2025-10-02,2025,4,2,1,E4_2023_2025,trades,0.198734521866
2025-10-02,2025,4,2,1,E4_2023_2025,tbbo,0.33122420311
2025-12-26,2025,4,2,2,E4_2023_2025,trades,0.145887851715
2025-12-26,2025,4,2,2,E4_2023_2025,tbbo,0.243146419525
