event_id,source_year,doz_zone_id,objective_zone_id,anchor_zone_id,anchor_family,anchor_variant,partner_zone_id,partner_family,partner_variant,doz_contact_time,objective_contact_time,confluence_time,confirm_time,entry_time,confluence_idx,confirm_idx,entry_idx,direction,anchor_side,anchor_lower,anchor_upper,pair_lower,pair_upper,direct_overlap,doz_origin_time,doz_known_time,doz_source_tf,doz_variant,objective_origin_time,objective_known_time,objective_source_tf,objective_variant,doz_activation_session,objective_activation_session,entry_session,timing_integrity_pass
c2b51521018017814ed9b890,2014,DOZ_BASE_00002234,NY_AM_L_00002575,NY_AM_L_00002575,OBJECTIVE_LIQUIDITY,NY_AM_LOW,DOZ_BASE_00002234,DISPLACEMENT_ORIGIN,DOZ_BASE,2014-01-06T15:14:00+00:00,2014-01-06T15:14:00+00:00,2014-01-06T15:14:00+00:00,2014-01-06T15:14:00+00:00,2014-01-06T15:15:00+00:00,533714,533714,533715,LONG,SUPPORT,1215.3195,1216.7395000000001,1215.3195,1216.7395000000001,1.0,2014-01-02T13:15:00+00:00,2014-01-02T14:00:00+00:00,15min,DOZ_BASE,2014-01-02T16:59:00+00:00,2014-01-02T17:00:00+00:00,SESSION,NY_AM_LOW,NY_AM,NY_PM,NY_AM,True
c9a59dd6f93422e9fa116aff,2014,DOZ_BASE_00007922,ASIA_CME_L_00002631,ASIA_CME_L_00002631,OBJECTIVE_LIQUIDITY,ASIA_CME_LOW,DOZ_BASE_00007922,DISPLACEMENT_ORIGIN,DOZ_BASE,2014-01-10T13:28:00+00:00,2014-01-10T13:28:00+00:00,2014-01-10T13:28:00+00:00,2014-01-10T13:28:00+00:00,2014-01-10T13:29:00+00:00,539368,539368,539369,LONG,SUPPORT,1226.8325,1228.2885,1227.5605,1228.2885,0.5,2014-01-10T01:00:00+00:00,2014-01-10T03:00:00+00:00,1h,DOZ_BASE,2014-01-10T07:59:00+00:00,2014-01-10T08:00:00+00:00,SESSION,ASIA_CME_LOW,ASIA_CME,LONDON,NY_AM,True
71237e63d8383f75ed7dec22,2014,DOZ_BODY_00002275,NY_PM_L_00002637,DOZ_BODY_00002275,DISPLACEMENT_ORIGIN,DOZ_BODY,NY_PM_L_00002637,OBJECTIVE_LIQUIDITY,NY_PM_LOW,2014-01-13T13:17:00+00:00,2014-01-13T13:17:00+00:00,2014-01-13T13:17:00+00:00,2014-01-13T13:17:00+00:00,2014-01-13T13:18:00+00:00,543677,543677,543678,LONG,SUPPORT,1243.752,1244.2945,1243.752,1244.2224999999999,0.8672811059905733,2014-01-10T17:15:00+00:00,2014-01-10T18:15:00+00:00,15min,DOZ_BODY,2014-01-10T20:59:00+00:00,2014-01-10T21:00:00+00:00,SESSION,NY_PM_LOW,NY_PM,TRANSITION,NY_AM,True
6b4a9ec64f330de6986bec1e,2014,DOZ_LAST_00005880,LONDON_H_00002652,LONDON_H_00002652,OBJECTIVE_LIQUIDITY,LONDON_HIGH,DOZ_LAST_00005880,DISPLACEMENT_ORIGIN,DOZ_LAST,2014-01-14T14:54:00+00:00,2014-01-14T14:55:00+00:00,2014-01-14T14:55:00+00:00,2014-01-14T14:55:00+00:00,2014-01-14T14:56:00+00:00,545215,545215,545216,SHORT,RESISTANCE,1253.4245000000003,1254.5204999999999,1253.4245000000003,1253.9725,0.5,2014-01-14T08:00:00+00:00,2014-01-14T09:00:00+00:00,30min,DOZ_LAST,2014-01-14T12:59:00+00:00,2014-01-14T13:00:00+00:00,SESSION,LONDON_HIGH,LONDON,NY_AM,NY_AM,True
2f9c0a75bc531c496a0aa919,2014,DOZ_BASE_00002414,LONDON_H_00002778,DOZ_BASE_00002414,DISPLACEMENT_ORIGIN,DOZ_BASE,LONDON_H_00002778,OBJECTIVE_LIQUIDITY,LONDON_HIGH,2014-01-31T13:15:00+00:00,2014-01-31T13:13:00+00:00,2014-01-31T13:15:00+00:00,2014-01-31T13:15:00+00:00,2014-01-31T13:16:00+00:00,569595,569595,569596,LONG,SUPPORT,1247.3995,1250.4565,1249.7564999999997,1250.4565,0.5,2014-01-31T12:45:00+00:00,2014-01-31T13:15:00+00:00,15min,DOZ_BASE,2014-01-31T12:59:00+00:00,2014-01-31T13:00:00+00:00,SESSION,LONDON_HIGH,NY_AM,NY_AM,NY_AM,True
ffe9cb9d1c6836728319dac5,2014,DOZ_BODY_00005953,NY_AM_H_00002770,DOZ_BODY_00005953,DISPLACEMENT_ORIGIN,DOZ_BODY,NY_AM_H_00002770,OBJECTIVE_LIQUIDITY,NY_AM_HIGH,2014-01-31T13:36:00+00:00,2014-01-31T13:36:00+00:00,2014-01-31T13:36:00+00:00,2014-01-31T13:37:00+00:00,2014-01-31T13:38:00+00:00,569616,569617,569618,SHORT,RESISTANCE,1254.5955,1255.6065,1254.5955,1255.6065,1.0,2014-01-30T12:00:00+00:00,2014-01-30T13:30:00+00:00,30min,DOZ_BODY,2014-01-30T16:59:00+00:00,2014-01-30T17:00:00+00:00,SESSION,NY_AM_HIGH,NY_AM,NY_PM,NY_AM,True
30e7c068b37e60158757cd86,2014,DOZ_BODY_00002419,ASIA_CME_H_00002788,DOZ_BODY_00002419,DISPLACEMENT_ORIGIN,DOZ_BODY,ASIA_CME_H_00002788,OBJECTIVE_LIQUIDITY,ASIA_CME_HIGH,2014-02-03T10:02:00+00:00,2014-02-03T10:02:00+00:00,2014-02-03T10:02:00+00:00,2014-02-03T10:05:00+00:00,2014-02-03T10:06:00+00:00,573722,573725,573726,SHORT,RESISTANCE,1246.1145,1247.2275,1246.6019999999999,1247.2275,0.5619946091644835,2014-02-03T06:30:00+00:00,2014-02-03T07:45:00+00:00,15min,DOZ_BODY,2014-02-03T07:59:00+00:00,2014-02-03T08:00:00+00:00,SESSION,ASIA_CME_HIGH,ASIA_CME,LONDON,LONDON,True
8b5cd7ef6e18c4184c92e38a,2014,DOZ_BODY_00002629,NY_AM_L_00002993,DOZ_BODY_00002629,DISPLACEMENT_ORIGIN,DOZ_BODY,NY_AM_L_00002993,OBJECTIVE_LIQUIDITY,NY_AM_LOW,2014-03-04T06:09:00+00:00,2014-03-04T06:09:00+00:00,2014-03-04T06:09:00+00:00,2014-03-04T06:09:00+00:00,2014-03-04T06:10:00+00:00,615249,615249,615250,LONG,SUPPORT,1344.29,1344.61,1344.29,1344.61,1.0,2014-03-03T12:45:00+00:00,2014-03-03T13:45:00+00:00,15min,DOZ_BODY,2014-03-03T16:59:00+00:00,2014-03-03T17:00:00+00:00,SESSION,NY_AM_LOW,NY_AM,NY_PM,ASIA_CME,True
c5ca3d99f77e6a5cf59dcf3f,2014,DOZ_BASE_00002708,ASIA_CME_L_00003069,ASIA_CME_L_00003069,OBJECTIVE_LIQUIDITY,ASIA_CME_LOW,DOZ_BASE_00002708,DISPLACEMENT_ORIGIN,DOZ_BASE,2014-03-13T12:31:00+00:00,2014-03-13T12:32:00+00:00,2014-03-13T12:32:00+00:00,2014-03-13T12:32:00+00:00,2014-03-13T12:33:00+00:00,628592,628592,628593,LONG,SUPPORT,1364.4339999999997,1365.6340000000005,1365.034,1365.6340000000005,0.5,2014-03-13T00:45:00+00:00,2014-03-13T01:15:00+00:00,15min,DOZ_BASE,2014-03-13T06:59:00+00:00,2014-03-13T07:00:00+00:00,SESSION,ASIA_CME_LOW,ASIA_CME,LONDON,NY_AM,True
ec1bec27ac977bca65d02c62,2014,DOZ_BODY_00006136,PDL_00000641,DOZ_BODY_00006136,DISPLACEMENT_ORIGIN,DOZ_BODY,PDL_00000641,OBJECTIVE_LIQUIDITY,PDL,2014-03-23T23:00:00+00:00,2014-03-23T23:00:00+00:00,2014-03-23T23:00:00+00:00,2014-03-23T23:07:00+00:00,2014-03-23T23:08:00+00:00,643620,643627,643628,LONG,SUPPORT,1329.4645,1331.045,1329.4645,1331.045,1.0,2014-03-21T08:00:00+00:00,2014-03-21T08:30:00+00:00,30min,DOZ_BODY,2014-03-21T20:59:00+00:00,2014-03-23T22:00:00+00:00,D1,PDL,LONDON,ASIA_CME,ASIA_CME,True
069df9c0f3b9e41eadd1c4d0,2014,DOZ_BASE_00008105,LONDON_L_00003211,LONDON_L_00003211,OBJECTIVE_LIQUIDITY,LONDON_LOW,DOZ_BASE_00008105,DISPLACEMENT_ORIGIN,DOZ_BASE,2014-04-03T11:04:00+00:00,2014-04-03T11:04:00+00:00,2014-04-03T11:04:00+00:00,2014-04-03T11:04:00+00:00,2014-04-03T11:05:00+00:00,658744,658744,658745,LONG,SUPPORT,1282.0590000000002,1283.0990000000002,1282.5790000000002,1283.0990000000002,0.5,2014-04-02T11:00:00+00:00,2014-04-02T12:00:00+00:00,1h,DOZ_BASE,2014-04-02T11:59:00+00:00,2014-04-02T12:00:00+00:00,SESSION,LONDON_LOW,NY_AM,NY_AM,LONDON,True
1fcf60b7ff4bdaf0dbf5606c,2014,DOZ_BODY_00008098,NY_AM_H_00003162,DOZ_BODY_00008098,DISPLACEMENT_ORIGIN,DOZ_BODY,NY_AM_H_00003162,OBJECTIVE_LIQUIDITY,NY_AM_HIGH,2014-04-08T09:31:00+00:00,2014-04-08T09:31:00+00:00,2014-04-08T09:31:00+00:00,2014-04-08T09:31:00+00:00,2014-04-08T09:32:00+00:00,665851,665851,665852,SHORT,RESISTANCE,1314.3490000000002,1314.561,1314.3490000000002,1314.561,1.0,2014-03-26T11:00:00+00:00,2014-03-26T15:00:00+00:00,1h,DOZ_BODY,2014-03-26T15:59:00+00:00,2014-03-26T16:00:00+00:00,SESSION,NY_AM_HIGH,NY_AM,NY_PM,LONDON,True
30109ae348e739a0fefbd3e5,2014,DOZ_BODY_00006151,NY_AM_H_00003142,DOZ_BODY_00006151,DISPLACEMENT_ORIGIN,DOZ_BODY,NY_AM_H_00003142,OBJECTIVE_LIQUIDITY,NY_AM_HIGH,2014-04-10T11:54:00+00:00,2014-04-10T11:54:00+00:00,2014-04-10T11:54:00+00:00,2014-04-10T11:54:00+00:00,2014-04-10T11:55:00+00:00,668874,668874,668875,SHORT,RESISTANCE,1324.326,1324.431,1324.326,1324.431,1.0,2014-03-24T12:00:00+00:00,2014-03-24T12:30:00+00:00,30min,DOZ_BODY,2014-03-24T15:59:00+00:00,2014-03-24T16:00:00+00:00,SESSION,NY_AM_HIGH,NY_AM,NY_PM,LONDON,True
a1801ab1242c234031d626b8,2014,DOZ_LAST_00002871,LONDON_L_00003271,LONDON_L_00003271,OBJECTIVE_LIQUIDITY,LONDON_LOW,DOZ_LAST_00002871,DISPLACEMENT_ORIGIN,DOZ_LAST,2014-04-10T12:35:00+00:00,2014-04-10T12:35:00+00:00,2014-04-10T12:35:00+00:00,2014-04-10T12:35:00+00:00,2014-04-10T12:36:00+00:00,668915,668915,668916,LONG,SUPPORT,1317.2160000000001,1317.872,1317.2160000000001,1317.6,0.5853658536582577,2014-04-10T06:45:00+00:00,2014-04-10T07:30:00+00:00,15min,DOZ_LAST,2014-04-10T11:59:00+00:00,2014-04-10T12:00:00+00:00,SESSION,LONDON_LOW,LONDON,NY_AM,NY_AM,True
05beea0d7714d3cebfa597c1,2014,DOZ_BODY_00006334,LONDON_L_00003503,DOZ_BODY_00006334,DISPLACEMENT_ORIGIN,DOZ_BODY,LONDON_L_00003503,OBJECTIVE_LIQUIDITY,LONDON_LOW,2014-05-15T12:30:00+00:00,2014-05-15T12:30:00+00:00,2014-05-15T12:30:00+00:00,2014-05-15T12:30:00+00:00,2014-05-15T12:31:00+00:00,719310,719310,719311,LONG,SUPPORT,1294.138,1294.915,1294.138,1294.915,1.0,2014-05-14T06:00:00+00:00,2014-05-14T08:00:00+00:00,30min,DOZ_BODY,2014-05-14T11:59:00+00:00,2014-05-14T12:00:00+00:00,SESSION,LONDON_LOW,LONDON,NY_AM,NY_AM,True
6d1e59be560bc5c6ce762c3e,2014,DOZ_BODY_00003085,TRANSITION_H_00003528,DOZ_BODY_00003085,DISPLACEMENT_ORIGIN,DOZ_BODY,TRANSITION_H_00003528,OBJECTIVE_LIQUIDITY,TRANSITION_HIGH,2014-05-18T22:00:00+00:00,2014-05-18T22:00:00+00:00,2014-05-18T22:00:00+00:00,2014-05-18T22:00:00+00:00,2014-05-18T22:01:00+00:00,724200,724200,724201,SHORT,RESISTANCE,1293.1795,1293.594,1293.1795,1293.594,1.0,2014-05-16T21:00:00+00:00,2014-05-18T22:00:00+00:00,15min,DOZ_BODY,2014-05-16T20:59:00+00:00,2014-05-18T22:00:00+00:00,SESSION,TRANSITION_HIGH,ASIA_CME,ASIA_CME,ASIA_CME,True
56d940cf3908c3ef24b9ba46,2014,DOZ_LAST_00006342,NY_AM_H_00003514,NY_AM_H_00003514,OBJECTIVE_LIQUIDITY,NY_AM_HIGH,DOZ_LAST_00006342,DISPLACEMENT_ORIGIN,DOZ_LAST,2014-05-19T12:25:00+00:00,2014-05-19T12:25:00+00:00,2014-05-19T12:25:00+00:00,2014-05-19T12:25:00+00:00,2014-05-19T12:26:00+00:00,725065,725065,725066,SHORT,RESISTANCE,1305.188,1306.228,1305.188,1306.228,1.0,2014-05-15T11:30:00+00:00,2014-05-15T12:30:00+00:00,30min,DOZ_LAST,2014-05-15T15:59:00+00:00,2014-05-15T16:00:00+00:00,SESSION,NY_AM_HIGH,NY_AM,NY_PM,NY_AM,True
e986d9cc4ba391db8094d7ed,2014,DOZ_BODY_00003088,LONDON_L_00003533,LONDON_L_00003533,OBJECTIVE_LIQUIDITY,LONDON_LOW,DOZ_BODY_00003088,DISPLACEMENT_ORIGIN,DOZ_BODY,2014-05-19T15:48:00+00:00,2014-05-19T15:50:00+00:00,2014-05-19T15:50:00+00:00,2014-05-19T15:50:00+00:00,2014-05-19T15:51:00+00:00,725270,725270,725271,LONG,SUPPORT,1295.2935000000002,1296.3335000000002,1296.015,1296.3335000000002,0.5268817204303219,2014-05-19T06:30:00+00:00,2014-05-19T07:45:00+00:00,15min,DOZ_BODY,2014-05-19T11:59:00+00:00,2014-05-19T12:00:00+00:00,SESSION,LONDON_LOW,LONDON,NY_AM,NY_AM,True
78ed6c816c6b6724c81674be,2014,DOZ_LAST_00003159,LONDON_H_00003620,DOZ_LAST_00003159,DISPLACEMENT_ORIGIN,DOZ_LAST,LONDON_H_00003620,OBJECTIVE_LIQUIDITY,LONDON_HIGH,2014-06-05T12:49:00+00:00,2014-06-05T12:49:00+00:00,2014-06-05T12:49:00+00:00,2014-06-05T12:50:00+00:00,2014-06-05T12:51:00+00:00,749569,749570,749571,SHORT,RESISTANCE,1257.54,1258.124,1257.7565,1258.124,0.6292808219178525,2014-05-30T07:30:00+00:00,2014-05-30T08:15:00+00:00,15min,DOZ_LAST,2014-05-30T11:59:00+00:00,2014-05-30T12:00:00+00:00,SESSION,LONDON_HIGH,LONDON,NY_AM,NY_AM,True
a55edc3c0e3452198d2af57b,2014,DOZ_BODY_00003148,LONDON_H_00003700,DOZ_BODY_00003148,DISPLACEMENT_ORIGIN,DOZ_BODY,LONDON_H_00003700,OBJECTIVE_LIQUIDITY,LONDON_HIGH,2014-06-11T12:20:00+00:00,2014-06-11T12:19:00+00:00,2014-06-11T12:20:00+00:00,2014-06-11T12:20:00+00:00,2014-06-11T12:21:00+00:00,758180,758180,758181,SHORT,RESISTANCE,1265.109,1265.4825,1265.109,1265.4254999999996,0.8473895582317313,2014-05-28T13:00:00+00:00,2014-05-28T13:30:00+00:00,15min,DOZ_BODY,2014-06-11T11:59:00+00:00,2014-06-11T12:00:00+00:00,SESSION,LONDON_HIGH,NY_AM,NY_AM,NY_AM,True
1568a77afd68da0b07760824,2014,DOZ_LAST_00006387,NY_PM_H_00003704,NY_PM_H_00003704,OBJECTIVE_LIQUIDITY,NY_PM_HIGH,DOZ_LAST_00006387,DISPLACEMENT_ORIGIN,DOZ_LAST,2014-06-11T23:52:00+00:00,2014-06-11T23:54:00+00:00,2014-06-11T23:54:00+00:00,2014-06-11T23:54:00+00:00,2014-06-11T23:55:00+00:00,758874,758874,758875,SHORT,RESISTANCE,1261.6365,1262.6765,1261.6365,1262.577,0.9202544031309002,2014-06-11T15:30:00+00:00,2014-06-11T16:30:00+00:00,30min,DOZ_LAST,2014-06-11T19:59:00+00:00,2014-06-11T20:00:00+00:00,SESSION,NY_PM_HIGH,NY_PM,TRANSITION,ASIA_CME,True
2f1f357ca339ae6d738ea324,2014,DOZ_BASE_00008198,NY_AM_H_00003592,NY_AM_H_00003592,OBJECTIVE_LIQUIDITY,NY_AM_HIGH,DOZ_BASE_00008198,DISPLACEMENT_ORIGIN,DOZ_BASE,2014-06-16T01:04:00+00:00,2014-06-16T01:04:00+00:00,2014-06-16T01:04:00+00:00,2014-06-16T01:04:00+00:00,2014-06-16T01:05:00+00:00,764704,764704,764705,SHORT,RESISTANCE,1281.6864999999998,1282.6225000000004,1281.768,1282.6225000000004,0.9129273504271579,2014-05-27T10:00:00+00:00,2014-05-27T15:00:00+00:00,1h,DOZ_BASE,2014-05-27T15:59:00+00:00,2014-05-27T16:00:00+00:00,SESSION,NY_AM_HIGH,NY_AM,NY_PM,ASIA_CME,True
5c586e839df90220c35afba4,2014,DOZ_LAST_00003075,LONDON_H_00003512,DOZ_LAST_00003075,DISPLACEMENT_ORIGIN,DOZ_LAST,LONDON_H_00003512,OBJECTIVE_LIQUIDITY,LONDON_HIGH,2014-06-19T16:42:00+00:00,2014-06-19T16:42:00+00:00,2014-06-19T16:42:00+00:00,2014-06-19T16:42:00+00:00,2014-06-19T16:43:00+00:00,769962,769962,769963,SHORT,RESISTANCE,1305.513,1306.5459999999998,1306.0259999999998,1306.5459999999998,0.5033881897386556,2014-05-15T11:30:00+00:00,2014-05-15T12:30:00+00:00,15min,DOZ_LAST,2014-05-15T11:59:00+00:00,2014-05-15T12:00:00+00:00,SESSION,LONDON_HIGH,NY_AM,NY_AM,NY_PM,True
d931473e01324021ad9ca1e6,2014,DOZ_BODY_00006460,LONDON_H_00003810,LONDON_H_00003810,OBJECTIVE_LIQUIDITY,LONDON_HIGH,DOZ_BODY_00006460,DISPLACEMENT_ORIGIN,DOZ_BODY,2014-06-26T12:30:00+00:00,2014-06-26T12:30:00+00:00,2014-06-26T12:30:00+00:00,2014-06-26T12:30:00+00:00,2014-06-26T12:31:00+00:00,779790,779790,779791,SHORT,RESISTANCE,1315.8995,1316.9355,1315.8995,1316.9355,1.0,2014-06-26T06:00:00+00:00,2014-06-26T07:30:00+00:00,30min,DOZ_BODY,2014-06-26T11:59:00+00:00,2014-06-26T12:00:00+00:00,SESSION,LONDON_HIGH,LONDON,NY_AM,NY_AM,True
4b5a92c4952d90bc2a363f16,2014,DOZ_LAST_00006144,ASIA_CME_H_00003138,ASIA_CME_H_00003138,OBJECTIVE_LIQUIDITY,ASIA_CME_HIGH,DOZ_LAST_00006144,DISPLACEMENT_ORIGIN,DOZ_LAST,2014-07-01T01:04:00+00:00,2014-07-01T01:04:00+00:00,2014-07-01T01:04:00+00:00,2014-07-01T01:04:00+00:00,2014-07-01T01:05:00+00:00,786304,786304,786305,SHORT,RESISTANCE,1333.8015,1335.0014999999999,1333.8015,1334.4015,0.5,2014-03-24T01:00:00+00:00,2014-03-24T01:30:00+00:00,30min,DOZ_LAST,2014-03-24T06:59:00+00:00,2014-03-24T07:00:00+00:00,SESSION,ASIA_CME_HIGH,ASIA_CME,LONDON,ASIA_CME,True
aec3e2857a6b03e9eb90c760,2014,DOZ_LAST_00003342,ASIA_CME_H_00003876,DOZ_LAST_00003342,DISPLACEMENT_ORIGIN,DOZ_LAST,ASIA_CME_H_00003876,OBJECTIVE_LIQUIDITY,ASIA_CME_HIGH,2014-07-08T10:59:00+00:00,2014-07-08T10:59:00+00:00,2014-07-08T10:59:00+00:00,2014-07-08T10:59:00+00:00,2014-07-08T11:00:00+00:00,796979,796979,796980,SHORT,RESISTANCE,1320.4255,1320.9215,1320.5034999999998,1320.9215,0.8427419354843386,2014-07-06T22:00:00+00:00,2014-07-06T22:15:00+00:00,15min,DOZ_LAST,2014-07-07T06:59:00+00:00,2014-07-07T07:00:00+00:00,SESSION,ASIA_CME_HIGH,ASIA_CME,LONDON,LONDON,True
c75fe3c9fdac0e7c6a5de760,2014,DOZ_BASE_00008267,NY_PM_H_00003892,NY_PM_H_00003892,OBJECTIVE_LIQUIDITY,NY_PM_HIGH,DOZ_BASE_00008267,DISPLACEMENT_ORIGIN,DOZ_BASE,2014-07-08T19:59:00+00:00,2014-07-08T20:00:00+00:00,2014-07-08T20:00:00+00:00,2014-07-08T20:00:00+00:00,2014-07-08T20:01:00+00:00,797520,797520,797521,SHORT,RESISTANCE,1319.7470000000003,1320.4269999999997,1319.8939999999998,1320.4269999999997,0.7838235294123331,2014-07-08T14:00:00+00:00,2014-07-08T15:00:00+00:00,1h,DOZ_BASE,2014-07-08T19:59:00+00:00,2014-07-08T20:00:00+00:00,SESSION,NY_PM_HIGH,NY_AM,TRANSITION,TRANSITION,True
b4e09490962ba33aaca94a68,2014,DOZ_BODY_00008308,LONDON_L_00004039,DOZ_BODY_00008308,DISPLACEMENT_ORIGIN,DOZ_BODY,LONDON_L_00004039,OBJECTIVE_LIQUIDITY,LONDON_LOW,2014-07-29T12:16:00+00:00,2014-07-29T12:16:00+00:00,2014-07-29T12:16:00+00:00,2014-07-29T12:18:00+00:00,2014-07-29T12:19:00+00:00,827296,827298,827299,LONG,SUPPORT,1304.9319999999998,1305.942,1304.9319999999998,1305.4455,0.5084158415842953,2014-07-29T05:00:00+00:00,2014-07-29T08:00:00+00:00,1h,DOZ_BODY,2014-07-29T11:59:00+00:00,2014-07-29T12:00:00+00:00,SESSION,LONDON_LOW,LONDON,NY_AM,NY_AM,True
5ca3bbf2e3bced8e4d1ab6a4,2014,DOZ_BODY_00006433,NY_AM_L_00003763,DOZ_BODY_00006433,DISPLACEMENT_ORIGIN,DOZ_BODY,NY_AM_L_00003763,OBJECTIVE_LIQUIDITY,NY_AM_LOW,2014-07-31T16:55:00+00:00,2014-07-31T16:55:00+00:00,2014-07-31T16:55:00+00:00,2014-07-31T16:55:00+00:00,2014-07-31T16:56:00+00:00,830455,830455,830456,LONG,SUPPORT,1281.5415,1282.2045,1281.5415,1282.2045,1.0,2014-06-19T11:00:00+00:00,2014-06-19T12:30:00+00:00,30min,DOZ_BODY,2014-06-19T15:59:00+00:00,2014-06-19T16:00:00+00:00,SESSION,NY_AM_LOW,NY_AM,NY_PM,NY_PM,True
9e359252c9934dea00777eb7,2014,DOZ_LAST_00003519,NY_PM_H_00004062,NY_PM_H_00004062,OBJECTIVE_LIQUIDITY,NY_PM_HIGH,DOZ_LAST_00003519,DISPLACEMENT_ORIGIN,DOZ_LAST,2014-08-01T12:30:00+00:00,2014-08-01T12:32:00+00:00,2014-08-01T12:32:00+00:00,2014-08-01T12:32:00+00:00,2014-08-01T12:33:00+00:00,831632,831632,831633,SHORT,RESISTANCE,1288.7025,1289.7425,1288.7025,1289.2225,0.5,2014-07-31T16:15:00+00:00,2014-07-31T17:00:00+00:00,15min,DOZ_LAST,2014-07-31T19:59:00+00:00,2014-07-31T20:00:00+00:00,SESSION,NY_PM_HIGH,NY_PM,TRANSITION,NY_AM,True
f25d7b1b537d8c37f6e492b6,2014,DOZ_LAST_00008313,LONDON_H_00004058,LONDON_H_00004058,OBJECTIVE_LIQUIDITY,LONDON_HIGH,DOZ_LAST_00008313,DISPLACEMENT_ORIGIN,DOZ_LAST,2014-08-01T13:06:00+00:00,2014-08-01T13:06:00+00:00,2014-08-01T13:06:00+00:00,2014-08-01T13:06:00+00:00,2014-08-01T13:07:00+00:00,831666,831666,831667,SHORT,RESISTANCE,1296.9135,1297.9294999999997,1296.9135,1297.4215,0.5,2014-07-31T09:00:00+00:00,2014-07-31T13:00:00+00:00,1h,DOZ_LAST,2014-07-31T11:59:00+00:00,2014-07-31T12:00:00+00:00,SESSION,LONDON_HIGH,NY_AM,NY_AM,NY_AM,True
a633d7ef4b5acf7e85a3ec90,2014,DOZ_LAST_00003579,NY_AM_L_00004141,NY_AM_L_00004141,OBJECTIVE_LIQUIDITY,NY_AM_LOW,DOZ_LAST_00003579,DISPLACEMENT_ORIGIN,DOZ_LAST,2014-08-12T17:01:00+00:00,2014-08-12T17:02:00+00:00,2014-08-12T17:02:00+00:00,2014-08-12T17:04:00+00:00,2014-08-12T17:05:00+00:00,847742,847744,847745,LONG,SUPPORT,1310.6730000000002,1311.8089999999997,1311.241,1311.8089999999997,0.5,2014-08-12T12:15:00+00:00,2014-08-12T12:30:00+00:00,15min,DOZ_LAST,2014-08-12T15:59:00+00:00,2014-08-12T16:00:00+00:00,SESSION,NY_AM_LOW,NY_AM,NY_PM,NY_PM,True
084fefd11de28eaf6da39b4d,2014,DOZ_LAST_00003546,LONDON_L_00004099,LONDON_L_00004099,OBJECTIVE_LIQUIDITY,LONDON_LOW,DOZ_LAST_00003546,DISPLACEMENT_ORIGIN,DOZ_LAST,2014-08-20T18:18:00+00:00,2014-08-20T18:19:00+00:00,2014-08-20T18:19:00+00:00,2014-08-20T18:19:00+00:00,2014-08-20T18:20:00+00:00,859339,859339,859340,LONG,SUPPORT,1287.718,1288.57,1288.144,1288.57,0.5,2014-08-06T11:15:00+00:00,2014-08-06T12:15:00+00:00,15min,DOZ_LAST,2014-08-06T11:59:00+00:00,2014-08-06T12:00:00+00:00,SESSION,LONDON_LOW,NY_AM,NY_AM,NY_PM,True
695afceacc15c0a3134293c7,2014,DOZ_LAST_00008382,NY_AM_H_00004368,NY_AM_H_00004368,OBJECTIVE_LIQUIDITY,NY_AM_HIGH,DOZ_LAST_00008382,DISPLACEMENT_ORIGIN,DOZ_LAST,2014-09-15T11:42:00+00:00,2014-09-15T11:43:00+00:00,2014-09-15T11:43:00+00:00,2014-09-15T11:46:00+00:00,2014-09-15T11:47:00+00:00,896383,896386,896387,SHORT,RESISTANCE,1237.8919999999998,1239.268,1237.8919999999998,1239.242,0.9811046511627446,2014-09-12T12:00:00+00:00,2014-09-12T15:00:00+00:00,1h,DOZ_LAST,2014-09-12T15:59:00+00:00,2014-09-12T16:00:00+00:00,SESSION,NY_AM_HIGH,NY_AM,NY_PM,LONDON,True
2c48112023ae44d1e3ce9946,2014,DOZ_BODY_00003844,ASIA_CME_H_00004454,DOZ_BODY_00003844,DISPLACEMENT_ORIGIN,DOZ_BODY,ASIA_CME_H_00004454,OBJECTIVE_LIQUIDITY,ASIA_CME_HIGH,2014-09-25T13:51:00+00:00,2014-09-25T13:51:00+00:00,2014-09-25T13:51:00+00:00,2014-09-25T13:51:00+00:00,2014-09-25T13:52:00+00:00,910911,910911,910912,SHORT,RESISTANCE,1216.3555,1216.9054999999998,1216.4765000000002,1216.9054999999998,0.7799999999993964,2014-09-24T23:15:00+00:00,2014-09-25T00:00:00+00:00,15min,DOZ_BODY,2014-09-25T06:59:00+00:00,2014-09-25T07:00:00+00:00,SESSION,ASIA_CME_HIGH,ASIA_CME,LONDON,NY_AM,True
e8159de76bb7d90e7599bf29,2014,DOZ_BASE_00008420,NY_AM_H_00004518,NY_AM_H_00004518,OBJECTIVE_LIQUIDITY,NY_AM_HIGH,DOZ_BASE_00008420,DISPLACEMENT_ORIGIN,DOZ_BASE,2014-10-06T16:58:00+00:00,2014-10-06T16:58:00+00:00,2014-10-06T16:58:00+00:00,2014-10-06T16:58:00+00:00,2014-10-06T16:59:00+00:00,926938,926938,926939,SHORT,RESISTANCE,1208.8644999999997,1210.2285000000002,1208.8644999999997,1210.2285000000002,1.0,2014-10-03T09:00:00+00:00,2014-10-03T14:00:00+00:00,1h,DOZ_BASE,2014-10-03T15:59:00+00:00,2014-10-03T16:00:00+00:00,SESSION,NY_AM_HIGH,NY_AM,NY_PM,NY_PM,True
0f508b669166b45b07a9ebb5,2014,DOZ_LAST_00003978,PDH_00000932,PDH_00000932,OBJECTIVE_LIQUIDITY,PDH,DOZ_LAST_00003978,DISPLACEMENT_ORIGIN,DOZ_LAST,2014-10-13T22:00:00+00:00,2014-10-13T22:00:00+00:00,2014-10-13T22:00:00+00:00,2014-10-13T22:00:00+00:00,2014-10-13T22:01:00+00:00,937320,937320,937321,SHORT,RESISTANCE,1236.9895000000001,1238.7655,1236.9895000000001,1237.8775,0.5,2014-10-13T06:45:00+00:00,2014-10-13T07:30:00+00:00,15min,DOZ_LAST,2014-10-13T17:00:00+00:00,2014-10-13T22:00:00+00:00,D1,PDH,LONDON,ASIA_CME,ASIA_CME,True
0fa8a8c46438ec2291e1bdda,2014,DOZ_LAST_00003972,ASIA_CME_L_00004575,DOZ_LAST_00003972,DISPLACEMENT_ORIGIN,DOZ_LAST,ASIA_CME_L_00004575,OBJECTIVE_LIQUIDITY,ASIA_CME_LOW,2014-10-15T01:28:00+00:00,2014-10-15T01:28:00+00:00,2014-10-15T01:28:00+00:00,2014-10-15T01:28:00+00:00,2014-10-15T01:29:00+00:00,938968,938968,938969,LONG,SUPPORT,1223.4450000000002,1224.1495,1223.4450000000002,1224.0290000000005,0.8289567068849285,2014-10-12T22:00:00+00:00,2014-10-12T22:15:00+00:00,15min,DOZ_LAST,2014-10-13T06:59:00+00:00,2014-10-13T07:00:00+00:00,SESSION,ASIA_CME_LOW,ASIA_CME,LONDON,ASIA_CME,True
904ca2029385b1943c923246,2014,DOZ_LAST_00003936,PDL_00000925,DOZ_LAST_00003936,DISPLACEMENT_ORIGIN,DOZ_LAST,PDL_00000925,OBJECTIVE_LIQUIDITY,PDL,2014-10-30T08:09:00+00:00,2014-10-30T08:08:00+00:00,2014-10-30T08:09:00+00:00,2014-10-30T08:10:00+00:00,2014-10-30T08:11:00+00:00,960969,960970,960971,LONG,SUPPORT,1201.531,1202.865,1202.1675000000005,1202.865,0.5228635682155208,2014-10-06T16:15:00+00:00,2014-10-06T17:00:00+00:00,15min,DOZ_LAST,2014-10-07T20:59:00+00:00,2014-10-07T22:00:00+00:00,D1,PDL,NY_PM,ASIA_CME,LONDON,True
901d07a79daacc5016418a31,2014,DOZ_LAST_00008487,LONDON_H_00004744,LONDON_H_00004744,OBJECTIVE_LIQUIDITY,LONDON_HIGH,DOZ_LAST_00008487,DISPLACEMENT_ORIGIN,DOZ_LAST,2014-11-05T15:47:00+00:00,2014-11-05T15:47:00+00:00,2014-11-05T15:47:00+00:00,2014-11-05T15:49:00+00:00,2014-11-05T15:50:00+00:00,970067,970069,970070,SHORT,RESISTANCE,1148.973,1150.3490000000002,1148.973,1150.3490000000002,1.0,2014-11-05T08:00:00+00:00,2014-11-05T12:00:00+00:00,1h,DOZ_LAST,2014-11-05T12:59:00+00:00,2014-11-05T13:00:00+00:00,SESSION,LONDON_HIGH,LONDON,NY_AM,NY_AM,True
750cd463cce97ff6b122926c,2014,DOZ_BASE_00004190,NY_PM_L_00004819,NY_PM_L_00004819,OBJECTIVE_LIQUIDITY,NY_PM_LOW,DOZ_BASE_00004190,DISPLACEMENT_ORIGIN,DOZ_BASE,2014-11-19T15:48:00+00:00,2014-11-19T15:48:00+00:00,2014-11-19T15:48:00+00:00,2014-11-19T15:50:00+00:00,2014-11-19T15:51:00+00:00,990228,990230,990231,LONG,SUPPORT,1174.9599999999998,1177.3200000000004,1174.9599999999998,1177.3200000000004,1.0,2014-11-14T16:15:00+00:00,2014-11-14T17:15:00+00:00,15min,DOZ_BASE,2014-11-14T20:59:00+00:00,2014-11-14T21:00:00+00:00,SESSION,NY_PM_LOW,NY_PM,TRANSITION,NY_AM,True
67f6d609147638a2d8a2d81a,2014,DOZ_LAST_00004251,NY_AM_H_00004918,NY_AM_H_00004918,OBJECTIVE_LIQUIDITY,NY_AM_HIGH,DOZ_LAST_00004251,DISPLACEMENT_ORIGIN,DOZ_LAST,2014-12-01T14:31:00+00:00,2014-12-01T14:32:00+00:00,2014-12-01T14:32:00+00:00,2014-12-01T14:32:00+00:00,2014-12-01T14:33:00+00:00,1007432,1007432,1007433,SHORT,RESISTANCE,1188.7679999999998,1190.1000000000001,1188.7679999999998,1189.434,0.5,2014-11-28T13:45:00+00:00,2014-11-28T14:00:00+00:00,15min,DOZ_LAST,2014-11-28T16:59:00+00:00,2014-11-28T17:00:00+00:00,SESSION,NY_AM_HIGH,NY_AM,NY_PM,NY_AM,True
66c92173c64b01310b09d1a8,2014,DOZ_BODY_00007003,NY_PM_L_00004929,DOZ_BODY_00007003,DISPLACEMENT_ORIGIN,DOZ_BODY,NY_PM_L_00004929,OBJECTIVE_LIQUIDITY,NY_PM_LOW,2014-12-02T00:28:00+00:00,2014-12-02T00:28:00+00:00,2014-12-02T00:28:00+00:00,2014-12-02T00:29:00+00:00,2014-12-02T00:30:00+00:00,1008028,1008029,1008030,LONG,SUPPORT,1203.141,1203.6685,1203.141,1203.656,0.9763033175354552,2014-12-01T17:30:00+00:00,2014-12-01T18:00:00+00:00,30min,DOZ_BODY,2014-12-01T20:59:00+00:00,2014-12-01T21:00:00+00:00,SESSION,NY_PM_LOW,NY_PM,TRANSITION,ASIA_CME,True
5785c05fee7419a5aa12bdd3,2014,DOZ_BODY_00004273,LONDON_H_00004934,LONDON_H_00004934,OBJECTIVE_LIQUIDITY,LONDON_HIGH,DOZ_BODY_00004273,DISPLACEMENT_ORIGIN,DOZ_BODY,2014-12-03T08:02:00+00:00,2014-12-03T08:02:00+00:00,2014-12-03T08:02:00+00:00,2014-12-03T08:02:00+00:00,2014-12-03T08:03:00+00:00,1009922,1009922,1009923,SHORT,RESISTANCE,1205.432,1206.8880000000001,1205.432,1206.8880000000001,1.0,2014-12-02T07:30:00+00:00,2014-12-02T08:45:00+00:00,15min,DOZ_BODY,2014-12-02T12:59:00+00:00,2014-12-02T13:00:00+00:00,SESSION,LONDON_HIGH,LONDON,NY_AM,LONDON,True
0b2ecff4b2e1c59768edefbf,2014,DOZ_LAST_00004368,NY_PM_H_00005030,NY_PM_H_00005030,OBJECTIVE_LIQUIDITY,NY_PM_HIGH,DOZ_LAST_00004368,DISPLACEMENT_ORIGIN,DOZ_LAST,2014-12-16T12:01:00+00:00,2014-12-16T12:01:00+00:00,2014-12-16T12:01:00+00:00,2014-12-16T12:01:00+00:00,2014-12-16T12:02:00+00:00,1028881,1028881,1028882,SHORT,RESISTANCE,1215.8159999999996,1216.8280000000002,1215.8159999999996,1216.8280000000002,1.0,2014-12-15T17:00:00+00:00,2014-12-15T17:45:00+00:00,15min,DOZ_LAST,2014-12-15T20:59:00+00:00,2014-12-15T21:00:00+00:00,SESSION,NY_PM_HIGH,NY_PM,TRANSITION,LONDON,True
