event_id,source_year,doz_zone_id,objective_zone_id,anchor_zone_id,anchor_family,anchor_variant,partner_zone_id,partner_family,partner_variant,doz_contact_time,objective_contact_time,confluence_time,confirm_time,entry_time,confluence_idx,causal_clean_rejection_trigger_minutes,confirm_idx,entry_idx,direction,anchor_side,doz_side,objective_side,side_relation,anchor_lower,anchor_upper,pair_lower,pair_upper,direct_overlap,doz_origin_time,doz_known_time,doz_source_tf,doz_variant,objective_origin_time,objective_known_time,objective_source_tf,objective_variant,doz_activation_session,objective_activation_session,entry_session,timing_integrity_pass,prefix_invariance_pass
035eec6b5bc4ef3f86072678,2021,DOZ_LAST_00001614,NY_AM_H_00002204,NY_AM_H_00002204,OBJECTIVE_LIQUIDITY,NY_AM_HIGH,DOZ_LAST_00001614,DISPLACEMENT_ORIGIN,DOZ_LAST,2021-01-03T23:00:00+00:00,2021-01-03T23:00:00+00:00,2021-01-03T23:00:00+00:00,2021-01-03T23:00:00+00:00,2021-01-03T23:01:00+00:00,531300,0,531300,531301,SHORT,RESISTANCE,RESISTANCE,RESISTANCE,SAME_SIDE,1910.940299297606,1912.6197007023939,1910.940299297606,1912.6197007023939,1.0,2020-11-09T13:00:00+00:00,2020-11-09T13:15:00+00:00,15min,DOZ_LAST,2020-11-09T16:59:00+00:00,2020-11-09T17:00:00+00:00,SESSION,NY_AM_HIGH,NY_AM,NY_PM,ASIA_CME,True,True
922575f2501a4ff7686787a1,2021,DOZ_BASE_00005270,LONDON_L_00002577,LONDON_L_00002577,OBJECTIVE_LIQUIDITY,LONDON_LOW,DOZ_BASE_00005270,DISPLACEMENT_ORIGIN,DOZ_BASE,2021-01-06T12:44:00+00:00,2021-01-06T12:44:00+00:00,2021-01-06T12:44:00+00:00,2021-01-06T12:44:00+00:00,2021-01-06T12:45:00+00:00,535004,0,535004,535005,LONG,SUPPORT,SUPPORT,SUPPORT,SAME_SIDE,1923.7575000000002,1925.5854999999997,1923.7575000000002,1925.5854999999997,1.0,2021-01-04T07:00:00+00:00,2021-01-04T08:30:00+00:00,30min,DOZ_BASE,2021-01-04T12:59:00+00:00,2021-01-04T13:00:00+00:00,SESSION,LONDON_LOW,LONDON,NY_AM,LONDON,True,True
789b9592a028a27fc0d87c5d,2021,DOZ_BASE_00007178,LONDON_L_00002725,LONDON_L_00002725,OBJECTIVE_LIQUIDITY,LONDON_LOW,DOZ_BASE_00007178,DISPLACEMENT_ORIGIN,DOZ_BASE,2021-01-25T15:09:00+00:00,2021-01-25T15:11:00+00:00,2021-01-25T15:11:00+00:00,2021-01-25T15:11:00+00:00,2021-01-25T15:12:00+00:00,562511,0,562511,562512,LONG,SUPPORT,SUPPORT,SUPPORT,SAME_SIDE,1849.4160000000002,1850.924,1849.48,1850.924,0.9575596816977063,2021-01-25T09:00:00+00:00,2021-01-25T11:00:00+00:00,1h,DOZ_BASE,2021-01-25T12:59:00+00:00,2021-01-25T13:00:00+00:00,SESSION,LONDON_LOW,LONDON,NY_AM,NY_AM,True,True
af13a3b880a71853c03dff3a,2021,DOZ_LAST_00002025,LONDON_L_00002755,LONDON_L_00002755,OBJECTIVE_LIQUIDITY,LONDON_LOW,DOZ_LAST_00002025,DISPLACEMENT_ORIGIN,DOZ_LAST,2021-01-28T18:08:00+00:00,2021-01-28T18:08:00+00:00,2021-01-28T18:08:00+00:00,2021-01-28T18:08:00+00:00,2021-01-28T18:09:00+00:00,567008,0,567008,567009,LONG,SUPPORT,SUPPORT,SUPPORT,SAME_SIDE,1833.8175,1835.3654999999999,1834.215,1835.3654999999999,0.7432170542636518,2021-01-28T07:45:00+00:00,2021-01-28T08:15:00+00:00,15min,DOZ_LAST,2021-01-28T12:59:00+00:00,2021-01-28T13:00:00+00:00,SESSION,LONDON_LOW,LONDON,NY_AM,NY_PM,True,True
e175a10fa88ef00d85a1b3e1,2021,DOZ_LAST_00002061,LONDON_H_00002804,LONDON_H_00002804,OBJECTIVE_LIQUIDITY,LONDON_HIGH,DOZ_LAST_00002061,DISPLACEMENT_ORIGIN,DOZ_LAST,2021-02-08T12:52:00+00:00,2021-02-08T12:53:00+00:00,2021-02-08T12:53:00+00:00,2021-02-08T12:55:00+00:00,2021-02-08T12:56:00+00:00,582533,2,582535,582536,SHORT,RESISTANCE,RESISTANCE,RESISTANCE,SAME_SIDE,1825.8685000000003,1827.3884999999998,1825.8685000000003,1826.6285,0.5,2021-02-04T08:00:00+00:00,2021-02-04T09:15:00+00:00,15min,DOZ_LAST,2021-02-04T12:59:00+00:00,2021-02-04T13:00:00+00:00,SESSION,LONDON_HIGH,LONDON,NY_AM,LONDON,True,True
8e00875ee93070c288498008,2021,DOZ_LAST_00007182,PDH_00000564,DOZ_LAST_00007182,DISPLACEMENT_ORIGIN,DOZ_LAST,PDH_00000564,OBJECTIVE_LIQUIDITY,PDH,2021-02-08T14:10:00+00:00,2021-02-08T14:10:00+00:00,2021-02-08T14:10:00+00:00,2021-02-08T14:14:00+00:00,2021-02-08T14:15:00+00:00,582610,4,582614,582615,SHORT,RESISTANCE,RESISTANCE,RESISTANCE,SAME_SIDE,1833.36,1834.81,1833.36,1834.81,1.0,2021-02-04T00:00:00+00:00,2021-02-04T02:00:00+00:00,1h,DOZ_LAST,2021-02-04T21:59:00+00:00,2021-02-04T23:00:00+00:00,D1,PDH,ASIA_CME,ASIA_CME,NY_AM,True,True
bcedf8131d9b1346c1c688ce,2021,DOZ_LAST_00002193,NY_PM_H_00002976,NY_PM_H_00002976,OBJECTIVE_LIQUIDITY,NY_PM_HIGH,DOZ_LAST_00002193,DISPLACEMENT_ORIGIN,DOZ_LAST,2021-03-02T12:53:00+00:00,2021-03-02T12:54:00+00:00,2021-03-02T12:54:00+00:00,2021-03-02T12:54:00+00:00,2021-03-02T12:55:00+00:00,614214,0,614214,614215,SHORT,RESISTANCE,RESISTANCE,RESISTANCE,SAME_SIDE,1733.9450000000002,1735.4249999999997,1733.9450000000002,1735.4249999999997,1.0,2021-03-01T16:45:00+00:00,2021-03-01T17:15:00+00:00,15min,DOZ_LAST,2021-03-01T20:59:00+00:00,2021-03-01T21:00:00+00:00,SESSION,NY_PM_HIGH,NY_PM,TRANSITION,LONDON,True,True
5bd8bafbbd48586427de9854,2021,DOZ_LAST_00002214,LONDON_H_00002992,LONDON_H_00002992,OBJECTIVE_LIQUIDITY,LONDON_HIGH,DOZ_LAST_00002214,DISPLACEMENT_ORIGIN,DOZ_LAST,2021-03-11T03:17:00+00:00,2021-03-11T03:17:00+00:00,2021-03-11T03:17:00+00:00,2021-03-11T03:18:00+00:00,2021-03-11T03:19:00+00:00,626597,1,626598,626599,SHORT,RESISTANCE,RESISTANCE,RESISTANCE,SAME_SIDE,1733.215,1734.2549999999999,1733.3525,1734.2549999999999,0.8677884615384132,2021-03-03T07:45:00+00:00,2021-03-03T08:15:00+00:00,15min,DOZ_LAST,2021-03-03T12:59:00+00:00,2021-03-03T13:00:00+00:00,SESSION,LONDON_HIGH,LONDON,NY_AM,ASIA_CME,True,True
069ce35c67a1970400ac4008,2021,DOZ_LAST_00007260,NY_AM_L_00003045,NY_AM_L_00003045,OBJECTIVE_LIQUIDITY,NY_AM_LOW,DOZ_LAST_00007260,DISPLACEMENT_ORIGIN,DOZ_LAST,2021-03-12T06:13:00+00:00,2021-03-12T06:13:00+00:00,2021-03-12T06:13:00+00:00,2021-03-12T06:13:00+00:00,2021-03-12T06:14:00+00:00,628213,0,628213,628214,LONG,SUPPORT,SUPPORT,SUPPORT,SAME_SIDE,1710.7155000000002,1712.2675,1710.7155000000002,1712.2675,1.0,2021-03-10T12:00:00+00:00,2021-03-10T14:00:00+00:00,1h,DOZ_LAST,2021-03-10T16:59:00+00:00,2021-03-10T17:00:00+00:00,SESSION,NY_AM_LOW,NY_AM,NY_PM,ASIA_CME,True,True
bff01493700032527071568b,2021,DOZ_BASE_00007271,NY_AM_H_00003104,NY_AM_H_00003104,OBJECTIVE_LIQUIDITY,NY_AM_HIGH,DOZ_BASE_00007271,DISPLACEMENT_ORIGIN,DOZ_BASE,2021-03-18T16:02:00+00:00,2021-03-18T16:02:00+00:00,2021-03-18T16:02:00+00:00,2021-03-18T16:02:00+00:00,2021-03-18T16:03:00+00:00,637442,0,637442,637443,SHORT,RESISTANCE,RESISTANCE,RESISTANCE,SAME_SIDE,1732.8729999999998,1734.3170000000002,1732.8729999999998,1734.3170000000002,1.0,2021-03-18T10:00:00+00:00,2021-03-18T14:00:00+00:00,1h,DOZ_BASE,2021-03-18T15:59:00+00:00,2021-03-18T16:00:00+00:00,SESSION,NY_AM_HIGH,NY_AM,NY_PM,NY_PM,True,True
0ecd3e0e3b227980e5d87bc1,2021,DOZ_BODY_00005572,ASIA_CME_L_00003221,ASIA_CME_L_00003221,OBJECTIVE_LIQUIDITY,ASIA_CME_LOW,DOZ_BODY_00005572,DISPLACEMENT_ORIGIN,DOZ_BODY,2021-04-06T07:07:00+00:00,2021-04-06T07:08:00+00:00,2021-04-06T07:08:00+00:00,2021-04-06T07:08:00+00:00,2021-04-06T07:09:00+00:00,664268,0,664268,664269,LONG,SUPPORT,SUPPORT,SUPPORT,SAME_SIDE,1726.697,1727.8730000000003,1727.55,1727.8730000000003,0.5732031943217989,2021-04-05T23:00:00+00:00,2021-04-06T01:30:00+00:00,30min,DOZ_BODY,2021-04-06T06:59:00+00:00,2021-04-06T07:00:00+00:00,SESSION,ASIA_CME_LOW,ASIA_CME,LONDON,LONDON,True,True
98e3066146d20026ff1b59db,2021,DOZ_BODY_00005605,NY_AM_L_00003315,DOZ_BODY_00005605,DISPLACEMENT_ORIGIN,DOZ_BODY,NY_AM_L_00003315,OBJECTIVE_LIQUIDITY,NY_AM_LOW,2021-04-20T02:34:00+00:00,2021-04-20T02:33:00+00:00,2021-04-20T02:34:00+00:00,2021-04-20T02:34:00+00:00,2021-04-20T02:35:00+00:00,684154,0,684154,684155,LONG,SUPPORT,SUPPORT,SUPPORT,SAME_SIDE,1766.1015000000002,1766.6565,1766.2869999999998,1766.6565,0.6657657657664013,2021-04-16T09:30:00+00:00,2021-04-16T10:00:00+00:00,30min,DOZ_BODY,2021-04-19T15:59:00+00:00,2021-04-19T16:00:00+00:00,SESSION,NY_AM_LOW,LONDON,NY_PM,ASIA_CME,True,True
19dcc8624d207c7f342eb84e,2021,DOZ_BODY_00002530,LONDON_H_00003382,DOZ_BODY_00002530,DISPLACEMENT_ORIGIN,DOZ_BODY,LONDON_H_00003382,OBJECTIVE_LIQUIDITY,LONDON_HIGH,2021-04-28T12:57:00+00:00,2021-04-28T12:57:00+00:00,2021-04-28T12:57:00+00:00,2021-04-28T12:57:00+00:00,2021-04-28T12:58:00+00:00,696297,0,696297,696298,SHORT,RESISTANCE,RESISTANCE,RESISTANCE,SAME_SIDE,1769.5465,1770.4415,1769.8035,1770.4415,0.7128491620110983,2021-04-28T08:45:00+00:00,2021-04-28T09:30:00+00:00,15min,DOZ_BODY,2021-04-28T11:59:00+00:00,2021-04-28T12:00:00+00:00,SESSION,LONDON_HIGH,LONDON,NY_AM,NY_AM,True,True
01347b68eb4cb2ce58b278fc,2021,DOZ_BODY_00007348,LONDON_L_00003413,DOZ_BODY_00007348,DISPLACEMENT_ORIGIN,DOZ_BODY,LONDON_L_00003413,OBJECTIVE_LIQUIDITY,LONDON_LOW,2021-05-04T15:15:00+00:00,2021-05-04T15:15:00+00:00,2021-05-04T15:15:00+00:00,2021-05-04T15:15:00+00:00,2021-05-04T15:16:00+00:00,705075,0,705075,705076,LONG,SUPPORT,SUPPORT,SUPPORT,SAME_SIDE,1773.7965,1774.419,1773.8295,1774.419,0.9469879518070362,2021-05-03T06:00:00+00:00,2021-05-03T07:00:00+00:00,1h,DOZ_BODY,2021-05-03T11:59:00+00:00,2021-05-03T12:00:00+00:00,SESSION,LONDON_LOW,LONDON,NY_AM,NY_AM,True,True
6b52fda258ca63c9c43a38e2,2021,DOZ_BODY_00007228,NY_AM_H_00002944,NY_AM_H_00002944,OBJECTIVE_LIQUIDITY,NY_AM_HIGH,DOZ_BODY_00007228,DISPLACEMENT_ORIGIN,DOZ_BODY,2021-05-06T13:39:00+00:00,2021-05-06T13:41:00+00:00,2021-05-06T13:41:00+00:00,2021-05-06T13:41:00+00:00,2021-05-06T13:42:00+00:00,707861,0,707861,707862,SHORT,RESISTANCE,RESISTANCE,RESISTANCE,SAME_SIDE,1807.818,1809.5420000000001,1807.818,1808.495,0.5233861615770469,2021-02-24T12:00:00+00:00,2021-02-24T14:00:00+00:00,1h,DOZ_BODY,2021-02-24T16:59:00+00:00,2021-02-24T17:00:00+00:00,SESSION,NY_AM_HIGH,NY_AM,NY_PM,NY_AM,True,True
b5b336d2410c92b057eb9dd3,2021,DOZ_LAST_00002157,LONDON_H_00002942,DOZ_LAST_00002157,DISPLACEMENT_ORIGIN,DOZ_LAST,LONDON_H_00002942,OBJECTIVE_LIQUIDITY,LONDON_HIGH,2021-05-06T13:47:00+00:00,2021-05-06T13:47:00+00:00,2021-05-06T13:47:00+00:00,2021-05-06T13:47:00+00:00,2021-05-06T13:48:00+00:00,707867,0,707867,707868,SHORT,RESISTANCE,RESISTANCE,RESISTANCE,SAME_SIDE,1808.71,1810.3325,1809.4925000000003,1810.3325,0.517719568566853,2021-02-24T12:30:00+00:00,2021-02-24T13:45:00+00:00,15min,DOZ_LAST,2021-02-24T12:59:00+00:00,2021-02-24T13:00:00+00:00,SESSION,LONDON_HIGH,NY_AM,NY_AM,NY_AM,True,True
2b785e4f90528a349af2fba3,2021,DOZ_BODY_00005725,TRANSITION_H_00003488,DOZ_BODY_00005725,DISPLACEMENT_ORIGIN,DOZ_BODY,TRANSITION_H_00003488,OBJECTIVE_LIQUIDITY,TRANSITION_HIGH,2021-05-13T01:10:00+00:00,2021-05-13T01:10:00+00:00,2021-05-13T01:10:00+00:00,2021-05-13T01:11:00+00:00,2021-05-13T01:12:00+00:00,717190,1,717191,717192,SHORT,RESISTANCE,RESISTANCE,RESISTANCE,SAME_SIDE,1819.8135,1820.425,1819.8135,1820.425,1.0,2021-05-12T20:00:00+00:00,2021-05-12T20:30:00+00:00,30min,DOZ_BODY,2021-05-12T20:59:00+00:00,2021-05-12T22:00:00+00:00,SESSION,TRANSITION_HIGH,TRANSITION,ASIA_CME,ASIA_CME,True,True
5d9a045af607458ee9b50800,2021,DOZ_LAST_00002643,LONDON_L_00003523,LONDON_L_00003523,OBJECTIVE_LIQUIDITY,LONDON_LOW,DOZ_LAST_00002643,DISPLACEMENT_ORIGIN,DOZ_LAST,2021-05-18T13:11:00+00:00,2021-05-18T13:11:00+00:00,2021-05-18T13:11:00+00:00,2021-05-18T13:11:00+00:00,2021-05-18T13:12:00+00:00,725111,0,725111,725112,LONG,SUPPORT,SUPPORT,SUPPORT,SAME_SIDE,1864.4615,1866.1815000000001,1865.3215,1866.1815000000001,0.5,2021-05-18T11:30:00+00:00,2021-05-18T12:30:00+00:00,15min,DOZ_LAST,2021-05-18T11:59:00+00:00,2021-05-18T12:00:00+00:00,SESSION,LONDON_LOW,NY_AM,NY_AM,NY_AM,True,True
e05f11c518d8fc062e4cf41d,2021,DOZ_BODY_00005752,NY_AM_L_00003535,NY_AM_L_00003535,OBJECTIVE_LIQUIDITY,NY_AM_LOW,DOZ_BODY_00005752,DISPLACEMENT_ORIGIN,DOZ_BODY,2021-06-04T01:56:00+00:00,2021-06-04T01:56:00+00:00,2021-06-04T01:56:00+00:00,2021-06-04T01:56:00+00:00,2021-06-04T01:57:00+00:00,748916,0,748916,748917,LONG,SUPPORT,SUPPORT,SUPPORT,SAME_SIDE,1854.5215000000003,1856.0454999999997,1854.5215000000003,1856.0454999999997,1.0,2021-05-19T11:30:00+00:00,2021-05-19T13:00:00+00:00,30min,DOZ_BODY,2021-05-19T15:59:00+00:00,2021-05-19T16:00:00+00:00,SESSION,NY_AM_LOW,NY_AM,NY_PM,ASIA_CME,True,True
d58920743046b7e2fadbd7e9,2021,DOZ_LAST_00002649,PDL_00000711,DOZ_LAST_00002649,DISPLACEMENT_ORIGIN,DOZ_LAST,PDL_00000711,OBJECTIVE_LIQUIDITY,PDL,2021-06-14T10:31:00+00:00,2021-06-14T10:31:00+00:00,2021-06-14T10:31:00+00:00,2021-06-14T10:34:00+00:00,2021-06-14T10:35:00+00:00,763831,3,763834,763835,LONG,SUPPORT,SUPPORT,SUPPORT,SAME_SIDE,1852.525,1854.7585,1852.525,1853.6564999999998,0.5066039847771762,2021-05-19T11:45:00+00:00,2021-05-19T13:00:00+00:00,15min,DOZ_LAST,2021-05-19T20:59:00+00:00,2021-05-19T22:00:00+00:00,D1,PDL,NY_AM,ASIA_CME,LONDON,True,True
b3543262e31660f3aa7d9891,2021,DOZ_BODY_00002959,ASIA_CME_L_00003867,DOZ_BODY_00002959,DISPLACEMENT_ORIGIN,DOZ_BODY,ASIA_CME_L_00003867,OBJECTIVE_LIQUIDITY,ASIA_CME_LOW,2021-07-06T16:13:00+00:00,2021-07-06T16:13:00+00:00,2021-07-06T16:13:00+00:00,2021-07-06T16:13:00+00:00,2021-07-06T16:14:00+00:00,795853,0,795853,795854,LONG,SUPPORT,SUPPORT,SUPPORT,SAME_SIDE,1791.49,1791.85,1791.49,1791.688,0.5500000000004105,2021-07-06T01:00:00+00:00,2021-07-06T02:15:00+00:00,15min,DOZ_BODY,2021-07-06T06:59:00+00:00,2021-07-06T07:00:00+00:00,SESSION,ASIA_CME_LOW,ASIA_CME,LONDON,NY_PM,True,True
c7060574fbb3076c1d4d592e,2021,DOZ_BODY_00005926,NY_AM_L_00003931,DOZ_BODY_00005926,DISPLACEMENT_ORIGIN,DOZ_BODY,NY_AM_L_00003931,OBJECTIVE_LIQUIDITY,NY_AM_LOW,2021-07-16T11:12:00+00:00,2021-07-16T11:12:00+00:00,2021-07-16T11:12:00+00:00,2021-07-16T11:12:00+00:00,2021-07-16T11:13:00+00:00,809952,0,809952,809953,LONG,SUPPORT,SUPPORT,SUPPORT,SAME_SIDE,1816.605,1817.0815,1816.605,1817.0815,1.0,2021-07-14T12:00:00+00:00,2021-07-14T12:30:00+00:00,30min,DOZ_BODY,2021-07-14T15:59:00+00:00,2021-07-14T16:00:00+00:00,SESSION,NY_AM_LOW,NY_AM,NY_PM,LONDON,True,True
e510203c9fa46a438f9e18d2,2021,DOZ_BODY_00003016,ASIA_CME_H_00003946,DOZ_BODY_00003016,DISPLACEMENT_ORIGIN,DOZ_BODY,ASIA_CME_H_00003946,OBJECTIVE_LIQUIDITY,ASIA_CME_HIGH,2021-07-29T15:43:00+00:00,2021-07-29T15:43:00+00:00,2021-07-29T15:43:00+00:00,2021-07-29T15:43:00+00:00,2021-07-29T15:44:00+00:00,828943,0,828943,828944,SHORT,RESISTANCE,RESISTANCE,RESISTANCE,SAME_SIDE,1832.15,1832.4935,1832.15,1832.4935,1.0,2021-07-15T09:45:00+00:00,2021-07-15T10:30:00+00:00,15min,DOZ_BODY,2021-07-16T06:59:00+00:00,2021-07-16T07:00:00+00:00,SESSION,ASIA_CME_HIGH,LONDON,LONDON,NY_AM,True,True
7724b1ba23d52ae4a88d77be,2021,DOZ_LAST_00003111,NY_AM_L_00004041,DOZ_LAST_00003111,DISPLACEMENT_ORIGIN,DOZ_LAST,NY_AM_L_00004041,OBJECTIVE_LIQUIDITY,NY_AM_LOW,2021-07-30T12:50:00+00:00,2021-07-30T12:48:00+00:00,2021-07-30T12:50:00+00:00,2021-07-30T12:50:00+00:00,2021-07-30T12:51:00+00:00,830210,0,830210,830211,LONG,SUPPORT,SUPPORT,SUPPORT,SAME_SIDE,1821.855,1823.275,1822.562,1823.275,0.502112676056448,2021-07-29T10:45:00+00:00,2021-07-29T11:30:00+00:00,15min,DOZ_LAST,2021-07-29T15:59:00+00:00,2021-07-29T16:00:00+00:00,SESSION,NY_AM_LOW,LONDON,NY_PM,NY_AM,True,True
fe3b7528a6ac32b6eef615e2,2021,DOZ_BODY_00005974,NY_PM_L_00004053,DOZ_BODY_00005974,DISPLACEMENT_ORIGIN,DOZ_BODY,NY_PM_L_00004053,OBJECTIVE_LIQUIDITY,NY_PM_LOW,2021-08-02T01:30:00+00:00,2021-08-02T01:30:00+00:00,2021-08-02T01:30:00+00:00,2021-08-02T01:30:00+00:00,2021-08-02T01:31:00+00:00,833850,0,833850,833851,LONG,SUPPORT,SUPPORT,SUPPORT,SAME_SIDE,1809.42,1810.1185,1809.6270000000004,1810.1185,0.7036506800281397,2021-07-29T00:00:00+00:00,2021-07-29T01:30:00+00:00,30min,DOZ_BODY,2021-07-30T19:59:00+00:00,2021-07-30T20:00:00+00:00,SESSION,NY_PM_LOW,ASIA_CME,TRANSITION,ASIA_CME,True,True
fada55d1f1f4eb545cf0305f,2021,DOZ_LAST_00007479,ASIA_CME_L_00004037,ASIA_CME_L_00004037,OBJECTIVE_LIQUIDITY,ASIA_CME_LOW,DOZ_LAST_00007479,DISPLACEMENT_ORIGIN,DOZ_LAST,2021-08-02T06:36:00+00:00,2021-08-02T06:37:00+00:00,2021-08-02T06:37:00+00:00,2021-08-02T06:37:00+00:00,2021-08-02T06:38:00+00:00,834157,0,834157,834158,LONG,SUPPORT,SUPPORT,SUPPORT,SAME_SIDE,1806.2065,1807.6225000000002,1806.9145,1807.6225000000002,0.7704026115344772,2021-07-28T22:00:00+00:00,2021-07-29T02:00:00+00:00,1h,DOZ_LAST,2021-07-29T06:59:00+00:00,2021-07-29T07:00:00+00:00,SESSION,ASIA_CME_LOW,ASIA_CME,LONDON,ASIA_CME,True,True
62eb137afe37e77868fe3320,2021,DOZ_BODY_00003133,ASIA_CME_H_00004056,ASIA_CME_H_00004056,OBJECTIVE_LIQUIDITY,ASIA_CME_HIGH,DOZ_BODY_00003133,DISPLACEMENT_ORIGIN,DOZ_BODY,2021-08-02T14:49:00+00:00,2021-08-02T14:50:00+00:00,2021-08-02T14:50:00+00:00,2021-08-02T14:50:00+00:00,2021-08-02T14:51:00+00:00,834650,0,834650,834651,SHORT,RESISTANCE,RESISTANCE,RESISTANCE,SAME_SIDE,1816.1435000000001,1817.7995,1816.1435000000001,1816.685,0.5264948954787263,2021-08-02T01:00:00+00:00,2021-08-02T01:30:00+00:00,15min,DOZ_BODY,2021-08-02T06:59:00+00:00,2021-08-02T07:00:00+00:00,SESSION,ASIA_CME_HIGH,ASIA_CME,LONDON,NY_AM,True,True
ce9ecf6d68b4a4cc4505ea76,2021,DOZ_LAST_00007290,NY_AM_L_00003205,NY_AM_L_00003205,OBJECTIVE_LIQUIDITY,NY_AM_LOW,DOZ_LAST_00007290,DISPLACEMENT_ORIGIN,DOZ_LAST,2021-08-08T22:53:00+00:00,2021-08-08T22:53:00+00:00,2021-08-08T22:53:00+00:00,2021-08-08T22:53:00+00:00,2021-08-08T22:54:00+00:00,843773,0,843773,843774,LONG,SUPPORT,SUPPORT,SUPPORT,SAME_SIDE,1714.9569999999999,1716.2930000000001,1714.9569999999999,1715.8835,0.6934880239519957,2021-04-01T11:00:00+00:00,2021-04-01T14:00:00+00:00,1h,DOZ_LAST,2021-04-01T15:59:00+00:00,2021-04-01T16:00:00+00:00,SESSION,NY_AM_LOW,NY_AM,NY_PM,ASIA_CME,True,True
b4ba9319f63d56f67cd7393c,2021,DOZ_LAST_00006033,NY_AM_L_00004111,NY_AM_L_00004111,OBJECTIVE_LIQUIDITY,NY_AM_LOW,DOZ_LAST_00006033,DISPLACEMENT_ORIGIN,DOZ_LAST,2021-08-09T16:00:00+00:00,2021-08-09T16:00:00+00:00,2021-08-09T16:00:00+00:00,2021-08-09T16:02:00+00:00,2021-08-09T16:03:00+00:00,844800,2,844802,844803,LONG,SUPPORT,RESISTANCE,SUPPORT,OPPOSITE_SIDE,1725.5684999999996,1727.0365000000004,1726.3025,1727.0365000000004,0.5,2021-08-09T15:30:00+00:00,2021-08-09T16:00:00+00:00,30min,DOZ_LAST,2021-08-09T15:59:00+00:00,2021-08-09T16:00:00+00:00,SESSION,NY_AM_LOW,NY_PM,NY_PM,NY_PM,True,True
34fe58d68c1035294144992d,2021,DOZ_BODY_00003160,PDH_00000820,DOZ_BODY_00003160,DISPLACEMENT_ORIGIN,DOZ_BODY,PDH_00000820,OBJECTIVE_LIQUIDITY,PDH,2021-09-03T14:41:00+00:00,2021-09-03T14:41:00+00:00,2021-09-03T14:41:00+00:00,2021-09-03T14:42:00+00:00,2021-09-03T14:43:00+00:00,880721,1,880722,880723,SHORT,RESISTANCE,RESISTANCE,RESISTANCE,SAME_SIDE,1830.17,1831.575,1830.5955,1831.575,0.6971530249111478,2021-08-04T13:30:00+00:00,2021-08-04T14:30:00+00:00,15min,DOZ_BODY,2021-08-04T20:59:00+00:00,2021-08-04T22:00:00+00:00,D1,PDH,NY_AM,ASIA_CME,NY_AM,True,True
97f606a7103937de7fd3206e,2021,DOZ_BODY_00003232,NY_AM_L_00004161,DOZ_BODY_00003232,DISPLACEMENT_ORIGIN,DOZ_BODY,NY_AM_L_00004161,OBJECTIVE_LIQUIDITY,NY_AM_LOW,2021-09-16T11:44:00+00:00,2021-09-16T11:44:00+00:00,2021-09-16T11:44:00+00:00,2021-09-16T11:44:00+00:00,2021-09-16T11:45:00+00:00,899264,0,899264,899265,LONG,SUPPORT,SUPPORT,SUPPORT,SAME_SIDE,1772.15,1772.755,1772.15,1772.755,1.0,2021-08-16T12:00:00+00:00,2021-08-16T12:45:00+00:00,15min,DOZ_BODY,2021-08-16T15:59:00+00:00,2021-08-16T16:00:00+00:00,SESSION,NY_AM_LOW,NY_AM,NY_PM,LONDON,True,True
933b071c96d52822fe85e851,2021,DOZ_LAST_00003210,PDL_00000835,PDL_00000835,OBJECTIVE_LIQUIDITY,PDL,DOZ_LAST_00003210,DISPLACEMENT_ORIGIN,DOZ_LAST,2021-09-16T13:38:00+00:00,2021-09-16T13:38:00+00:00,2021-09-16T13:38:00+00:00,2021-09-16T13:39:00+00:00,2021-09-16T13:40:00+00:00,899378,1,899379,899380,LONG,SUPPORT,SUPPORT,SUPPORT,SAME_SIDE,1750.882,1752.498,1751.69,1752.498,0.5,2021-08-13T01:15:00+00:00,2021-08-13T01:30:00+00:00,15min,DOZ_LAST,2021-08-13T20:59:00+00:00,2021-08-15T22:00:00+00:00,D1,PDL,ASIA_CME,ASIA_CME,NY_AM,True,True
d0089e3406ae51d7ed2a23eb,2021,DOZ_BODY_00006139,NY_AM_L_00004419,DOZ_BODY_00006139,DISPLACEMENT_ORIGIN,DOZ_BODY,NY_AM_L_00004419,OBJECTIVE_LIQUIDITY,NY_AM_LOW,2021-09-22T18:57:00+00:00,2021-09-22T18:57:00+00:00,2021-09-22T18:57:00+00:00,2021-09-22T18:58:00+00:00,2021-09-22T18:59:00+00:00,908337,1,908338,908339,LONG,SUPPORT,SUPPORT,SUPPORT,SAME_SIDE,1765.7685,1766.655,1766.1420000000003,1766.655,0.5786802030452934,2021-09-21T11:00:00+00:00,2021-09-21T12:30:00+00:00,30min,DOZ_BODY,2021-09-21T15:59:00+00:00,2021-09-21T16:00:00+00:00,SESSION,NY_AM_LOW,NY_AM,NY_PM,NY_PM,True,True
5da2b301182974789200effa,2021,DOZ_BODY_00003463,NY_AM_H_00004458,DOZ_BODY_00003463,DISPLACEMENT_ORIGIN,DOZ_BODY,NY_AM_H_00004458,OBJECTIVE_LIQUIDITY,NY_AM_HIGH,2021-09-30T14:49:00+00:00,2021-09-30T14:49:00+00:00,2021-09-30T14:49:00+00:00,2021-09-30T14:49:00+00:00,2021-09-30T14:50:00+00:00,919609,0,919609,919610,SHORT,RESISTANCE,RESISTANCE,RESISTANCE,SAME_SIDE,1758.388,1758.857,1758.388,1758.6609999999998,0.5820895522385527,2021-09-27T07:15:00+00:00,2021-09-27T08:00:00+00:00,15min,DOZ_BODY,2021-09-27T15:59:00+00:00,2021-09-27T16:00:00+00:00,SESSION,NY_AM_HIGH,LONDON,NY_PM,NY_AM,True,True
d3b313d259062168965491ea,2021,DOZ_BODY_00007591,NY_AM_H_00004438,DOZ_BODY_00007591,DISPLACEMENT_ORIGIN,DOZ_BODY,NY_AM_H_00004438,OBJECTIVE_LIQUIDITY,NY_AM_HIGH,2021-10-08T12:36:00+00:00,2021-10-08T12:36:00+00:00,2021-10-08T12:36:00+00:00,2021-10-08T12:36:00+00:00,2021-10-08T12:37:00+00:00,930996,0,930996,930997,SHORT,RESISTANCE,RESISTANCE,RESISTANCE,SAME_SIDE,1773.765,1773.9895,1773.765,1773.9895,1.0,2021-09-23T12:00:00+00:00,2021-09-23T14:00:00+00:00,1h,DOZ_BODY,2021-09-23T15:59:00+00:00,2021-09-23T16:00:00+00:00,SESSION,NY_AM_HIGH,NY_AM,NY_PM,NY_AM,True,True
a6add5b2304119c9fcf7a58f,2021,DOZ_LAST_00003591,LONDON_H_00004596,LONDON_H_00004596,OBJECTIVE_LIQUIDITY,LONDON_HIGH,DOZ_LAST_00003591,DISPLACEMENT_ORIGIN,DOZ_LAST,2021-10-22T06:38:00+00:00,2021-10-22T06:38:00+00:00,2021-10-22T06:38:00+00:00,2021-10-22T06:38:00+00:00,2021-10-22T06:39:00+00:00,950798,0,950798,950799,SHORT,RESISTANCE,RESISTANCE,RESISTANCE,SAME_SIDE,1791.599,1792.8709999999999,1791.599,1792.235,0.5,2021-10-15T07:00:00+00:00,2021-10-15T07:30:00+00:00,15min,DOZ_LAST,2021-10-15T11:59:00+00:00,2021-10-15T12:00:00+00:00,SESSION,LONDON_HIGH,LONDON,NY_AM,ASIA_CME,True,True
e890f113ead7cdfa4e881bf4,2021,DOZ_BODY_00006295,NY_AM_H_00004728,DOZ_BODY_00006295,DISPLACEMENT_ORIGIN,DOZ_BODY,NY_AM_H_00004728,OBJECTIVE_LIQUIDITY,NY_AM_HIGH,2021-11-04T12:22:00+00:00,2021-11-04T12:22:00+00:00,2021-11-04T12:22:00+00:00,2021-11-04T12:26:00+00:00,2021-11-04T12:27:00+00:00,969862,4,969866,969867,SHORT,RESISTANCE,RESISTANCE,RESISTANCE,SAME_SIDE,1784.663,1785.485,1785.019,1785.485,0.5669099756690479,2021-11-03T12:30:00+00:00,2021-11-03T13:00:00+00:00,30min,DOZ_BODY,2021-11-03T15:59:00+00:00,2021-11-03T16:00:00+00:00,SESSION,NY_AM_HIGH,NY_AM,NY_PM,NY_AM,True,True
c400e3bcdfb2afe43e3bdd6f,2021,DOZ_LAST_00003345,LONDON_H_00004316,LONDON_H_00004316,OBJECTIVE_LIQUIDITY,LONDON_HIGH,DOZ_LAST_00003345,DISPLACEMENT_ORIGIN,DOZ_LAST,2021-11-08T01:07:00+00:00,2021-11-08T01:07:00+00:00,2021-11-08T01:07:00+00:00,2021-11-08T01:10:00+00:00,2021-11-08T01:11:00+00:00,974947,3,974950,974951,SHORT,RESISTANCE,RESISTANCE,RESISTANCE,SAME_SIDE,1819.923,1821.2749999999999,1819.923,1820.599,0.5,2021-09-07T07:30:00+00:00,2021-09-07T08:15:00+00:00,15min,DOZ_LAST,2021-09-07T11:59:00+00:00,2021-09-07T12:00:00+00:00,SESSION,LONDON_HIGH,LONDON,NY_AM,ASIA_CME,True,True
b403e71b10861836832714fa,2021,DOZ_BODY_00003775,LONDON_H_00004796,LONDON_H_00004796,OBJECTIVE_LIQUIDITY,LONDON_HIGH,DOZ_BODY_00003775,DISPLACEMENT_ORIGIN,DOZ_BODY,2021-11-12T13:26:00+00:00,2021-11-12T13:28:00+00:00,2021-11-12T13:28:00+00:00,2021-11-12T13:29:00+00:00,2021-11-12T13:30:00+00:00,981448,1,981449,981450,SHORT,RESISTANCE,RESISTANCE,RESISTANCE,SAME_SIDE,1858.2199999999998,1859.3560000000002,1858.2199999999998,1858.42,0.5479452054801859,2021-11-12T07:45:00+00:00,2021-11-12T08:30:00+00:00,15min,DOZ_BODY,2021-11-12T12:59:00+00:00,2021-11-12T13:00:00+00:00,SESSION,LONDON_HIGH,LONDON,NY_AM,NY_AM,True,True
aac54db5e098aee658ff9a32,2021,DOZ_BODY_00007423,PDH_00000746,DOZ_BODY_00007423,DISPLACEMENT_ORIGIN,DOZ_BODY,PDH_00000746,OBJECTIVE_LIQUIDITY,PDH,2021-11-16T13:15:00+00:00,2021-11-16T13:15:00+00:00,2021-11-16T13:15:00+00:00,2021-11-16T13:15:00+00:00,2021-11-16T13:16:00+00:00,987195,0,987195,987196,SHORT,RESISTANCE,RESISTANCE,RESISTANCE,SAME_SIDE,1876.93,1877.595,1877.002,1877.595,0.8917293233084316,2021-06-11T21:00:00+00:00,2021-06-14T02:00:00+00:00,1h,DOZ_BODY,2021-06-14T20:59:00+00:00,2021-06-14T22:00:00+00:00,D1,PDH,ASIA_CME,ASIA_CME,NY_AM,True,True
cab5bb11fb09f3a761792ae3,2021,DOZ_BODY_00006301,NY_AM_L_00004739,DOZ_BODY_00006301,DISPLACEMENT_ORIGIN,DOZ_BODY,NY_AM_L_00004739,OBJECTIVE_LIQUIDITY,NY_AM_LOW,2021-11-24T14:10:00+00:00,2021-11-24T14:10:00+00:00,2021-11-24T14:10:00+00:00,2021-11-24T14:11:00+00:00,2021-11-24T14:12:00+00:00,998770,1,998771,998772,LONG,SUPPORT,SUPPORT,SUPPORT,SAME_SIDE,1778.487,1779.3429999999998,1778.542,1779.3429999999998,0.9357476635515757,2021-11-04T11:30:00+00:00,2021-11-04T13:00:00+00:00,30min,DOZ_BODY,2021-11-04T15:59:00+00:00,2021-11-04T16:00:00+00:00,SESSION,NY_AM_LOW,NY_AM,NY_PM,NY_AM,True,True
ff00f2cb1e1e2f28a9207069,2021,DOZ_BODY_00003868,NY_AM_H_00004904,NY_AM_H_00004904,OBJECTIVE_LIQUIDITY,NY_AM_HIGH,DOZ_BODY_00003868,DISPLACEMENT_ORIGIN,DOZ_BODY,2021-11-30T05:34:00+00:00,2021-11-30T05:36:00+00:00,2021-11-30T05:36:00+00:00,2021-11-30T05:36:00+00:00,2021-11-30T05:37:00+00:00,1006896,0,1006896,1006897,SHORT,RESISTANCE,RESISTANCE,RESISTANCE,SAME_SIDE,1793.3474999999999,1794.8955000000005,1793.3474999999999,1793.7465,0.5018867924529284,2021-11-29T13:00:00+00:00,2021-11-29T14:00:00+00:00,15min,DOZ_BODY,2021-11-29T16:59:00+00:00,2021-11-29T17:00:00+00:00,SESSION,NY_AM_HIGH,NY_AM,NY_PM,ASIA_CME,True,True
c04730e2b74e8cc37705175e,2021,DOZ_BODY_00003910,LONDON_L_00004953,DOZ_BODY_00003910,DISPLACEMENT_ORIGIN,DOZ_BODY,LONDON_L_00004953,OBJECTIVE_LIQUIDITY,LONDON_LOW,2021-12-06T13:20:00+00:00,2021-12-06T13:19:00+00:00,2021-12-06T13:20:00+00:00,2021-12-06T13:20:00+00:00,2021-12-06T13:21:00+00:00,1016000,0,1016000,1016001,LONG,SUPPORT,SUPPORT,SUPPORT,SAME_SIDE,1776.0884999999998,1776.6999999999998,1776.0884999999998,1776.6999999999998,1.0,2021-12-03T16:45:00+00:00,2021-12-03T17:00:00+00:00,15min,DOZ_BODY,2021-12-06T12:59:00+00:00,2021-12-06T13:00:00+00:00,SESSION,LONDON_LOW,NY_PM,NY_AM,NY_AM,True,True
98356081fcb9534ed5fc9cd3,2021,DOZ_BODY_00007738,NY_AM_H_00005014,DOZ_BODY_00007738,DISPLACEMENT_ORIGIN,DOZ_BODY,NY_AM_H_00005014,OBJECTIVE_LIQUIDITY,NY_AM_HIGH,2021-12-16T06:16:00+00:00,2021-12-16T06:16:00+00:00,2021-12-16T06:16:00+00:00,2021-12-16T06:16:00+00:00,2021-12-16T06:17:00+00:00,1029976,0,1029976,1029977,SHORT,RESISTANCE,RESISTANCE,RESISTANCE,SAME_SIDE,1784.9665,1785.585,1784.9905000000003,1785.585,0.9611964430067252,2021-12-14T13:00:00+00:00,2021-12-14T14:00:00+00:00,1h,DOZ_BODY,2021-12-14T16:59:00+00:00,2021-12-14T17:00:00+00:00,SESSION,NY_AM_HIGH,NY_AM,NY_PM,ASIA_CME,True,True
8cff6e0d36c17af7b822ca1e,2021,DOZ_BODY_00007714,ASIA_CME_H_00005040,ASIA_CME_H_00005040,OBJECTIVE_LIQUIDITY,ASIA_CME_HIGH,DOZ_BODY_00007714,DISPLACEMENT_ORIGIN,DOZ_BODY,2021-12-17T07:58:00+00:00,2021-12-17T08:00:00+00:00,2021-12-17T08:00:00+00:00,2021-12-17T08:05:00+00:00,2021-12-17T08:06:00+00:00,1031520,5,1031525,1031526,SHORT,RESISTANCE,RESISTANCE,RESISTANCE,SAME_SIDE,1808.9259999999997,1810.4740000000004,1809.5335,1810.4740000000004,0.6075581395348633,2021-11-26T12:00:00+00:00,2021-11-26T17:00:00+00:00,1h,DOZ_BODY,2021-12-17T07:59:00+00:00,2021-12-17T08:00:00+00:00,SESSION,ASIA_CME_HIGH,NY_PM,LONDON,LONDON,True,True
ac613868df65ae3c49a8a413,2021,DOZ_BASE_00007754,NY_PM_L_00005057,NY_PM_L_00005057,OBJECTIVE_LIQUIDITY,NY_PM_LOW,DOZ_BASE_00007754,DISPLACEMENT_ORIGIN,DOZ_BASE,2021-12-20T20:58:00+00:00,2021-12-20T21:00:00+00:00,2021-12-20T21:00:00+00:00,2021-12-20T21:01:00+00:00,2021-12-20T21:02:00+00:00,1036620,1,1036621,1036622,LONG,SUPPORT,SUPPORT,SUPPORT,SAME_SIDE,1787.81,1788.8899999999999,1787.81,1788.415,0.5601851851852397,2021-12-16T13:00:00+00:00,2021-12-16T15:00:00+00:00,1h,DOZ_BASE,2021-12-20T20:59:00+00:00,2021-12-20T21:00:00+00:00,SESSION,NY_PM_LOW,NY_AM,TRANSITION,TRANSITION,True,True
57b0501094cdf1f7af7e0408,2021,DOZ_BASE_00006422,LONDON_L_00005063,LONDON_L_00005063,OBJECTIVE_LIQUIDITY,LONDON_LOW,DOZ_BASE_00006422,DISPLACEMENT_ORIGIN,DOZ_BASE,2021-12-21T14:45:00+00:00,2021-12-21T14:45:00+00:00,2021-12-21T14:45:00+00:00,2021-12-21T14:45:00+00:00,2021-12-21T14:46:00+00:00,1037685,0,1037685,1037686,LONG,SUPPORT,SUPPORT,SUPPORT,SAME_SIDE,1791.734,1793.1460000000002,1791.734,1793.1460000000002,1.0,2021-12-21T06:30:00+00:00,2021-12-21T08:30:00+00:00,30min,DOZ_BASE,2021-12-21T12:59:00+00:00,2021-12-21T13:00:00+00:00,SESSION,LONDON_LOW,LONDON,NY_AM,NY_AM,True,True
08d92efa8901dee4746e1dc3,2021,DOZ_BODY_00007765,ASIA_CME_L_00005081,DOZ_BODY_00007765,DISPLACEMENT_ORIGIN,DOZ_BODY,ASIA_CME_L_00005081,OBJECTIVE_LIQUIDITY,ASIA_CME_LOW,2021-12-23T12:15:00+00:00,2021-12-23T12:15:00+00:00,2021-12-23T12:15:00+00:00,2021-12-23T12:15:00+00:00,2021-12-23T12:16:00+00:00,1040415,0,1040415,1040416,LONG,SUPPORT,SUPPORT,SUPPORT,SAME_SIDE,1803.39,1804.01,1803.39,1803.9954999999998,0.9766129032254386,2021-12-23T01:00:00+00:00,2021-12-23T02:00:00+00:00,1h,DOZ_BODY,2021-12-23T07:59:00+00:00,2021-12-23T08:00:00+00:00,SESSION,ASIA_CME_LOW,ASIA_CME,LONDON,LONDON,True,True
60ecc598a1f86b32dd4bae87,2021,DOZ_LAST_00003996,LONDON_L_00005083,LONDON_L_00005083,OBJECTIVE_LIQUIDITY,LONDON_LOW,DOZ_LAST_00003996,DISPLACEMENT_ORIGIN,DOZ_LAST,2021-12-23T14:31:00+00:00,2021-12-23T14:32:00+00:00,2021-12-23T14:32:00+00:00,2021-12-23T14:33:00+00:00,2021-12-23T14:34:00+00:00,1040552,1,1040553,1040554,LONG,SUPPORT,SUPPORT,SUPPORT,SAME_SIDE,1802.691,1804.079,1803.385,1804.079,0.5814830330958611,2021-12-23T12:30:00+00:00,2021-12-23T13:30:00+00:00,15min,DOZ_LAST,2021-12-23T12:59:00+00:00,2021-12-23T13:00:00+00:00,SESSION,LONDON_LOW,NY_AM,NY_AM,NY_AM,True,True
