n,mean,sum,pf,win_rate,max_dd,losing_streak,avg_win,avg_loss,scenario,year
3,-1.060035805537721,-3.180107416613163,0.0,0.0,3.180107416613163,3,,-1.060035805537721,SOURCE_COST,2001
5,-1.0681435112205082,-5.3407175561025415,0.0,0.0,5.3407175561025415,5,,-1.0681435112205082,SOURCE_COST,2002
100,-0.6923286606231751,-69.23286606231751,0.3468285336317094,0.03,92.05732885334662,78,12.254022438662888,-1.092731271941301,SOURCE_COST,2003
92,-0.7743763702501186,-71.24262606301092,0.28948944443299107,0.03260869565217391,79.86945872052111,52,9.675665889049691,-1.1266249857321347,SOURCE_COST,2004
113,-0.07937721652157595,-8.969625466938082,0.9264538506301395,0.07079646017699115,41.64637204942414,28,14.123689893614635,-1.1615156630081447,SOURCE_COST,2005
78,-0.882028791225337,-68.79824571557629,0.21566598612405122,0.02564102564102564,72.91443230001889,40,9.458624287204028,-1.1541512406576886,SOURCE_COST,2006
116,-0.26099715792574496,-30.275670319386418,0.7582385700518895,0.05172413793103448,73.26608877915342,38,15.825643331707264,-1.1384502755420907,SOURCE_COST,2007
15,1.0762650802974532,16.143976204461797,2.1279375474179956,0.13333333333333333,7.735811523087645,7,15.228402143689838,-1.1009867756090672,SOURCE_COST,2008
85,0.21063345691185434,17.90384383750762,1.2108693448925174,0.10588235294117647,23.137776191550955,19,11.423195443937592,-1.1171699362885619,SOURCE_COST,2009
95,0.10574609943079438,10.045879445925467,1.105602790907587,0.11578947368421053,33.76989816067507,25,9.561345402367992,-1.1324871426205054,SOURCE_COST,2010
86,0.008198980169314527,0.7051122945610493,1.0079424340894456,0.09302325581395349,37.943954551752725,29,11.18537142522067,-1.1381776808615935,SOURCE_COST,2011
101,-0.5512792548201343,-55.67920473683356,0.49265912440052384,0.0594059405940594,55.67920473683357,34,9.01132078130359,-1.1552329413121587,SOURCE_COST,2012
128,0.20248561548111954,25.9181587815833,1.190103172581071,0.1015625,29.038793397780566,15,12.48119136678393,-1.1855419911878935,SOURCE_COST,2013
131,0.7881070742493558,103.24202672666561,1.7941330212386466,0.16030534351145037,22.46600808779432,14,11.107047042920184,-1.1818723743150754,SOURCE_COST,2014
94,0.38575974286157716,36.261415828988255,1.3787316541792851,0.11702127659574468,26.359979952321726,23,12.000524112303925,-1.1535463783898183,SOURCE_COST,2015
81,0.9376894280200405,75.95284366962328,1.9667680063615822,0.18518518518518517,12.525570959075356,8,10.301100983802279,-1.1903586528395589,SOURCE_COST,2016
125,-0.10801669769124758,-13.502087211405948,0.90259416604783,0.104,39.697129321511625,24,9.624210419445307,-1.2376502023588836,SOURCE_COST,2017
118,0.8007317109978277,94.48634189774367,1.7847412339840334,0.11016949152542373,28.656475507889745,26,16.530061427636188,-1.1467091110621601,SOURCE_COST,2018
104,0.7093036335044407,73.76757788446183,1.7088012678631168,0.1346153846153846,23.373428085064063,18,12.702949163349475,-1.1563745600270092,SOURCE_COST,2019
117,0.44944500993672126,52.58506616259639,1.4728635448307006,0.1452991452991453,16.489229551273453,15,9.634744065931367,-1.1120558295823681,SOURCE_COST,2020
131,0.6768066925239067,88.66167672063177,1.6988958488423487,0.15267175572519084,19.80141905648248,18,10.776065903208771,-1.142879651743636,SOURCE_COST,2021
10,-1.0940666175413258,-10.940666175413257,0.0,0.0,10.94066617541326,10,,-1.0940666175413258,SOURCE_COST,2022
131,0.113200296174658,14.829238798880198,1.1092735666529485,0.08396946564885496,52.22106755133274,46,13.685154954783515,-1.130895547531154,SOURCE_COST,2023
122,-0.2731847999848453,-33.32854559815112,0.7441786902530475,0.06557377049180328,83.28135305048174,35,12.119002828480431,-1.1428120019824086,SOURCE_COST,2024
97,0.06880789175885235,6.674365500608678,1.0670380991043802,0.10309278350515463,28.171870788281197,25,10.623514645617451,-1.1443767925927104,SOURCE_COST,2025
30,-0.18327466677411428,-5.498240003223429,0.819691471667509,0.1,14.498439282821625,13,8.331756834619755,-1.1293892780400998,SOURCE_COST,2026
3,-1.1200716110754463,-3.360214833226339,0.0,0.0,3.360214833226339,3,,-1.1200716110754463,DOUBLE_COST,2001
5,-1.1362870224410502,-5.681435112205251,0.0,0.0,5.681435112205251,5,,-1.1362870224410502,DOUBLE_COST,2002
100,-0.7852597182539425,-78.52597182539425,0.3171052890112309,0.03,100.91627303854659,78,12.154631643739558,-1.1854625438826074,DOUBLE_COST,2003
92,-0.9014034448105168,-82.92911692256754,0.2565028112452528,0.03260869565217391,89.09410342832294,52,9.536710179250615,-1.2532499714642629,DOUBLE_COST,2004
113,-0.24104204634560533,-27.237751237053402,0.8039296957391829,0.07079646017699115,55.54495634672898,28,13.960067249331976,-1.3230313260162783,DOUBLE_COST,2005
78,-1.0362641611979346,-80.82860457343891,0.18708839439494787,0.02564102564102564,83.24940522821606,40,9.301192003264251,-1.3083024813153608,DOUBLE_COST,2006
116,-0.3990947776560621,-46.294994208103205,0.6704022225124086,0.05172413793103448,85.19879192072882,38,15.694011068526237,-1.276900551084187,DOUBLE_COST,2007
15,0.9752210986111695,14.628316479167541,1.9361729404459271,0.13333333333333333,8.471623046175305,7,15.126986322501669,-1.2019735512181386,DOUBLE_COST,2008
85,0.09379010113237256,7.972158596251667,1.0849821236155008,0.10588235294117647,25.924741841541778,19,11.30910987912366,-1.234339872577122,DOUBLE_COST,2009
95,-0.02704502777194626,-2.5692776383348948,0.9758203475687428,0.11578947368421053,38.75209859532204,25,9.42623293835548,-1.2649742852410137,DOUBLE_COST,2010
86,-0.13066042573010328,-11.236796612788881,0.8871305755779021,0.09302325581395349,43.3949987589377,29,11.039865200202517,-1.276355361723193,DOUBLE_COST,2011
101,-0.7060684324112187,-71.3129116735331,0.42717911385896684,0.0594059405940594,71.31291167353314,34,8.863557862629538,-1.3104658826243192,DOUBLE_COST,2012
128,0.017501852433941978,2.240237111544573,1.0142079719109018,0.1015625,39.82403993312004,15,12.301145775750898,-1.3710839823758012,DOUBLE_COST,2013
131,0.6065361121367926,79.45623068991983,1.5289295957760687,0.15267175572519084,28.08011716830854,14,11.483851881306064,-1.3533406030288417,DOUBLE_COST,2014
94,0.2231556497086231,20.97663107261057,1.192167783824587,0.11702127659574468,31.194914058121732,23,11.830411604725306,-1.3151553804743108,DOUBLE_COST,2015
81,0.7467313291626475,60.48523766217445,1.6637441213432718,0.18518518518518517,16.354477468702555,8,10.10750532246638,-1.3807173056791102,DOUBLE_COST,2016
125,-0.3465776279555173,-43.32220349443966,0.7378124569706138,0.104,53.84595620749758,24,9.377803217996194,-1.4753004047177691,DOUBLE_COST,2017
118,0.6526634938041488,77.01429226888956,1.5670783337003256,0.11016949152542373,31.312951015779515,26,16.371015814764903,-1.2934182221243258,DOUBLE_COST,2018
104,0.5515853329122229,57.364874622871184,1.4855443274480344,0.1346153846153846,26.969055049924055,18,12.53645493070638,-1.312727715633535,DOUBLE_COST,2019
117,0.33786673053682625,39.53040747280867,1.3229313860124639,0.1452991452991453,18.584729882684695,15,9.525974905251937,-1.2241116591647423,DOUBLE_COST,2020
131,0.5339401757295054,69.94616302056521,1.490096094260245,0.15267175572519084,21.984574345892323,18,10.633272285382615,-1.2857593034872714,DOUBLE_COST,2021
10,-1.188133235082654,-11.88133235082654,0.0,0.0,11.88133235082654,10,,-1.188133235082654,DOUBLE_COST,2022
131,-0.01835888222045287,-2.4050135708793263,0.9841164041846895,0.08396946564885496,58.44213510266509,46,13.546356166963427,-1.2617910950623086,DOUBLE_COST,2023
122,-0.4160618222271707,-50.759542311714824,0.6536630136711381,0.06557377049180328,96.68470182844166,35,11.975199267534215,-1.285624003964812,DOUBLE_COST,2024
97,-0.07573425542237529,-7.3462227759704035,0.9344798391071915,0.10309278350515463,34.014496150125574,25,10.47753391351623,-1.2887535851854335,DOUBLE_COST,2025
30,-0.3129326402989669,-9.387979208969007,0.7237775206877887,0.1,15.996878565643247,13,8.199680601732142,-1.258778556080201,DOUBLE_COST,2026
3,-1.2401432221508975,-3.7204296664526924,0.0,0.0,3.7204296664526924,3,,-1.2401432221508975,HARD_STRESS,2001
5,-1.2725740448821337,-6.362870224410669,0.0,0.0,6.362870224410669,5,,-1.2725740448821337,HARD_STRESS,2002
100,-0.9711218335154777,-97.11218335154777,0.269721928402806,0.03,118.63416140894661,78,11.955850053892897,-1.3709250877652215,HARD_STRESS,2003
92,-1.1554575939313139,-106.30209864168087,0.2071651855534206,0.03260869565217391,107.54339284392653,52,9.258798759652462,-1.5064999429285197,HARD_STRESS,2004
113,-0.5643717059936639,-63.774002777284025,0.6310155908878832,0.07079646017699115,83.34212494133864,28,13.632821960766655,-1.6460626520325456,HARD_STRESS,2005
78,-1.3447349011431307,-104.8893222891642,0.14628329517580352,0.02564102564102564,104.88932228916424,40,8.986327435384696,-1.6166049626307049,HARD_STRESS,2006
116,-0.6752900171166969,-78.33364198553684,0.5416890765127262,0.05172413793103448,109.0641982038797,38,15.430746542164181,-1.5538011021683806,HARD_STRESS,2007
15,0.7731331352385994,11.596997028578992,1.6354062008162897,0.13333333333333333,9.94324609235062,7,14.924154680125326,-1.4039471024362817,HARD_STRESS,2008
85,-0.13989661042659102,-11.891211886260237,0.8936387429685807,0.09411764705882353,38.813818163441425,19,12.488625956244082,-1.4519509030677,HARD_STRESS,2009
95,-0.2926272821774277,-27.799591806855634,0.7836871592318186,0.11578947368421053,49.93320628612591,25,9.156008010330448,-1.5299485704820304,HARD_STRESS,2010
86,-0.40837923752893857,-35.12061442748872,0.7100140543033657,0.09302325581395349,55.90487106111612,29,10.748852750166217,-1.5527107234463904,HARD_STRESS,2011
101,-1.0156467875933877,-102.58032554693214,0.33384432112206136,0.0594059405940594,102.58032554693217,34,8.568032025281429,-1.6209317652486395,HARD_STRESS,2012
128,-0.352465673660413,-45.11560622853286,0.7748152719393627,0.1015625,74.49503597291954,15,11.941054593684841,-1.7421679647516155,HARD_STRESS,2013
131,0.24339418791166603,31.88463861642825,1.1672375708538383,0.15267175572519084,39.308335329336984,14,11.126969835838809,-1.7176104333364672,HARD_STRESS,2014
94,-0.10205253659728517,-9.592938440144806,0.9294559026340794,0.11702127659574468,49.537062264681865,23,11.490186589568067,-1.6383733846432955,HARD_STRESS,2015
81,0.3648151314478608,29.550025647276726,1.2541835265614196,0.18518518518518517,29.13998171899269,8,9.720313999794591,-1.7614346113582144,HARD_STRESS,2016
125,-0.8236994884840566,-102.96243606050707,0.5287054837775944,0.104,102.96243606050712,24,8.884988815097962,-1.9506008094355411,HARD_STRESS,2017
118,0.35652705941679136,42.07019301118138,1.2524951492767766,0.11016949152542373,37.29285274687297,26,16.052924589022332,-1.5868364442486569,HARD_STRESS,2018
104,0.2361487317277871,24.55946809968986,1.1678831465186243,0.1346153846153846,34.16030897964397,18,12.20346646542019,-1.6254340268465866,HARD_STRESS,2019
117,0.11471017173703638,13.421090093233255,1.0926727937837257,0.1452991452991453,24.169459765369695,15,9.30843658389308,-1.4482233183294915,HARD_STRESS,2020
131,0.24820714214070266,32.51513562043205,1.1863987791385835,0.15267175572519084,27.230785142938256,18,10.347685049730309,-1.571518606974542,HARD_STRESS,2021
10,-1.3762664701653105,-13.762664701653105,0.0,0.0,13.762664701653103,10,,-1.3762664701653105,HARD_STRESS,2022
131,-0.2814772390106745,-36.87351831039836,0.7983178582389528,0.08396946564885496,74.55794354024789,46,13.268758591323246,-1.5235821901246174,HARD_STRESS,2023
122,-0.7018158667118216,-85.62153573884224,0.5219939187309104,0.06557377049180328,123.49139938436149,35,11.68759214564178,-1.571248007929618,HARD_STRESS,2024
97,-0.3648185497848309,-35.3873993291286,0.7421553929728658,0.10309278350515463,49.51097335169247,25,10.185572449313788,-1.5775071703708794,HARD_STRESS,2025
30,-0.5722485873486719,-17.16745762046016,0.58101625393487,0.1,18.99375713128649,13,7.935528135956915,-1.517557112160404,HARD_STRESS,2026
