year,date,family,range_min,rr,direction,signal_time,entry_time,exit_time,entry,stop,target,exit,reason,risk,r,scenario
2025,2025-01-02,ORB,30,2.0,long,2025-01-02 17:05:00,2025-01-02 17:06:00,2025-01-02 19:30:00,21160.22,20914.14,21652.380000000005,20914.14,stop,246.08000000000175,-1.0,PRIMARY
2025,2025-01-03,ORB,30,2.0,short,2025-01-03 17:21:00,2025-01-03 17:22:00,2025-01-03 18:31:00,21027.74,21181.99,20719.24,21181.99,stop,154.25,-1.0,PRIMARY
2025,2025-01-06,ORB,30,2.0,long,2025-01-06 17:15:00,2025-01-06 17:16:00,2025-01-06 20:46:00,21611.4,21482.85,21868.500000000007,21482.85,stop,128.5500000000029,-1.0,PRIMARY
2025,2025-01-07,ORB,30,2.0,short,2025-01-07 17:01:00,2025-01-07 17:02:00,2025-01-07 22:22:00,21414.71,21567.23,21109.67,21109.67,target,152.52000000000044,2.0,PRIMARY
2025,2025-01-08,ORB,30,2.0,long,2025-01-08 17:03:00,2025-01-08 17:04:00,2025-01-08 17:13:00,21158.43,21051.23,21372.83,21051.23,stop,107.20000000000073,-1.0,PRIMARY
2025,2025-01-10,ORB,30,2.0,short,2025-01-10 17:01:00,2025-01-10 17:02:00,2025-01-10 22:55:00,20751.56,20967.33,20320.02,20815.760000000002,time_exit,215.77000000000044,-0.29753904620661165,PRIMARY
2025,2025-01-13,ORB,30,2.0,long,2025-01-13 17:07:00,2025-01-13 17:08:00,2025-01-13 22:55:00,20632.48,20485.78,20925.88,20718.28,time_exit,146.70000000000073,0.5848670756646138,PRIMARY
2025,2025-01-14,ORB,30,2.0,short,2025-01-14 17:00:00,2025-01-14 17:01:00,2025-01-14 22:55:00,20767.59,20915.72,20471.329999999998,20680.170000000002,time_exit,148.13000000000102,0.590157294268532,PRIMARY
2025,2025-01-15,ORB,30,2.0,long,2025-01-15 17:01:00,2025-01-15 17:02:00,2025-01-15 22:55:00,21145.75,20977.43,21482.39,21194.8,time_exit,168.3199999999997,0.29140922053231555,PRIMARY
2025,2025-01-16,ORB,30,2.0,short,2025-01-16 17:01:00,2025-01-16 17:02:00,2025-01-16 22:55:00,21142.4,21292.92,20841.360000000008,21085.97,time_exit,150.5199999999968,0.37490034546905054,PRIMARY
2025,2025-01-17,ORB,30,2.0,short,2025-01-17 17:28:00,2025-01-17 17:29:00,2025-01-17 20:19:00,21285.73,21465.26,20926.670000000002,21465.26,stop,179.52999999999884,-1.0,PRIMARY
2025,2025-01-20,ORB,30,2.0,short,2025-01-20 17:17:00,2025-01-20 17:18:00,2025-01-20 19:59:00,21519.09,21586.09,21385.09,21496.04,end_of_day_data,67.0,0.3440298507462578,PRIMARY
2025,2025-01-21,ORB,30,2.0,short,2025-01-21 17:12:00,2025-01-21 17:13:00,2025-01-21 19:43:00,21378.42,21530.7,21073.859999999993,21530.7,stop,152.28000000000247,-1.0,PRIMARY
2025,2025-01-22,ORB,30,2.0,long,2025-01-22 17:13:00,2025-01-22 17:14:00,2025-01-22 22:55:00,21848.82,21719.77,22106.92,21833.37,time_exit,129.04999999999927,-0.11972103835723219,PRIMARY
2025,2025-01-23,ORB,30,2.0,long,2025-01-23 17:35:00,2025-01-23 17:36:00,2025-01-23 22:55:00,21741.030000000002,21686.23,21850.63000000001,21827.08,time_exit,54.80000000000291,1.5702554744524582,PRIMARY
2025,2025-01-24,ORB,30,2.0,short,2025-01-24 17:21:00,2025-01-24 17:22:00,2025-01-24 22:55:00,21819.53,21901.53,21655.53,21721.98,time_exit,82.0,1.1896341463414546,PRIMARY
2025,2025-01-27,ORB,30,2.0,long,2025-01-27 17:29:00,2025-01-27 17:30:00,2025-01-27 21:51:00,21185.89,20944.47,21668.729999999996,20944.47,stop,241.41999999999825,-1.0,PRIMARY
2025,2025-01-28,ORB,30,2.0,long,2025-01-28 17:02:00,2025-01-28 17:03:00,2025-01-28 22:55:00,21177.86,20999.91,21533.760000000002,21432.91,time_exit,177.95000000000073,1.4332677718460143,PRIMARY
2025,2025-01-29,ORB,30,2.0,short,2025-01-29 17:29:00,2025-01-29 17:30:00,2025-01-29 22:55:00,21334.12,21448.9,21104.559999999994,21369.45,time_exit,114.78000000000247,-0.30780623802056967,PRIMARY
2025,2025-01-30,ORB,30,2.0,short,2025-01-30 17:04:00,2025-01-30 17:05:00,2025-01-30 22:55:00,21425.07,21594.57,21086.07,21472.4,time_exit,169.5,-0.2792330383480929,PRIMARY
2025,2025-01-31,ORB,30,2.0,long,2025-01-31 17:00:00,2025-01-31 17:01:00,2025-01-31 20:35:00,21715.88,21614.05,21919.540000000005,21614.05,stop,101.83000000000175,-1.0,PRIMARY
2025,2025-02-03,ORB,30,2.0,short,2025-02-03 17:03:00,2025-02-03 17:04:00,2025-02-03 17:25:00,21018.19,21173.06,20708.449999999993,21173.06,stop,154.87000000000262,-1.0,PRIMARY
2025,2025-02-04,ORB,30,2.0,long,2025-02-04 17:01:00,2025-02-04 17:02:00,2025-02-04 22:55:00,21449.7,21268.15,21812.8,21541.0,time_exit,181.54999999999927,0.502891765353895,PRIMARY
2025,2025-02-05,ORB,30,2.0,long,2025-02-05 17:01:00,2025-02-05 17:02:00,2025-02-05 17:04:00,21456.06,21386.13,21595.920000000002,21386.13,stop,69.93000000000029,-1.0,PRIMARY
2025,2025-02-06,ORB,30,2.0,long,2025-02-06 17:12:00,2025-02-06 17:13:00,2025-02-06 21:34:00,21699.16,21608.49,21880.499999999996,21608.49,stop,90.66999999999825,-1.0,PRIMARY
2025,2025-02-07,ORB,30,2.0,short,2025-02-07 17:01:00,2025-02-07 17:02:00,2025-02-07 21:22:00,21711.14,21840.14,21453.14,21453.14,target,129.0,2.0,PRIMARY
2025,2025-02-10,ORB,30,2.0,long,2025-02-10 17:02:00,2025-02-10 17:03:00,2025-02-10 22:55:00,21695.25,21625.45,21834.85,21734.8,time_exit,69.79999999999927,0.5666189111747806,PRIMARY
2025,2025-02-11,ORB,30,2.0,long,2025-02-11 17:02:00,2025-02-11 17:03:00,2025-02-11 22:55:00,21718.600000000002,21606.8,21942.200000000008,21684.8,time_exit,111.80000000000291,-0.302325581395367,PRIMARY
2025,2025-02-12,ORB,30,2.0,long,2025-02-12 17:23:00,2025-02-12 17:24:00,2025-02-12 22:55:00,21611.2,21444.9,21943.8,21701.7,time_exit,166.29999999999927,0.5441972339146145,PRIMARY
2025,2025-02-13,ORB,30,2.0,long,2025-02-13 17:17:00,2025-02-13 17:18:00,2025-02-13 22:55:00,21863.5,21745.8,22098.9,22006.2,time_exit,117.70000000000073,1.2124044180118934,PRIMARY
2025,2025-02-14,ORB,30,2.0,long,2025-02-14 17:08:00,2025-02-14 17:09:00,2025-02-14 22:55:00,22054.100000000002,22004.8,22152.700000000008,22127.2,time_exit,49.30000000000291,1.4827586206895382,PRIMARY
2025,2025-02-17,ORB,30,2.0,long,2025-02-17 18:03:00,2025-02-17 18:04:00,2025-02-17 19:59:00,22161.7,22111.1,22262.900000000005,22151.8,end_of_day_data,50.60000000000218,-0.1956521739130638,PRIMARY
2025,2025-02-18,ORB,30,2.0,short,2025-02-18 17:02:00,2025-02-18 17:03:00,2025-02-18 22:55:00,22075.7,22186.7,21853.7,22113.100000000002,time_exit,111.0,-0.33693693693695004,PRIMARY
2025,2025-02-19,ORB,30,2.0,short,2025-02-19 17:03:00,2025-02-19 17:04:00,2025-02-19 18:12:00,22074.2,22144.3,21934.000000000004,22144.3,stop,70.09999999999854,-1.0,PRIMARY
2025,2025-02-20,ORB,30,2.0,short,2025-02-20 17:00:00,2025-02-20 17:01:00,2025-02-20 22:55:00,21932.9,22147.3,21504.100000000006,22052.4,time_exit,214.39999999999782,-0.5573694029850803,PRIMARY
2025,2025-02-21,ORB,30,2.0,short,2025-02-21 17:06:00,2025-02-21 17:07:00,2025-02-21 20:02:00,22010.6,22133.1,21765.6,21765.6,target,122.5,2.0,PRIMARY
2025,2025-02-24,ORB,30,2.0,short,2025-02-24 17:02:00,2025-02-24 17:03:00,2025-02-24 22:55:00,21452.2,21735.4,20885.8,21380.0,time_exit,283.2000000000007,0.25494350282486067,PRIMARY
2025,2025-02-25,ORB,30,2.0,short,2025-02-25 17:02:00,2025-02-25 17:03:00,2025-02-25 22:55:00,21133.2,21337.0,20725.600000000002,21065.3,time_exit,203.79999999999927,0.3331697742885265,PRIMARY
2025,2025-02-26,ORB,30,2.0,long,2025-02-26 17:04:00,2025-02-26 17:05:00,2025-02-26 20:30:00,21252.3,21128.8,21499.3,21128.8,stop,123.5,-1.0,PRIMARY
2025,2025-02-27,ORB,30,2.0,short,2025-02-27 17:01:00,2025-02-27 17:02:00,2025-02-27 22:55:00,20872.3,21322.4,19972.099999999995,20586.5,time_exit,450.1000000000022,0.6349700066651808,PRIMARY
2025,2025-02-28,ORB,30,2.0,long,2025-02-28 17:11:00,2025-02-28 17:12:00,2025-02-28 22:55:00,20609.2,20407.5,21012.600000000002,20823.4,time_exit,201.70000000000073,1.0619732275656915,PRIMARY
2025,2025-03-03,ORB,30,2.0,short,2025-03-03 17:01:00,2025-03-03 17:02:00,2025-03-03 22:55:00,20775.7,21074.6,20177.900000000005,20383.3,time_exit,298.8999999999978,1.3128136500501986,PRIMARY
2025,2025-03-04,ORB,30,2.0,short,2025-03-04 17:00:00,2025-03-04 17:01:00,2025-03-04 19:29:00,20189.0,20385.7,19795.6,20385.7,stop,196.70000000000073,-1.0,PRIMARY
2025,2025-03-05,ORB,30,2.0,long,2025-03-05 17:01:00,2025-03-05 17:02:00,2025-03-05 18:12:00,20413.600000000002,20229.6,20781.60000000001,20229.6,stop,184.00000000000364,-1.0,PRIMARY
2025,2025-03-06,ORB,30,2.0,long,2025-03-06 17:04:00,2025-03-06 17:05:00,2025-03-06 19:04:00,20313.2,20188.1,20563.400000000005,20188.1,stop,125.10000000000218,-1.0,PRIMARY
2025,2025-03-07,ORB,30,2.0,short,2025-03-07 17:32:00,2025-03-07 17:33:00,2025-03-07 21:23:00,19946.4,20201.2,19436.800000000003,20201.2,stop,254.79999999999927,-1.0,PRIMARY
2025,2025-03-10,ORB,30,2.0,short,2025-03-10 17:02:00,2025-03-10 17:03:00,2025-03-10 21:07:00,19701.7,19865.4,19374.3,19374.3,target,163.70000000000073,2.0,PRIMARY
2025,2025-03-11,ORB,30,2.0,short,2025-03-11 17:05:00,2025-03-11 17:06:00,2025-03-11 21:44:00,19351.2,19566.5,18920.600000000002,19566.5,stop,215.29999999999927,-1.0,PRIMARY
2025,2025-03-12,ORB,30,2.0,short,2025-03-12 17:32:00,2025-03-12 17:33:00,2025-03-12 22:55:00,19557.7,19745.0,19183.100000000002,19591.0,time_exit,187.29999999999927,-0.1777896422851009,PRIMARY
2025,2025-03-13,ORB,30,2.0,short,2025-03-13 18:36:00,2025-03-13 18:37:00,2025-03-13 22:55:00,19307.4,19547.7,18826.800000000003,19195.0,time_exit,240.29999999999927,0.4677486475239359,PRIMARY
2025,2025-03-14,ORB,30,2.0,long,2025-03-14 18:01:00,2025-03-14 18:02:00,2025-03-14 22:55:00,19596.600000000002,19424.2,19941.400000000005,19703.2,time_exit,172.40000000000146,0.6183294663572949,PRIMARY
2025,2025-03-17,ORB,30,2.0,short,2025-03-17 17:59:00,2025-03-17 18:00:00,2025-03-17 21:01:00,19655.35,19827.35,19311.35,19827.35,stop,172.0,-1.0,PRIMARY
2025,2025-03-18,ORB,30,2.0,short,2025-03-18 17:01:00,2025-03-18 17:02:00,2025-03-18 22:55:00,19429.35,19679.95,18928.149999999994,19473.75,time_exit,250.60000000000218,-0.1771747805267401,PRIMARY
2025,2025-03-19,ORB,30,2.0,long,2025-03-19 17:02:00,2025-03-19 17:03:00,2025-03-19 22:55:00,19636.350000000002,19490.55,19927.950000000008,19761.15,time_exit,145.8000000000029,0.8559670781892783,PRIMARY
2025,2025-03-20,ORB,30,2.0,long,2025-03-20 17:00:00,2025-03-20 17:01:00,2025-03-20 22:55:00,19714.8,19538.05,20068.3,19660.25,time_exit,176.75,-0.3086280056577045,PRIMARY
2025,2025-03-21,ORB,30,2.0,long,2025-03-21 17:24:00,2025-03-21 17:25:00,2025-03-21 22:55:00,19551.75,19402.5,19850.25,19706.15,time_exit,149.25,1.034505862646576,PRIMARY
2025,2025-03-24,ORB,30,2.0,long,2025-03-24 17:24:00,2025-03-24 17:25:00,2025-03-24 22:55:00,20135.7,20024.85,20357.400000000005,20194.6,time_exit,110.85000000000218,0.5313486693729964,PRIMARY
2025,2025-03-25,ORB,30,2.0,long,2025-03-25 17:16:00,2025-03-25 17:17:00,2025-03-25 22:55:00,20230.600000000002,20156.05,20379.700000000008,20277.8,time_exit,74.55000000000291,0.6331321260898088,PRIMARY
2025,2025-03-26,ORB,30,2.0,short,2025-03-26 17:13:00,2025-03-26 17:14:00,2025-03-26 22:55:00,20095.2,20269.95,19745.7,19920.15,time_exit,174.75,1.0017167381974208,PRIMARY
2025,2025-03-27,ORB,30,2.0,long,2025-03-27 17:01:00,2025-03-27 17:02:00,2025-03-27 22:55:00,19896.9,19737.55,20215.600000000006,19804.7,time_exit,159.35000000000218,-0.5786005647944742,PRIMARY
2025,2025-03-28,ORB,30,2.0,short,2025-03-28 17:04:00,2025-03-28 17:05:00,2025-03-28 17:30:00,19642.35,19743.9,19439.249999999993,19439.249999999993,target,101.55000000000291,2.0,PRIMARY
2025,2025-03-31,ORB,30,2.0,long,2025-03-31 18:23:00,2025-03-31 18:24:00,2025-03-31 22:55:00,19012.65,18797.05,19443.850000000006,19285.2,time_exit,215.60000000000218,1.2641465677179802,PRIMARY
2025,2025-04-01,ORB,30,2.0,short,2025-04-01 17:09:00,2025-04-01 17:10:00,2025-04-01 17:44:00,19151.75,19282.55,18890.15,19282.55,stop,130.79999999999927,-1.0,PRIMARY
2025,2025-04-02,ORB,30,2.0,long,2025-04-02 17:02:00,2025-04-02 17:03:00,2025-04-02 22:55:00,19419.0,19145.05,19966.9,19593.55,time_exit,273.9500000000007,0.6371600657054164,PRIMARY
2025,2025-04-03,ORB,30,2.0,short,2025-04-03 17:07:00,2025-04-03 17:08:00,2025-04-03 22:55:00,18734.9,18897.7,18409.300000000003,18549.25,time_exit,162.79999999999927,1.1403562653562793,PRIMARY
2025,2025-04-04,ORB,30,2.0,short,2025-04-04 17:13:00,2025-04-04 17:14:00,2025-04-04 22:55:00,17815.25,18080.2,17285.35,17440.45,time_exit,264.9500000000007,1.4146065295338677,PRIMARY
2025,2025-04-07,ORB,30,2.0,long,2025-04-07 17:00:00,2025-04-07 17:01:00,2025-04-07 22:55:00,17125.25,16526.85,18322.050000000003,17364.15,time_exit,598.4000000000015,0.39923128342246134,PRIMARY
2025,2025-04-08,ORB,30,2.0,long,2025-04-08 17:01:00,2025-04-08 17:02:00,2025-04-08 18:13:00,18123.2,17921.05,18527.500000000004,17921.05,stop,202.15000000000146,-1.0,PRIMARY
2025,2025-04-09,ORB,30,2.0,long,2025-04-09 17:02:00,2025-04-09 17:03:00,2025-04-09 20:22:00,17414.100000000002,17059.35,18123.60000000001,18123.60000000001,target,354.75000000000364,2.0,PRIMARY
2025,2025-04-10,ORB,30,2.0,short,2025-04-10 17:00:00,2025-04-10 17:01:00,2025-04-10 19:02:00,18515.85,18725.3,18096.949999999997,18096.949999999997,target,209.45000000000073,2.0,PRIMARY
2025,2025-04-11,ORB,30,2.0,short,2025-04-11 17:23:00,2025-04-11 17:24:00,2025-04-11 19:33:00,18179.05,18501.35,17534.45,18501.35,stop,322.2999999999993,-1.0,PRIMARY
2025,2025-04-14,ORB,30,2.0,short,2025-04-14 18:28:00,2025-04-14 18:29:00,2025-04-14 22:55:00,18837.0,19114.95,18281.1,18839.2,time_exit,277.9500000000007,-0.007915092642564209,PRIMARY
2025,2025-04-15,ORB,30,2.0,long,2025-04-15 17:12:00,2025-04-15 17:13:00,2025-04-15 17:20:00,18991.850000000002,18831.55,19312.450000000008,18831.55,stop,160.3000000000029,-1.0,PRIMARY
2025,2025-04-16,ORB,30,2.0,short,2025-04-16 17:00:00,2025-04-16 17:01:00,2025-04-16 18:25:00,18386.3,18540.95,18076.999999999996,18540.95,stop,154.65000000000146,-1.0,PRIMARY
2025,2025-04-17,ORB,30,2.0,short,2025-04-17 17:21:00,2025-04-17 17:22:00,2025-04-17 21:12:00,18236.65,18379.35,17951.250000000007,18379.35,stop,142.6999999999971,-1.0,PRIMARY
2025,2025-04-21,ORB,30,2.0,short,2025-04-21 17:00:00,2025-04-21 17:01:00,2025-04-21 22:55:00,17873.6,18043.05,17534.699999999997,17769.850000000002,time_exit,169.45000000000073,0.6122750073767832,PRIMARY
2025,2025-04-22,ORB,30,2.0,long,2025-04-22 17:00:00,2025-04-22 17:01:00,2025-04-22 22:55:00,18139.9,17987.55,18444.600000000006,18256.95,time_exit,152.35000000000218,0.7682966852641785,PRIMARY
2025,2025-04-23,ORB,30,2.0,long,2025-04-23 17:32:00,2025-04-23 17:33:00,2025-04-23 18:28:00,19007.600000000002,18797.55,19427.700000000008,18797.55,stop,210.0500000000029,-1.0,PRIMARY
2025,2025-04-24,ORB,30,2.0,long,2025-04-24 17:01:00,2025-04-24 17:02:00,2025-04-24 22:55:00,18953.5,18735.0,19390.5,19215.9,time_exit,218.5,1.200915331807787,PRIMARY
2025,2025-04-25,ORB,30,2.0,long,2025-04-25 17:10:00,2025-04-25 17:11:00,2025-04-25 17:32:00,19263.55,19123.45,19543.749999999996,19123.45,stop,140.09999999999854,-1.0,PRIMARY
2025,2025-04-28,ORB,30,2.0,short,2025-04-28 17:00:00,2025-04-28 17:01:00,2025-04-28 22:55:00,19358.55,19516.9,19041.849999999995,19459.15,time_exit,158.35000000000218,-0.6353015472055623,PRIMARY
2025,2025-04-29,ORB,30,2.0,long,2025-04-29 17:06:00,2025-04-29 17:07:00,2025-04-29 22:55:00,19465.25,19299.0,19797.75,19557.45,time_exit,166.25,0.554586466165418,PRIMARY
2025,2025-04-30,ORB,30,2.0,long,2025-04-30 17:30:00,2025-04-30 17:31:00,2025-04-30 22:55:00,19201.0,19005.2,19592.6,19549.65,time_exit,195.79999999999927,1.7806435137895953,PRIMARY
2025,2025-01-02,ORB,30,2.0,long,2025-01-02 17:05:00,2025-01-02 17:06:00,2025-01-02 19:30:00,21160.420000000002,20914.14,21652.980000000007,20914.14,stop,246.28000000000247,-1.0,STRESS
2025,2025-01-03,ORB,30,2.0,short,2025-01-03 17:21:00,2025-01-03 17:22:00,2025-01-03 18:31:00,21027.74,21181.99,20719.24,21181.99,stop,154.25,-1.0,STRESS
2025,2025-01-06,ORB,30,2.0,long,2025-01-06 17:15:00,2025-01-06 17:16:00,2025-01-06 20:46:00,21611.600000000002,21482.85,21869.10000000001,21482.85,stop,128.75000000000364,-1.0,STRESS
2025,2025-01-07,ORB,30,2.0,short,2025-01-07 17:01:00,2025-01-07 17:02:00,2025-01-07 22:22:00,21414.71,21567.23,21109.67,21109.67,target,152.52000000000044,2.0,STRESS
2025,2025-01-08,ORB,30,2.0,long,2025-01-08 17:03:00,2025-01-08 17:04:00,2025-01-08 17:13:00,21158.63,21051.23,21373.430000000004,21051.23,stop,107.40000000000146,-1.0,STRESS
2025,2025-01-10,ORB,30,2.0,short,2025-01-10 17:01:00,2025-01-10 17:02:00,2025-01-10 22:55:00,20751.56,20967.33,20320.02,20815.960000000003,time_exit,215.77000000000044,-0.2984659591231465,STRESS
2025,2025-01-13,ORB,30,2.0,long,2025-01-13 17:07:00,2025-01-13 17:08:00,2025-01-13 22:55:00,20632.68,20485.78,20926.480000000003,20718.28,time_exit,146.90000000000146,0.5827093260721422,STRESS
2025,2025-01-14,ORB,30,2.0,short,2025-01-14 17:00:00,2025-01-14 17:01:00,2025-01-14 22:55:00,20767.59,20915.72,20471.329999999998,20680.370000000003,time_exit,148.13000000000102,0.5888071288732663,STRESS
2025,2025-01-15,ORB,30,2.0,long,2025-01-15 17:01:00,2025-01-15 17:02:00,2025-01-15 22:55:00,21145.95,20977.43,21482.99,21194.8,time_exit,168.52000000000044,0.28987657251363885,STRESS
2025,2025-01-16,ORB,30,2.0,short,2025-01-16 17:01:00,2025-01-16 17:02:00,2025-01-16 22:55:00,21142.4,21292.92,20841.360000000008,21086.170000000002,time_exit,150.5199999999968,0.3735716183895878,STRESS
2025,2025-01-17,ORB,30,2.0,short,2025-01-17 17:28:00,2025-01-17 17:29:00,2025-01-17 20:19:00,21285.73,21465.26,20926.670000000002,21465.26,stop,179.52999999999884,-1.0,STRESS
2025,2025-01-20,ORB,30,2.0,short,2025-01-20 17:17:00,2025-01-20 17:18:00,2025-01-20 19:59:00,21519.09,21586.09,21385.09,21496.24,end_of_day_data,67.0,0.3410447761193813,STRESS
2025,2025-01-21,ORB,30,2.0,short,2025-01-21 17:12:00,2025-01-21 17:13:00,2025-01-21 19:43:00,21378.42,21530.7,21073.859999999993,21530.7,stop,152.28000000000247,-1.0,STRESS
2025,2025-01-22,ORB,30,2.0,long,2025-01-22 17:13:00,2025-01-22 17:14:00,2025-01-22 22:55:00,21849.02,21719.77,22107.52,21833.37,time_exit,129.25,-0.1210831721470132,STRESS
2025,2025-01-23,ORB,30,2.0,long,2025-01-23 17:35:00,2025-01-23 17:36:00,2025-01-23 22:55:00,21741.230000000003,21686.23,21851.23000000001,21827.08,time_exit,55.00000000000364,1.5609090909089611,STRESS
2025,2025-01-24,ORB,30,2.0,short,2025-01-24 17:21:00,2025-01-24 17:22:00,2025-01-24 22:55:00,21819.53,21901.53,21655.53,21722.18,time_exit,82.0,1.1871951219512018,STRESS
2025,2025-01-27,ORB,30,2.0,long,2025-01-27 17:29:00,2025-01-27 17:30:00,2025-01-27 21:51:00,21186.09,20944.47,21669.329999999998,20944.47,stop,241.61999999999898,-1.0,STRESS
2025,2025-01-28,ORB,30,2.0,long,2025-01-28 17:02:00,2025-01-28 17:03:00,2025-01-28 22:55:00,21178.06,20999.91,21534.360000000004,21432.91,time_exit,178.15000000000146,1.4305360651136485,STRESS
2025,2025-01-29,ORB,30,2.0,short,2025-01-29 17:29:00,2025-01-29 17:30:00,2025-01-29 22:55:00,21334.12,21448.9,21104.559999999994,21369.65,time_exit,114.78000000000247,-0.3095487018644512,STRESS
2025,2025-01-30,ORB,30,2.0,short,2025-01-30 17:04:00,2025-01-30 17:05:00,2025-01-30 22:55:00,21425.07,21594.57,21086.07,21472.600000000002,time_exit,169.5,-0.28041297935104703,STRESS
2025,2025-01-31,ORB,30,2.0,long,2025-01-31 17:00:00,2025-01-31 17:01:00,2025-01-31 20:35:00,21716.08,21614.05,21920.140000000007,21614.05,stop,102.03000000000247,-1.0,STRESS
2025,2025-02-03,ORB,30,2.0,short,2025-02-03 17:03:00,2025-02-03 17:04:00,2025-02-03 17:25:00,21018.19,21173.06,20708.449999999993,21173.06,stop,154.87000000000262,-1.0,STRESS
2025,2025-02-04,ORB,30,2.0,long,2025-02-04 17:01:00,2025-02-04 17:02:00,2025-02-04 22:55:00,21449.9,21268.15,21813.4,21541.0,time_exit,181.75,0.5012379642365807,STRESS
2025,2025-02-05,ORB,30,2.0,long,2025-02-05 17:01:00,2025-02-05 17:02:00,2025-02-05 17:04:00,21456.260000000002,21386.13,21596.520000000004,21386.13,stop,70.13000000000102,-1.0,STRESS
2025,2025-02-06,ORB,30,2.0,long,2025-02-06 17:12:00,2025-02-06 17:13:00,2025-02-06 21:34:00,21699.36,21608.49,21881.1,21608.49,stop,90.86999999999898,-1.0,STRESS
2025,2025-02-07,ORB,30,2.0,short,2025-02-07 17:01:00,2025-02-07 17:02:00,2025-02-07 21:22:00,21711.14,21840.14,21453.14,21453.14,target,129.0,2.0,STRESS
2025,2025-02-10,ORB,30,2.0,long,2025-02-10 17:02:00,2025-02-10 17:03:00,2025-02-10 22:55:00,21695.45,21625.45,21835.45,21734.8,time_exit,70.0,0.5621428571428364,STRESS
2025,2025-02-11,ORB,30,2.0,long,2025-02-11 17:02:00,2025-02-11 17:03:00,2025-02-11 22:55:00,21718.800000000003,21606.8,21942.80000000001,21684.8,time_exit,112.00000000000364,-0.3035714285714512,STRESS
2025,2025-02-12,ORB,30,2.0,long,2025-02-12 17:23:00,2025-02-12 17:24:00,2025-02-12 22:55:00,21611.4,21444.9,21944.4,21701.7,time_exit,166.5,0.542342342342338,STRESS
2025,2025-02-13,ORB,30,2.0,long,2025-02-13 17:17:00,2025-02-13 17:18:00,2025-02-13 22:55:00,21863.7,21745.8,22099.500000000004,22006.2,time_exit,117.90000000000146,1.2086513994910792,STRESS
2025,2025-02-14,ORB,30,2.0,long,2025-02-14 17:08:00,2025-02-14 17:09:00,2025-02-14 22:55:00,22054.300000000003,22004.8,22153.30000000001,22127.2,time_exit,49.50000000000364,1.4727272727271203,STRESS
2025,2025-02-17,ORB,30,2.0,long,2025-02-17 18:03:00,2025-02-17 18:04:00,2025-02-17 19:59:00,22161.9,22111.1,22263.500000000007,22151.8,end_of_day_data,50.80000000000291,-0.19881889763782684,STRESS
2025,2025-02-18,ORB,30,2.0,short,2025-02-18 17:02:00,2025-02-18 17:03:00,2025-02-18 22:55:00,22075.7,22186.7,21853.7,22113.300000000003,time_exit,111.0,-0.3387387387387584,STRESS
2025,2025-02-19,ORB,30,2.0,short,2025-02-19 17:03:00,2025-02-19 17:04:00,2025-02-19 18:12:00,22074.2,22144.3,21934.000000000004,22144.3,stop,70.09999999999854,-1.0,STRESS
2025,2025-02-20,ORB,30,2.0,short,2025-02-20 17:00:00,2025-02-20 17:01:00,2025-02-20 22:55:00,21932.9,22147.3,21504.100000000006,22052.600000000002,time_exit,214.39999999999782,-0.5583022388059792,STRESS
2025,2025-02-21,ORB,30,2.0,short,2025-02-21 17:06:00,2025-02-21 17:07:00,2025-02-21 20:03:00,22010.6,22133.1,21765.6,21765.6,target,122.5,2.0,STRESS
2025,2025-02-24,ORB,30,2.0,short,2025-02-24 17:02:00,2025-02-24 17:03:00,2025-02-24 22:55:00,21452.2,21735.4,20885.8,21380.2,time_exit,283.2000000000007,0.25423728813559254,STRESS
2025,2025-02-25,ORB,30,2.0,short,2025-02-25 17:02:00,2025-02-25 17:03:00,2025-02-25 22:55:00,21133.2,21337.0,20725.600000000002,21065.5,time_exit,203.79999999999927,0.33218842001963184,STRESS
2025,2025-02-26,ORB,30,2.0,long,2025-02-26 17:04:00,2025-02-26 17:05:00,2025-02-26 20:30:00,21252.5,21128.8,21499.9,21128.8,stop,123.70000000000073,-1.0,STRESS
2025,2025-02-27,ORB,30,2.0,short,2025-02-27 17:01:00,2025-02-27 17:02:00,2025-02-27 22:55:00,20872.3,21322.4,19972.099999999995,20586.7,time_exit,450.1000000000022,0.6345256609642239,STRESS
2025,2025-02-28,ORB,30,2.0,long,2025-02-28 17:11:00,2025-02-28 17:12:00,2025-02-28 22:55:00,20609.4,20407.5,21013.200000000004,20823.4,time_exit,201.90000000000146,1.059930658741944,STRESS
2025,2025-03-03,ORB,30,2.0,short,2025-03-03 17:01:00,2025-03-03 17:02:00,2025-03-03 22:55:00,20775.7,21074.6,20177.900000000005,20383.5,time_exit,298.8999999999978,1.312144529943137,STRESS
2025,2025-03-04,ORB,30,2.0,short,2025-03-04 17:00:00,2025-03-04 17:01:00,2025-03-04 19:29:00,20189.0,20385.7,19795.6,20385.7,stop,196.70000000000073,-1.0,STRESS
2025,2025-03-05,ORB,30,2.0,long,2025-03-05 17:01:00,2025-03-05 17:02:00,2025-03-05 18:12:00,20413.800000000003,20229.6,20782.20000000001,20229.6,stop,184.20000000000437,-1.0,STRESS
2025,2025-03-06,ORB,30,2.0,long,2025-03-06 17:04:00,2025-03-06 17:05:00,2025-03-06 19:04:00,20313.4,20188.1,20564.000000000007,20188.1,stop,125.30000000000291,-1.0,STRESS
2025,2025-03-07,ORB,30,2.0,short,2025-03-07 17:32:00,2025-03-07 17:33:00,2025-03-07 21:23:00,19946.4,20201.2,19436.800000000003,20201.2,stop,254.79999999999927,-1.0,STRESS
2025,2025-03-10,ORB,30,2.0,short,2025-03-10 17:02:00,2025-03-10 17:03:00,2025-03-10 21:07:00,19701.7,19865.4,19374.3,19374.3,target,163.70000000000073,2.0,STRESS
2025,2025-03-11,ORB,30,2.0,short,2025-03-11 17:05:00,2025-03-11 17:06:00,2025-03-11 21:44:00,19351.2,19566.5,18920.600000000002,19566.5,stop,215.29999999999927,-1.0,STRESS
2025,2025-03-12,ORB,30,2.0,short,2025-03-12 17:32:00,2025-03-12 17:33:00,2025-03-12 22:55:00,19557.7,19745.0,19183.100000000002,19591.2,time_exit,187.29999999999927,-0.1788574479444748,STRESS
2025,2025-03-13,ORB,30,2.0,short,2025-03-13 18:36:00,2025-03-13 18:37:00,2025-03-13 22:55:00,19307.4,19547.7,18826.800000000003,19195.2,time_exit,240.29999999999927,0.4669163545568084,STRESS
2025,2025-03-14,ORB,30,2.0,long,2025-03-14 18:01:00,2025-03-14 18:02:00,2025-03-14 22:55:00,19596.800000000003,19424.2,19942.000000000007,19703.2,time_exit,172.60000000000218,0.6164542294321927,STRESS
2025,2025-03-17,ORB,30,2.0,short,2025-03-17 17:59:00,2025-03-17 18:00:00,2025-03-17 21:01:00,19655.35,19827.35,19311.35,19827.35,stop,172.0,-1.0,STRESS
2025,2025-03-18,ORB,30,2.0,short,2025-03-18 17:01:00,2025-03-18 17:02:00,2025-03-18 22:55:00,19429.35,19679.95,18928.149999999994,19473.95,time_exit,250.60000000000218,-0.17797286512371027,STRESS
2025,2025-03-19,ORB,30,2.0,long,2025-03-19 17:02:00,2025-03-19 17:03:00,2025-03-19 22:55:00,19636.550000000003,19490.55,19928.55000000001,19761.15,time_exit,146.00000000000364,0.8534246575342154,STRESS
2025,2025-03-20,ORB,30,2.0,long,2025-03-20 17:00:00,2025-03-20 17:01:00,2025-03-20 22:55:00,19715.0,19538.05,20068.9,19660.25,time_exit,176.95000000000073,-0.30940943769426266,STRESS
2025,2025-03-21,ORB,30,2.0,long,2025-03-21 17:24:00,2025-03-21 17:25:00,2025-03-21 22:55:00,19551.95,19402.5,19850.850000000002,19706.15,time_exit,149.45000000000073,1.0317832050853126,STRESS
2025,2025-03-24,ORB,30,2.0,long,2025-03-24 17:24:00,2025-03-24 17:25:00,2025-03-24 22:55:00,20135.9,20024.85,20358.000000000007,20194.6,time_exit,111.05000000000291,0.5285907248986542,STRESS
2025,2025-03-25,ORB,30,2.0,long,2025-03-25 17:16:00,2025-03-25 17:17:00,2025-03-25 22:55:00,20230.800000000003,20156.05,20380.30000000001,20277.8,time_exit,74.75000000000364,0.6287625418059408,STRESS
2025,2025-03-26,ORB,30,2.0,short,2025-03-26 17:13:00,2025-03-26 17:14:00,2025-03-26 22:55:00,20095.2,20269.95,19745.7,19920.350000000002,time_exit,174.75,1.0005722460658,STRESS
2025,2025-03-27,ORB,30,2.0,long,2025-03-27 17:01:00,2025-03-27 17:02:00,2025-03-27 22:55:00,19897.100000000002,19737.55,20216.200000000008,19804.7,time_exit,159.5500000000029,-0.5791287997492934,STRESS
2025,2025-03-28,ORB,30,2.0,short,2025-03-28 17:04:00,2025-03-28 17:05:00,2025-03-28 17:30:00,19642.35,19743.9,19439.249999999993,19439.249999999993,target,101.55000000000291,2.0,STRESS
2025,2025-03-31,ORB,30,2.0,long,2025-03-31 18:23:00,2025-03-31 18:24:00,2025-03-31 22:55:00,19012.850000000002,18797.05,19444.450000000008,19285.2,time_exit,215.8000000000029,1.2620481927710605,STRESS
2025,2025-04-01,ORB,30,2.0,short,2025-04-01 17:09:00,2025-04-01 17:10:00,2025-04-01 17:44:00,19151.75,19282.55,18890.15,19282.55,stop,130.79999999999927,-1.0,STRESS
2025,2025-04-02,ORB,30,2.0,long,2025-04-02 17:02:00,2025-04-02 17:03:00,2025-04-02 22:55:00,19419.2,19145.05,19967.500000000004,19593.55,time_exit,274.15000000000146,0.6359657122013409,STRESS
2025,2025-04-03,ORB,30,2.0,short,2025-04-03 17:07:00,2025-04-03 17:08:00,2025-04-03 22:55:00,18734.9,18897.7,18409.300000000003,18549.45,time_exit,162.79999999999927,1.1391277641277737,STRESS
2025,2025-04-04,ORB,30,2.0,short,2025-04-04 17:13:00,2025-04-04 17:14:00,2025-04-04 22:55:00,17815.25,18080.2,17285.35,17440.65,time_exit,264.9500000000007,1.4138516701264296,STRESS
2025,2025-04-07,ORB,30,2.0,long,2025-04-07 17:00:00,2025-04-07 17:01:00,2025-04-07 22:55:00,17125.45,16526.85,18322.650000000005,17364.15,time_exit,598.6000000000022,0.3987637821583693,STRESS
2025,2025-04-08,ORB,30,2.0,long,2025-04-08 17:01:00,2025-04-08 17:02:00,2025-04-08 18:13:00,18123.4,17921.05,18528.100000000006,17921.05,stop,202.35000000000218,-1.0,STRESS
2025,2025-04-09,ORB,30,2.0,long,2025-04-09 17:02:00,2025-04-09 17:03:00,2025-04-09 20:22:00,17414.300000000003,17059.35,18124.20000000001,18124.20000000001,target,354.95000000000437,2.0,STRESS
2025,2025-04-10,ORB,30,2.0,short,2025-04-10 17:00:00,2025-04-10 17:01:00,2025-04-10 19:02:00,18515.85,18725.3,18096.949999999997,18096.949999999997,target,209.45000000000073,2.0,STRESS
2025,2025-04-11,ORB,30,2.0,short,2025-04-11 17:23:00,2025-04-11 17:24:00,2025-04-11 19:33:00,18179.05,18501.35,17534.45,18501.35,stop,322.2999999999993,-1.0,STRESS
2025,2025-04-14,ORB,30,2.0,short,2025-04-14 18:28:00,2025-04-14 18:29:00,2025-04-14 22:55:00,18837.0,19114.95,18281.1,18839.4,time_exit,277.9500000000007,-0.008634646519163335,STRESS
2025,2025-04-15,ORB,30,2.0,long,2025-04-15 17:12:00,2025-04-15 17:13:00,2025-04-15 17:20:00,18992.050000000003,18831.55,19313.05000000001,18831.55,stop,160.50000000000364,-1.0,STRESS
2025,2025-04-16,ORB,30,2.0,short,2025-04-16 17:00:00,2025-04-16 17:01:00,2025-04-16 18:25:00,18386.3,18540.95,18076.999999999996,18540.95,stop,154.65000000000146,-1.0,STRESS
2025,2025-04-17,ORB,30,2.0,short,2025-04-17 17:21:00,2025-04-17 17:22:00,2025-04-17 21:12:00,18236.65,18379.35,17951.250000000007,18379.35,stop,142.6999999999971,-1.0,STRESS
2025,2025-04-21,ORB,30,2.0,short,2025-04-21 17:00:00,2025-04-21 17:01:00,2025-04-21 22:55:00,17873.6,18043.05,17534.699999999997,17770.050000000003,time_exit,169.45000000000073,0.6110947182059321,STRESS
2025,2025-04-22,ORB,30,2.0,long,2025-04-22 17:00:00,2025-04-22 17:01:00,2025-04-22 22:55:00,18140.100000000002,17987.55,18445.200000000008,18256.95,time_exit,152.5500000000029,0.7659783677482551,STRESS
2025,2025-04-23,ORB,30,2.0,long,2025-04-23 17:32:00,2025-04-23 17:33:00,2025-04-23 18:28:00,19007.800000000003,18797.55,19428.30000000001,18797.55,stop,210.25000000000364,-1.0,STRESS
2025,2025-04-24,ORB,30,2.0,long,2025-04-24 17:01:00,2025-04-24 17:02:00,2025-04-24 22:55:00,18953.7,18735.0,19391.100000000002,19215.9,time_exit,218.70000000000073,1.198902606310013,STRESS
2025,2025-04-25,ORB,30,2.0,long,2025-04-25 17:10:00,2025-04-25 17:11:00,2025-04-25 17:32:00,19263.75,19123.45,19544.35,19123.45,stop,140.29999999999927,-1.0,STRESS
2025,2025-04-28,ORB,30,2.0,short,2025-04-28 17:00:00,2025-04-28 17:01:00,2025-04-28 22:55:00,19358.55,19516.9,19041.849999999995,19459.350000000002,time_exit,158.35000000000218,-0.6365645721503096,STRESS
2025,2025-04-29,ORB,30,2.0,long,2025-04-29 17:06:00,2025-04-29 17:07:00,2025-04-29 22:55:00,19465.45,19299.0,19798.350000000002,19557.45,time_exit,166.45000000000073,0.5527185340943203,STRESS
2025,2025-04-30,ORB,30,2.0,long,2025-04-30 17:30:00,2025-04-30 17:31:00,2025-04-30 22:55:00,19201.2,19005.2,19593.2,19549.65,time_exit,196.0,1.7778061224489834,STRESS
