event_id,source_year,doz_zone_id,objective_zone_id,anchor_zone_id,anchor_family,anchor_variant,partner_zone_id,partner_family,partner_variant,doz_contact_time,objective_contact_time,confluence_time,confirm_time,entry_time,confluence_idx,causal_clean_rejection_trigger_minutes,confirm_idx,entry_idx,direction,anchor_side,doz_side,objective_side,side_relation,anchor_lower,anchor_upper,pair_lower,pair_upper,direct_overlap,doz_origin_time,doz_known_time,doz_source_tf,doz_variant,objective_origin_time,objective_known_time,objective_source_tf,objective_variant,doz_activation_session,objective_activation_session,entry_session,timing_integrity_pass,prefix_invariance_pass,doz_breakout_source_last_m1_timestamp,doz_source_provenance_pass
04feaa33b2e1b5a0135b8629,2020,DOZ_BODY_00007318,TRANSITION_L_00002605,DOZ_BODY_00007318,DISPLACEMENT_ORIGIN,DOZ_BODY,TRANSITION_L_00002605,OBJECTIVE_LIQUIDITY,TRANSITION_LOW,2020-01-08T13:00:00+00:00,2020-01-08T13:00:00+00:00,2020-01-08T13:00:00+00:00,2020-01-08T13:01:00+00:00,2020-01-08T13:02:00+00:00,536460,1,536461,536462,LONG,SUPPORT,SUPPORT,SUPPORT,SAME_SIDE,1571.3465,1572.4415,1571.3465,1572.4415,1.0,2020-01-07T20:00:00+00:00,2020-01-08T00:00:00+00:00,1h,DOZ_BODY,2020-01-07T21:59:00+00:00,2020-01-07T23:00:00+00:00,SESSION,TRANSITION_LOW,ASIA_CME,ASIA_CME,NY_AM,True,True,2020-01-07T23:59:00+00:00,True
45427f000ac80578898faa4a,2020,DOZ_LAST_00002253,LONDON_H_00002608,LONDON_H_00002608,OBJECTIVE_LIQUIDITY,LONDON_HIGH,DOZ_LAST_00002253,DISPLACEMENT_ORIGIN,DOZ_LAST,2020-01-26T23:08:00+00:00,2020-01-26T23:08:00+00:00,2020-01-26T23:08:00+00:00,2020-01-26T23:08:00+00:00,2020-01-26T23:09:00+00:00,562988,0,562988,562989,SHORT,RESISTANCE,RESISTANCE,RESISTANCE,SAME_SIDE,1588.366,1589.754,1588.366,1589.754,1.0,2020-01-08T08:00:00+00:00,2020-01-08T08:30:00+00:00,15min,DOZ_LAST,2020-01-08T12:59:00+00:00,2020-01-08T13:00:00+00:00,SESSION,LONDON_HIGH,LONDON,NY_AM,ASIA_CME,True,True,2020-01-08T08:29:00+00:00,True
a799fd261fd571f655d94649,2020,DOZ_LAST_00002412,NY_AM_H_00002798,NY_AM_H_00002798,OBJECTIVE_LIQUIDITY,NY_AM_HIGH,DOZ_LAST_00002412,DISPLACEMENT_ORIGIN,DOZ_LAST,2020-02-06T10:57:00+00:00,2020-02-06T10:58:00+00:00,2020-02-06T10:58:00+00:00,2020-02-06T10:58:00+00:00,2020-02-06T10:59:00+00:00,578098,0,578098,578099,SHORT,RESISTANCE,RESISTANCE,RESISTANCE,SAME_SIDE,1567.2560000000003,1568.4039999999995,1567.2560000000003,1567.835,0.5540669856456298,2020-02-04T13:00:00+00:00,2020-02-04T14:00:00+00:00,15min,DOZ_LAST,2020-02-04T16:59:00+00:00,2020-02-04T17:00:00+00:00,SESSION,NY_AM_HIGH,NY_AM,NY_PM,LONDON,True,True,2020-02-04T13:59:00+00:00,True
e10305dc4f09803af49a0412,2020,DOZ_LAST_00002484,LONDON_L_00002905,LONDON_L_00002905,OBJECTIVE_LIQUIDITY,LONDON_LOW,DOZ_LAST_00002484,DISPLACEMENT_ORIGIN,DOZ_LAST,2020-02-19T13:35:00+00:00,2020-02-19T13:36:00+00:00,2020-02-19T13:36:00+00:00,2020-02-19T13:39:00+00:00,2020-02-19T13:40:00+00:00,596976,3,596979,596980,LONG,SUPPORT,SUPPORT,SUPPORT,SAME_SIDE,1604.295,1605.495,1604.295,1605.495,1.0,2020-02-19T07:45:00+00:00,2020-02-19T08:15:00+00:00,15min,DOZ_LAST,2020-02-19T12:59:00+00:00,2020-02-19T13:00:00+00:00,SESSION,LONDON_LOW,LONDON,NY_AM,NY_AM,True,True,2020-02-19T08:14:00+00:00,True
8e3cb1e19e1029d636ec70ea,2020,DOZ_BODY_00002557,NY_AM_H_00002956,DOZ_BODY_00002557,DISPLACEMENT_ORIGIN,DOZ_BODY,NY_AM_H_00002956,OBJECTIVE_LIQUIDITY,NY_AM_HIGH,2020-02-26T17:18:00+00:00,2020-02-26T17:18:00+00:00,2020-02-26T17:18:00+00:00,2020-02-26T17:18:00+00:00,2020-02-26T17:19:00+00:00,607278,0,607278,607279,SHORT,RESISTANCE,RESISTANCE,RESISTANCE,SAME_SIDE,1644.5585,1645.201,1644.5785,1645.201,0.9688715953307641,2020-02-26T12:30:00+00:00,2020-02-26T13:45:00+00:00,15min,DOZ_BODY,2020-02-26T16:59:00+00:00,2020-02-26T17:00:00+00:00,SESSION,NY_AM_HIGH,NY_AM,NY_PM,NY_PM,True,True,2020-02-26T13:44:00+00:00,True
3bb39c166a8639929b316544,2020,DOZ_BODY_00007384,LONDON_L_00002915,LONDON_L_00002915,OBJECTIVE_LIQUIDITY,LONDON_LOW,DOZ_BODY_00007384,DISPLACEMENT_ORIGIN,DOZ_BODY,2020-02-28T15:04:00+00:00,2020-02-28T15:05:00+00:00,2020-02-28T15:05:00+00:00,2020-02-28T15:05:00+00:00,2020-02-28T15:06:00+00:00,610025,0,610025,610026,LONG,SUPPORT,SUPPORT,SUPPORT,SAME_SIDE,1606.5185000000001,1607.6785,1606.7265,1607.6785,0.8206896551725151,2020-02-20T07:00:00+00:00,2020-02-20T12:00:00+00:00,1h,DOZ_BODY,2020-02-20T12:59:00+00:00,2020-02-20T13:00:00+00:00,SESSION,LONDON_LOW,LONDON,NY_AM,NY_AM,True,True,2020-02-20T11:59:00+00:00,True
25dad6ad052dc9f53c3e63b2,2020,DOZ_LAST_00007413,LONDON_L_00003025,LONDON_L_00003025,OBJECTIVE_LIQUIDITY,LONDON_LOW,DOZ_LAST_00007413,DISPLACEMENT_ORIGIN,DOZ_LAST,2020-03-06T13:34:00+00:00,2020-03-06T13:35:00+00:00,2020-03-06T13:35:00+00:00,2020-03-06T13:35:00+00:00,2020-03-06T13:36:00+00:00,620015,0,620015,620016,LONG,SUPPORT,SUPPORT,SUPPORT,SAME_SIDE,1670.3449999999996,1671.6250000000002,1670.3449999999996,1671.6250000000002,1.0,2020-03-06T08:00:00+00:00,2020-03-06T10:00:00+00:00,1h,DOZ_LAST,2020-03-06T12:59:00+00:00,2020-03-06T13:00:00+00:00,SESSION,LONDON_LOW,LONDON,NY_AM,NY_AM,True,True,2020-03-06T09:59:00+00:00,True
518e746b9654467c9025cfec,2020,DOZ_BODY_00002191,ASIA_CME_L_00002557,DOZ_BODY_00002191,DISPLACEMENT_ORIGIN,DOZ_BODY,ASIA_CME_L_00002557,OBJECTIVE_LIQUIDITY,ASIA_CME_LOW,2020-03-13T16:37:00+00:00,2020-03-13T16:37:00+00:00,2020-03-13T16:37:00+00:00,2020-03-13T16:37:00+00:00,2020-03-13T16:38:00+00:00,630277,0,630277,630278,LONG,SUPPORT,SUPPORT,SUPPORT,SAME_SIDE,1514.9685,1515.2615,1514.9685,1515.2615,1.0,2019-12-31T00:00:00+00:00,2019-12-31T01:15:00+00:00,15min,DOZ_BODY,2019-12-31T07:59:00+00:00,2019-12-31T08:00:00+00:00,SESSION,ASIA_CME_LOW,ASIA_CME,LONDON,NY_PM,True,True,2019-12-31T01:14:00+00:00,True
424e9ec6824440b8e0d4ebed,2020,DOZ_BODY_00002188,PWL_00001179,PWL_00001179,OBJECTIVE_LIQUIDITY,PWL,DOZ_BODY_00002188,DISPLACEMENT_ORIGIN,DOZ_BODY,2020-03-13T16:38:00+00:00,2020-03-13T16:39:00+00:00,2020-03-13T16:39:00+00:00,2020-03-13T16:39:00+00:00,2020-03-13T16:40:00+00:00,630279,0,630279,630280,LONG,SUPPORT,SUPPORT,SUPPORT,SAME_SIDE,1509.5384999999997,1512.1785,1511.8,1512.1785,0.5607407407408244,2019-12-30T13:30:00+00:00,2019-12-30T14:45:00+00:00,15min,DOZ_BODY,2020-01-03T21:59:00+00:00,2020-01-05T23:00:00+00:00,W1,PWL,NY_AM,ASIA_CME,NY_PM,True,True,2019-12-30T14:44:00+00:00,True
422794a72dd69aa876c1c975,2020,DOZ_BASE_00007301,NY_AM_L_00002531,NY_AM_L_00002531,OBJECTIVE_LIQUIDITY,NY_AM_LOW,DOZ_BASE_00007301,DISPLACEMENT_ORIGIN,DOZ_BASE,2020-03-13T16:44:00+00:00,2020-03-13T16:44:00+00:00,2020-03-13T16:44:00+00:00,2020-03-13T16:44:00+00:00,2020-03-13T16:45:00+00:00,630284,0,630284,630285,LONG,SUPPORT,SUPPORT,SUPPORT,SAME_SIDE,1504.018,1505.0339999999997,1504.018,1504.8415,0.8105314960632617,2019-12-26T10:00:00+00:00,2019-12-26T14:00:00+00:00,1h,DOZ_BASE,2019-12-26T16:59:00+00:00,2019-12-26T17:00:00+00:00,SESSION,NY_AM_LOW,NY_AM,NY_PM,NY_PM,True,True,2019-12-26T13:59:00+00:00,True
6869bbcb33677ce6f78bdd83,2020,DOZ_LAST_00002718,TRANSITION_L_00003091,TRANSITION_L_00003091,OBJECTIVE_LIQUIDITY,TRANSITION_LOW,DOZ_LAST_00002718,DISPLACEMENT_ORIGIN,DOZ_LAST,2020-03-16T22:00:00+00:00,2020-03-16T22:00:00+00:00,2020-03-16T22:00:00+00:00,2020-03-16T22:00:00+00:00,2020-03-16T22:01:00+00:00,634920,0,634920,634921,LONG,SUPPORT,SUPPORT,SUPPORT,SAME_SIDE,1494.1519999999998,1498.2480000000003,1496.2,1498.2480000000003,0.5,2020-03-16T20:15:00+00:00,2020-03-16T21:00:00+00:00,15min,DOZ_LAST,2020-03-16T20:59:00+00:00,2020-03-16T22:00:00+00:00,SESSION,TRANSITION_LOW,TRANSITION,ASIA_CME,ASIA_CME,True,True,2020-03-16T20:59:00+00:00,True
bff938ca2f3ca966bed5e6be,2020,DOZ_BODY_00007423,NY_AM_H_00003066,DOZ_BODY_00007423,DISPLACEMENT_ORIGIN,DOZ_BODY,NY_AM_H_00003066,OBJECTIVE_LIQUIDITY,NY_AM_HIGH,2020-03-24T18:22:00+00:00,2020-03-24T18:22:00+00:00,2020-03-24T18:22:00+00:00,2020-03-24T18:22:00+00:00,2020-03-24T18:23:00+00:00,646222,0,646222,646223,SHORT,RESISTANCE,RESISTANCE,RESISTANCE,SAME_SIDE,1634.155,1636.2785,1634.155,1636.198117787569,0.9621463562839616,2020-03-12T11:00:00+00:00,2020-03-12T13:00:00+00:00,1h,DOZ_BODY,2020-03-12T15:59:00+00:00,2020-03-12T16:00:00+00:00,SESSION,NY_AM_HIGH,NY_AM,NY_PM,NY_PM,True,True,2020-03-12T12:59:00+00:00,True
88bb7383cd7f3ab3a4ef6943,2020,DOZ_BODY_00002773,NY_AM_L_00003167,DOZ_BODY_00002773,DISPLACEMENT_ORIGIN,DOZ_BODY,NY_AM_L_00003167,OBJECTIVE_LIQUIDITY,NY_AM_LOW,2020-03-26T19:14:00+00:00,2020-03-26T19:14:00+00:00,2020-03-26T19:14:00+00:00,2020-03-26T19:14:00+00:00,2020-03-26T19:15:00+00:00,649154,0,649154,649155,LONG,SUPPORT,SUPPORT,SUPPORT,SAME_SIDE,1619.55,1620.32,1619.55,1620.32,1.0,2020-03-26T12:15:00+00:00,2020-03-26T13:00:00+00:00,15min,DOZ_BODY,2020-03-26T15:59:00+00:00,2020-03-26T16:00:00+00:00,SESSION,NY_AM_LOW,NY_AM,NY_PM,NY_PM,True,True,2020-03-26T12:59:00+00:00,True
7b8288ed79ae9afd3e1cc909,2020,DOZ_LAST_00002796,NY_AM_L_00003237,DOZ_LAST_00002796,DISPLACEMENT_ORIGIN,DOZ_LAST,NY_AM_L_00003237,OBJECTIVE_LIQUIDITY,NY_AM_LOW,2020-04-08T00:34:00+00:00,2020-04-08T00:34:00+00:00,2020-04-08T00:34:00+00:00,2020-04-08T00:34:00+00:00,2020-04-08T00:35:00+00:00,666754,0,666754,666755,LONG,SUPPORT,SUPPORT,SUPPORT,SAME_SIDE,1638.236,1641.755,1638.236,1641.755,1.0,2020-04-06T13:30:00+00:00,2020-04-06T14:00:00+00:00,15min,DOZ_LAST,2020-04-06T15:59:00+00:00,2020-04-06T16:00:00+00:00,SESSION,NY_AM_LOW,NY_AM,NY_PM,ASIA_CME,True,True,2020-04-06T13:59:00+00:00,True
8d9c13400a2fcf749160685a,2020,DOZ_BODY_00007453,NY_AM_L_00003277,NY_AM_L_00003277,OBJECTIVE_LIQUIDITY,NY_AM_LOW,DOZ_BODY_00007453,DISPLACEMENT_ORIGIN,DOZ_BODY,2020-04-17T06:02:00+00:00,2020-04-17T06:03:00+00:00,2020-04-17T06:03:00+00:00,2020-04-17T06:03:00+00:00,2020-04-17T06:04:00+00:00,680043,0,680043,680044,LONG,SUPPORT,SUPPORT,SUPPORT,SAME_SIDE,1684.2470000000003,1689.3829999999998,1687.89,1689.3829999999998,0.5723595936361177,2020-04-13T14:00:00+00:00,2020-04-13T15:00:00+00:00,1h,DOZ_BODY,2020-04-13T15:59:00+00:00,2020-04-13T16:00:00+00:00,SESSION,NY_AM_LOW,NY_AM,NY_PM,ASIA_CME,True,True,2020-04-13T14:59:00+00:00,True
876e4f30e5762b6068b153da,2020,DOZ_BODY_00005878,NY_AM_L_00003267,NY_AM_L_00003267,OBJECTIVE_LIQUIDITY,NY_AM_LOW,DOZ_BODY_00005878,DISPLACEMENT_ORIGIN,DOZ_BODY,2020-04-21T11:18:00+00:00,2020-04-21T11:18:00+00:00,2020-04-21T11:18:00+00:00,2020-04-21T11:18:00+00:00,2020-04-21T11:19:00+00:00,686118,0,686118,686119,LONG,SUPPORT,SUPPORT,SUPPORT,SAME_SIDE,1659.9128000443297,1661.2441999556704,1659.9128000443297,1661.2441999556704,1.0,2020-04-09T11:30:00+00:00,2020-04-09T13:00:00+00:00,30min,DOZ_BODY,2020-04-09T15:59:00+00:00,2020-04-09T16:00:00+00:00,SESSION,NY_AM_LOW,NY_AM,NY_PM,LONDON,True,True,2020-04-09T12:59:00+00:00,True
f73a06d72d876e15ae0b3894,2020,DOZ_BODY_00002884,PDH_00000692,PDH_00000692,OBJECTIVE_LIQUIDITY,PDH,DOZ_BODY_00002884,DISPLACEMENT_ORIGIN,DOZ_BODY,2020-05-07T15:20:00+00:00,2020-05-07T15:22:00+00:00,2020-05-07T15:22:00+00:00,2020-05-07T15:22:00+00:00,2020-05-07T15:23:00+00:00,709402,0,709402,709403,SHORT,RESISTANCE,RESISTANCE,RESISTANCE,SAME_SIDE,1702.5200000000004,1713.9759999999997,1702.5200000000004,1703.6535,0.6148630322752857,2020-05-06T12:15:00+00:00,2020-05-06T12:45:00+00:00,15min,DOZ_BODY,2020-05-06T20:59:00+00:00,2020-05-06T22:00:00+00:00,D1,PDH,NY_AM,ASIA_CME,NY_AM,True,True,2020-05-06T12:44:00+00:00,True
6d5391480eeaffd5413d1e18,2020,DOZ_BODY_00002866,NY_AM_H_00003406,DOZ_BODY_00002866,DISPLACEMENT_ORIGIN,DOZ_BODY,NY_AM_H_00003406,OBJECTIVE_LIQUIDITY,NY_AM_HIGH,2020-05-07T16:45:00+00:00,2020-05-07T16:45:00+00:00,2020-05-07T16:45:00+00:00,2020-05-07T16:45:00+00:00,2020-05-07T16:46:00+00:00,709485,0,709485,709486,SHORT,RESISTANCE,RESISTANCE,RESISTANCE,SAME_SIDE,1716.23,1716.6660000000002,1716.23,1716.6660000000002,1.0,2020-04-30T12:00:00+00:00,2020-04-30T12:45:00+00:00,15min,DOZ_BODY,2020-04-30T15:59:00+00:00,2020-04-30T16:00:00+00:00,SESSION,NY_AM_HIGH,NY_AM,NY_PM,NY_PM,True,True,2020-04-30T12:44:00+00:00,True
1973283c5abffcd714138774,2020,DOZ_LAST_00002847,PDH_00000676,DOZ_LAST_00002847,DISPLACEMENT_ORIGIN,DOZ_LAST,PDH_00000676,OBJECTIVE_LIQUIDITY,PDH,2020-05-14T13:59:00+00:00,2020-05-14T13:59:00+00:00,2020-05-14T13:59:00+00:00,2020-05-14T13:59:00+00:00,2020-05-14T14:00:00+00:00,719399,0,719399,719400,SHORT,RESISTANCE,RESISTANCE,RESISTANCE,SAME_SIDE,1732.0615,1735.0915,1732.192,1735.0915,0.956930693069312,2020-04-24T13:30:00+00:00,2020-04-24T14:15:00+00:00,15min,DOZ_LAST,2020-04-24T20:59:00+00:00,2020-04-26T22:00:00+00:00,D1,PDH,NY_AM,ASIA_CME,NY_AM,True,True,2020-04-24T14:14:00+00:00,True
698afde5fec8445b1a7fe4ce,2020,DOZ_LAST_00005997,PDL_00000731,DOZ_LAST_00005997,DISPLACEMENT_ORIGIN,DOZ_LAST,PDL_00000731,OBJECTIVE_LIQUIDITY,PDL,2020-06-03T00:01:00+00:00,2020-06-03T00:01:00+00:00,2020-06-03T00:01:00+00:00,2020-06-03T00:01:00+00:00,2020-06-03T00:02:00+00:00,747361,0,747361,747362,LONG,SUPPORT,SUPPORT,SUPPORT,SAME_SIDE,1718.7910000000002,1721.475,1719.4354999999996,1721.475,0.7598733233981046,2020-05-29T08:00:00+00:00,2020-05-29T08:30:00+00:00,30min,DOZ_LAST,2020-06-02T20:59:00+00:00,2020-06-02T22:00:00+00:00,D1,PDL,LONDON,ASIA_CME,ASIA_CME,True,True,2020-05-29T08:29:00+00:00,True
54d79470981ebd0d904275a4,2020,DOZ_BODY_00002962,NY_PM_L_00003597,DOZ_BODY_00002962,DISPLACEMENT_ORIGIN,DOZ_BODY,NY_PM_L_00003597,OBJECTIVE_LIQUIDITY,NY_PM_LOW,2020-06-03T14:03:00+00:00,2020-06-03T14:03:00+00:00,2020-06-03T14:03:00+00:00,2020-06-03T14:03:00+00:00,2020-06-03T14:04:00+00:00,748203,0,748203,748204,LONG,SUPPORT,SUPPORT,SUPPORT,SAME_SIDE,1701.1585,1701.6965,1701.1585,1701.6965,1.0,2020-05-27T16:00:00+00:00,2020-05-27T16:15:00+00:00,15min,DOZ_BODY,2020-05-27T19:59:00+00:00,2020-05-27T20:00:00+00:00,SESSION,NY_PM_LOW,NY_PM,TRANSITION,NY_AM,True,True,2020-05-27T16:14:00+00:00,True
40b8ac624e0ca01586ce959c,2020,DOZ_BODY_00006019,PDH_00000736,PDH_00000736,OBJECTIVE_LIQUIDITY,PDH,DOZ_BODY_00006019,DISPLACEMENT_ORIGIN,DOZ_BODY,2020-06-09T12:31:00+00:00,2020-06-09T12:32:00+00:00,2020-06-09T12:32:00+00:00,2020-06-09T12:33:00+00:00,2020-06-09T12:34:00+00:00,756752,1,756753,756754,SHORT,RESISTANCE,RESISTANCE,RESISTANCE,SAME_SIDE,1714.3220000000001,1718.7780000000002,1714.3220000000001,1715.29,0.851737791464838,2020-06-05T01:30:00+00:00,2020-06-05T03:30:00+00:00,30min,DOZ_BODY,2020-06-05T20:59:00+00:00,2020-06-07T22:00:00+00:00,D1,PDH,ASIA_CME,ASIA_CME,NY_AM,True,True,2020-06-05T03:29:00+00:00,True
5b6e5b1b6879b276b61e08c4,2020,DOZ_BODY_00006073,LONDON_H_00003742,DOZ_BODY_00006073,DISPLACEMENT_ORIGIN,DOZ_BODY,LONDON_H_00003742,OBJECTIVE_LIQUIDITY,LONDON_HIGH,2020-06-17T14:51:00+00:00,2020-06-17T14:51:00+00:00,2020-06-17T14:51:00+00:00,2020-06-17T14:51:00+00:00,2020-06-17T14:52:00+00:00,768411,0,768411,768412,SHORT,RESISTANCE,RESISTANCE,RESISTANCE,SAME_SIDE,1727.585,1728.5685,1727.7085000000002,1728.5685,0.8744280630400173,2020-06-17T07:00:00+00:00,2020-06-17T09:00:00+00:00,30min,DOZ_BODY,2020-06-17T11:59:00+00:00,2020-06-17T12:00:00+00:00,SESSION,LONDON_HIGH,LONDON,NY_AM,NY_AM,True,True,2020-06-17T08:59:00+00:00,True
cb89a6125fa23b08f75f92f7,2020,DOZ_LAST_00002916,PDH_00000708,DOZ_LAST_00002916,DISPLACEMENT_ORIGIN,DOZ_LAST,PDH_00000708,OBJECTIVE_LIQUIDITY,PDH,2020-06-22T13:46:00+00:00,2020-06-22T13:46:00+00:00,2020-06-22T13:46:00+00:00,2020-06-22T13:47:00+00:00,2020-06-22T13:48:00+00:00,775546,1,775547,775548,SHORT,RESISTANCE,RESISTANCE,RESISTANCE,SAME_SIDE,1760.4535,1764.74,1760.4535,1764.74,1.0,2020-05-18T12:00:00+00:00,2020-05-18T12:15:00+00:00,15min,DOZ_LAST,2020-05-18T20:59:00+00:00,2020-05-18T22:00:00+00:00,D1,PDH,NY_AM,ASIA_CME,NY_AM,True,True,2020-05-18T12:14:00+00:00,True
5c680f41da47046f6e8cbb5c,2020,DOZ_LAST_00003120,PDH_00000772,DOZ_LAST_00003120,DISPLACEMENT_ORIGIN,DOZ_LAST,PDH_00000772,OBJECTIVE_LIQUIDITY,PDH,2020-07-06T13:33:00+00:00,2020-07-06T13:33:00+00:00,2020-07-06T13:33:00+00:00,2020-07-06T13:33:00+00:00,2020-07-06T13:34:00+00:00,795693,0,795693,795694,SHORT,RESISTANCE,RESISTANCE,RESISTANCE,SAME_SIDE,1786.6985,1788.6485,1786.8035000000002,1788.6485,0.9461538461537214,2020-07-01T10:15:00+00:00,2020-07-01T10:45:00+00:00,15min,DOZ_LAST,2020-07-01T20:59:00+00:00,2020-07-01T22:00:00+00:00,D1,PDH,LONDON,ASIA_CME,NY_AM,True,True,2020-07-01T10:44:00+00:00,True
38ac0cdae02ebe4f9668a8dd,2020,DOZ_LAST_00006165,LONDON_H_00004030,LONDON_H_00004030,OBJECTIVE_LIQUIDITY,LONDON_HIGH,DOZ_LAST_00006165,DISPLACEMENT_ORIGIN,DOZ_LAST,2020-07-28T13:00:00+00:00,2020-07-28T13:01:00+00:00,2020-07-28T13:01:00+00:00,2020-07-28T13:01:00+00:00,2020-07-28T13:02:00+00:00,827341,0,827341,827342,SHORT,RESISTANCE,RESISTANCE,RESISTANCE,SAME_SIDE,1941.2516230969131,1942.655376903087,1941.2516230969131,1942.655376903087,1.0,2020-07-28T06:30:00+00:00,2020-07-28T08:00:00+00:00,30min,DOZ_LAST,2020-07-28T11:59:00+00:00,2020-07-28T12:00:00+00:00,SESSION,LONDON_HIGH,LONDON,NY_AM,NY_AM,True,True,2020-07-28T07:59:00+00:00,True
34dcae00690b3a62e7f6b25b,2020,DOZ_BODY_00003280,LONDON_L_00004041,DOZ_BODY_00003280,DISPLACEMENT_ORIGIN,DOZ_BODY,LONDON_L_00004041,OBJECTIVE_LIQUIDITY,LONDON_LOW,2020-07-29T12:27:00+00:00,2020-07-29T12:25:00+00:00,2020-07-29T12:27:00+00:00,2020-07-29T12:27:00+00:00,2020-07-29T12:28:00+00:00,828747,0,828747,828748,LONG,SUPPORT,SUPPORT,SUPPORT,SAME_SIDE,1952.7415,1953.12,1952.9185,1953.12,0.5323645970937937,2020-07-29T06:00:00+00:00,2020-07-29T07:15:00+00:00,15min,DOZ_BODY,2020-07-29T11:59:00+00:00,2020-07-29T12:00:00+00:00,SESSION,LONDON_LOW,LONDON,NY_AM,NY_AM,True,True,2020-07-29T07:14:00+00:00,True
3500f01698ceb03d8aa78f55,2020,DOZ_BODY_00007627,NY_AM_L_00004113,DOZ_BODY_00007627,DISPLACEMENT_ORIGIN,DOZ_BODY,NY_AM_L_00004113,OBJECTIVE_LIQUIDITY,NY_AM_LOW,2020-08-07T16:57:00+00:00,2020-08-07T16:57:00+00:00,2020-08-07T16:57:00+00:00,2020-08-07T16:57:00+00:00,2020-08-07T16:58:00+00:00,841977,0,841977,841978,LONG,SUPPORT,SUPPORT,SUPPORT,SAME_SIDE,2021.585,2022.9265,2022.1009999999999,2022.9265,0.6153559448379795,2020-08-05T06:00:00+00:00,2020-08-05T07:00:00+00:00,1h,DOZ_BODY,2020-08-07T15:59:00+00:00,2020-08-07T16:00:00+00:00,SESSION,NY_AM_LOW,LONDON,NY_PM,NY_PM,True,True,2020-08-05T06:59:00+00:00,True
e98bc2a2b93b7ee548dd9dc6,2020,DOZ_BASE_00007745,ASIA_CME_L_00004557,ASIA_CME_L_00004557,OBJECTIVE_LIQUIDITY,ASIA_CME_LOW,DOZ_BASE_00007745,DISPLACEMENT_ORIGIN,DOZ_BASE,2020-10-13T13:36:00+00:00,2020-10-13T13:38:00+00:00,2020-10-13T13:38:00+00:00,2020-10-13T13:39:00+00:00,2020-10-13T13:40:00+00:00,938258,1,938259,938260,LONG,SUPPORT,SUPPORT,SUPPORT,SAME_SIDE,1892.8709999999999,1894.6590000000003,1893.07,1894.6590000000003,0.8887024608501022,2020-10-09T00:00:00+00:00,2020-10-09T02:00:00+00:00,1h,DOZ_BASE,2020-10-09T06:59:00+00:00,2020-10-09T07:00:00+00:00,SESSION,ASIA_CME_LOW,ASIA_CME,LONDON,NY_AM,True,True,2020-10-09T01:59:00+00:00,True
f0fb84133d83bb63b11dceaf,2020,DOZ_BODY_00006457,TRANSITION_L_00004735,DOZ_BODY_00006457,DISPLACEMENT_ORIGIN,DOZ_BODY,TRANSITION_L_00004735,OBJECTIVE_LIQUIDITY,TRANSITION_LOW,2020-11-04T00:45:00+00:00,2020-11-04T00:45:00+00:00,2020-11-04T00:45:00+00:00,2020-11-04T00:45:00+00:00,2020-11-04T00:46:00+00:00,969165,0,969165,969166,LONG,SUPPORT,SUPPORT,SUPPORT,SAME_SIDE,1906.2765,1907.32,1906.2765,1907.2944999999997,0.9755630091037921,2020-11-03T21:00:00+00:00,2020-11-03T23:30:00+00:00,30min,DOZ_BODY,2020-11-03T21:59:00+00:00,2020-11-03T23:00:00+00:00,SESSION,TRANSITION_LOW,ASIA_CME,ASIA_CME,ASIA_CME,True,True,2020-11-03T23:29:00+00:00,True
8a29bf735f3c4ee121db4bbf,2020,DOZ_BODY_00006433,ASIA_CME_H_00004736,DOZ_BODY_00006433,DISPLACEMENT_ORIGIN,DOZ_BODY,ASIA_CME_H_00004736,OBJECTIVE_LIQUIDITY,ASIA_CME_HIGH,2020-11-05T08:26:00+00:00,2020-11-05T08:25:00+00:00,2020-11-05T08:26:00+00:00,2020-11-05T08:26:00+00:00,2020-11-05T08:27:00+00:00,971066,0,971066,971067,SHORT,RESISTANCE,RESISTANCE,RESISTANCE,SAME_SIDE,1916.8165,1917.98,1916.8165,1917.4515,0.5457670820798706,2020-10-22T10:00:00+00:00,2020-10-22T12:30:00+00:00,30min,DOZ_BODY,2020-11-04T07:59:00+00:00,2020-11-04T08:00:00+00:00,SESSION,ASIA_CME_HIGH,NY_AM,LONDON,LONDON,True,True,2020-10-22T12:29:00+00:00,True
7d637231eb3877f6ba2a7ab7,2020,DOZ_BODY_00003808,LONDON_H_00004648,DOZ_BODY_00003808,DISPLACEMENT_ORIGIN,DOZ_BODY,LONDON_H_00004648,OBJECTIVE_LIQUIDITY,LONDON_HIGH,2020-11-05T11:47:00+00:00,2020-11-05T11:46:00+00:00,2020-11-05T11:47:00+00:00,2020-11-05T11:47:00+00:00,2020-11-05T11:48:00+00:00,971267,0,971267,971268,SHORT,RESISTANCE,RESISTANCE,RESISTANCE,SAME_SIDE,1920.8815,1921.3815,1920.8815,1921.2345,0.706000000000131,2020-10-22T01:00:00+00:00,2020-10-22T02:15:00+00:00,15min,DOZ_BODY,2020-10-22T11:59:00+00:00,2020-10-22T12:00:00+00:00,SESSION,LONDON_HIGH,ASIA_CME,NY_AM,LONDON,True,True,2020-10-22T02:14:00+00:00,True
342c35d5b60dbd4cca74d42c,2020,DOZ_LAST_00007701,LONDON_H_00004418,LONDON_H_00004418,OBJECTIVE_LIQUIDITY,LONDON_HIGH,DOZ_LAST_00007701,DISPLACEMENT_ORIGIN,DOZ_LAST,2020-11-06T11:09:00+00:00,2020-11-06T11:11:00+00:00,2020-11-06T11:11:00+00:00,2020-11-06T11:18:00+00:00,2020-11-06T11:19:00+00:00,972671,7,972678,972679,SHORT,RESISTANCE,RESISTANCE,RESISTANCE,SAME_SIDE,1953.9885,1955.6844999999998,1953.9885,1955.015,0.6052476415095649,2020-09-21T05:00:00+00:00,2020-09-21T09:00:00+00:00,1h,DOZ_LAST,2020-09-21T11:59:00+00:00,2020-09-21T12:00:00+00:00,SESSION,LONDON_HIGH,LONDON,NY_AM,LONDON,True,True,2020-09-21T08:59:00+00:00,True
29364b46935ccccf88cebd1a,2020,DOZ_LAST_00003945,PDH_00000962,PDH_00000962,OBJECTIVE_LIQUIDITY,PDH,DOZ_LAST_00003945,DISPLACEMENT_ORIGIN,DOZ_LAST,2020-11-12T15:32:00+00:00,2020-11-12T15:32:00+00:00,2020-11-12T15:32:00+00:00,2020-11-12T15:33:00+00:00,2020-11-12T15:34:00+00:00,981572,1,981573,981574,SHORT,RESISTANCE,RESISTANCE,RESISTANCE,SAME_SIDE,1883.4319999999998,1885.6480000000001,1883.4319999999998,1884.54,0.5,2020-11-11T07:00:00+00:00,2020-11-11T07:15:00+00:00,15min,DOZ_LAST,2020-11-11T21:59:00+00:00,2020-11-11T23:00:00+00:00,D1,PDH,ASIA_CME,ASIA_CME,NY_AM,True,True,2020-11-11T07:14:00+00:00,True
6a3feb83602b3def34682ce2,2020,DOZ_BASE_00003968,NY_AM_L_00004811,NY_AM_L_00004811,OBJECTIVE_LIQUIDITY,NY_AM_LOW,DOZ_BASE_00003968,DISPLACEMENT_ORIGIN,DOZ_BASE,2020-11-13T18:29:00+00:00,2020-11-13T18:29:00+00:00,2020-11-13T18:29:00+00:00,2020-11-13T18:29:00+00:00,2020-11-13T18:30:00+00:00,983189,0,983189,983190,LONG,SUPPORT,SUPPORT,SUPPORT,SAME_SIDE,1885.0695,1886.6974999999998,1885.0695,1886.6974999999998,1.0,2020-11-13T12:45:00+00:00,2020-11-13T13:45:00+00:00,15min,DOZ_BASE,2020-11-13T16:59:00+00:00,2020-11-13T17:00:00+00:00,SESSION,NY_AM_LOW,NY_AM,NY_PM,NY_PM,True,True,2020-11-13T13:44:00+00:00,True
6b63f3acdebf91d9f4f5b8ac,2020,DOZ_LAST_00007593,ASIA_CME_L_00003989,ASIA_CME_L_00003989,OBJECTIVE_LIQUIDITY,ASIA_CME_LOW,DOZ_LAST_00007593,DISPLACEMENT_ORIGIN,DOZ_LAST,2020-11-23T14:59:00+00:00,2020-11-23T14:59:00+00:00,2020-11-23T14:59:00+00:00,2020-11-23T14:59:00+00:00,2020-11-23T15:00:00+00:00,997379,0,997379,997380,LONG,SUPPORT,SUPPORT,SUPPORT,SAME_SIDE,1839.571,1841.4390000000003,1839.571,1841.4390000000003,1.0,2020-07-21T20:00:00+00:00,2020-07-22T02:00:00+00:00,1h,DOZ_LAST,2020-07-22T06:59:00+00:00,2020-07-22T07:00:00+00:00,SESSION,ASIA_CME_LOW,ASIA_CME,LONDON,NY_AM,True,True,2020-07-22T01:59:00+00:00,True
164ae41a0363cd838ff82b54,2020,DOZ_LAST_00007572,NY_AM_L_00003883,NY_AM_L_00003883,OBJECTIVE_LIQUIDITY,NY_AM_LOW,DOZ_LAST_00007572,DISPLACEMENT_ORIGIN,DOZ_LAST,2020-11-27T13:55:00+00:00,2020-11-27T13:55:00+00:00,2020-11-27T13:55:00+00:00,2020-11-27T13:56:00+00:00,2020-11-27T13:57:00+00:00,1003075,1,1003076,1003077,LONG,SUPPORT,SUPPORT,SUPPORT,SAME_SIDE,1774.8624999999997,1776.5305000000003,1774.9250000000002,1776.5305000000003,0.962529976018925,2020-07-07T11:00:00+00:00,2020-07-07T15:00:00+00:00,1h,DOZ_LAST,2020-07-07T15:59:00+00:00,2020-07-07T16:00:00+00:00,SESSION,NY_AM_LOW,NY_AM,NY_PM,NY_AM,True,True,2020-07-07T14:59:00+00:00,True
2654fc02b30489b1efe7367c,2020,DOZ_BODY_00006535,LONDON_L_00004935,DOZ_BODY_00006535,DISPLACEMENT_ORIGIN,DOZ_BODY,LONDON_L_00004935,OBJECTIVE_LIQUIDITY,LONDON_LOW,2020-12-02T13:48:00+00:00,2020-12-02T13:47:00+00:00,2020-12-02T13:48:00+00:00,2020-12-02T13:48:00+00:00,2020-12-02T13:49:00+00:00,1010268,0,1010268,1010269,LONG,SUPPORT,SUPPORT,SUPPORT,SAME_SIDE,1812.9965,1814.365,1813.149,1814.365,0.8885641213007572,2020-12-02T07:00:00+00:00,2020-12-02T09:00:00+00:00,30min,DOZ_BODY,2020-12-02T12:59:00+00:00,2020-12-02T13:00:00+00:00,SESSION,LONDON_LOW,LONDON,NY_AM,NY_AM,True,True,2020-12-02T08:59:00+00:00,True
