scenario,entry_time,exit_time,side,entry_px,exit_px,gross_usd,costs_usd,net_usd,gross_points,net_points,exit_reason
PRIMARY,2026-02-20 11:00:00-05:00,2026-02-20 11:30:00-05:00,long,25103.0,24983.0,-2400.0,5.0,-2405.0,-120.0,-120.25,trail
PRIMARY,2026-02-20 12:00:00-05:00,2026-02-20 12:30:00-05:00,long,25092.5,24947.0,-2910.0,5.0,-2915.0,-145.5,-145.75,trail
PRIMARY,2026-02-23 11:00:00-05:00,2026-02-23 13:00:00-05:00,short,24752.75,24755.75,-60.0,5.0,-65.0,-3.0,-3.25,trail
PRIMARY,2026-02-23 15:00:00-05:00,2026-02-23 15:59:00-05:00,short,24703.5,24768.25,-1295.0,5.0,-1300.0,-64.75,-65.0,eod
PRIMARY,2026-02-24 10:30:00-05:00,2026-02-24 11:30:00-05:00,long,25016.5,24988.0,-570.0,5.0,-575.0,-28.5,-28.75,trail
PRIMARY,2026-02-24 12:00:00-05:00,2026-02-24 15:59:00-05:00,long,25023.0,25029.75,135.0,5.0,130.0,6.75,6.5,eod
PRIMARY,2026-02-25 10:00:00-05:00,2026-02-25 11:00:00-05:00,long,25342.5,25307.5,-700.0,5.0,-705.0,-35.0,-35.25,trail
PRIMARY,2026-02-25 15:00:00-05:00,2026-02-25 15:59:00-05:00,long,25371.25,25384.25,260.0,5.0,255.0,13.0,12.75,eod
PRIMARY,2026-02-26 10:00:00-05:00,2026-02-26 15:00:00-05:00,short,25175.75,25064.0,2235.0,5.0,2230.0,111.75,111.5,trail
PRIMARY,2026-02-26 15:30:00-05:00,2026-02-26 15:59:00-05:00,short,25032.25,25083.5,-1025.0,5.0,-1030.0,-51.25,-51.5,eod
PRIMARY,2026-03-04 10:00:00-05:00,2026-03-04 15:59:00-05:00,long,24966.5,25119.75,3065.0,5.0,3060.0,153.25,153.0,eod
PRIMARY,2026-03-09 15:30:00-04:00,2026-03-09 15:59:00-04:00,long,24904.25,24992.0,1755.0,5.0,1750.0,87.75,87.5,eod
PRIMARY,2026-03-11 10:00:00-04:00,2026-03-11 10:30:00-04:00,long,25173.75,25026.75,-2940.0,5.0,-2945.0,-147.0,-147.25,trail
PRIMARY,2026-03-13 10:00:00-04:00,2026-03-13 10:30:00-04:00,long,24752.75,24699.5,-1065.0,5.0,-1070.0,-53.25,-53.5,trail
PRIMARY,2026-03-18 15:00:00-04:00,2026-03-18 15:59:00-04:00,short,24534.0,24435.0,1980.0,5.0,1975.0,99.0,98.75,eod
PRIMARY,2026-03-19 10:00:00-04:00,2026-03-19 10:30:00-04:00,long,24529.75,24430.75,-1980.0,5.0,-1985.0,-99.0,-99.25,trail
PRIMARY,2026-03-20 10:00:00-04:00,2026-03-20 12:00:00-04:00,short,24278.75,24319.25,-810.0,5.0,-815.0,-40.5,-40.75,trail
PRIMARY,2026-03-20 12:30:00-04:00,2026-03-20 15:59:00-04:00,short,24283.5,24113.75,3395.0,5.0,3390.0,169.75,169.5,eod
PRIMARY,2026-03-23 10:00:00-04:00,2026-03-23 12:00:00-04:00,long,24590.0,24391.0,-3980.0,5.0,-3985.0,-199.0,-199.25,trail
PRIMARY,2026-03-26 12:30:00-04:00,2026-03-26 15:59:00-04:00,short,24003.0,23787.0,4320.0,5.0,4315.0,216.0,215.75,eod
PRIMARY,2026-03-27 10:00:00-04:00,2026-03-27 11:30:00-04:00,short,23506.5,23576.5,-1400.0,5.0,-1405.0,-70.0,-70.25,trail
PRIMARY,2026-03-27 12:00:00-04:00,2026-03-27 15:59:00-04:00,short,23540.0,23309.0,4620.0,5.0,4615.0,231.0,230.75,eod
PRIMARY,2026-03-30 14:30:00-04:00,2026-03-30 15:59:00-04:00,short,23164.5,23135.75,575.0,5.0,570.0,28.75,28.5,eod
PRIMARY,2026-03-31 10:00:00-04:00,2026-03-31 11:00:00-04:00,long,23570.75,23428.0,-2855.0,5.0,-2860.0,-142.75,-143.0,trail
PRIMARY,2026-03-31 11:30:00-04:00,2026-03-31 12:00:00-04:00,long,23479.75,23460.5,-385.0,5.0,-390.0,-19.25,-19.5,trail
PRIMARY,2026-03-31 12:30:00-04:00,2026-03-31 15:59:00-04:00,long,23544.25,23909.5,7305.0,5.0,7300.0,365.25,365.0,eod
PRIMARY,2026-04-01 10:30:00-04:00,2026-04-01 14:30:00-04:00,long,24206.0,24155.75,-1005.0,5.0,-1010.0,-50.25,-50.5,trail
PRIMARY,2026-04-06 10:00:00-04:00,2026-04-06 11:00:00-04:00,long,24399.25,24317.0,-1645.0,5.0,-1650.0,-82.25,-82.5,trail
PRIMARY,2026-04-07 10:00:00-04:00,2026-04-07 12:00:00-04:00,short,24104.25,24118.75,-290.0,5.0,-295.0,-14.5,-14.75,trail
PRIMARY,2026-04-14 10:30:00-04:00,2026-04-14 15:59:00-04:00,long,25807.25,26000.5,3865.0,5.0,3860.0,193.25,193.0,eod
PRIMARY,2026-04-15 11:00:00-04:00,2026-04-15 13:00:00-04:00,long,26157.25,26153.5,-75.0,5.0,-80.0,-3.75,-4.0,trail
PRIMARY,2026-04-15 14:30:00-04:00,2026-04-15 15:59:00-04:00,long,26253.0,26364.0,2220.0,5.0,2215.0,111.0,110.75,eod
PRIMARY,2026-04-17 11:30:00-04:00,2026-04-17 12:00:00-04:00,long,26849.25,26797.0,-1045.0,5.0,-1050.0,-52.25,-52.5,trail
PRIMARY,2026-04-17 12:30:00-04:00,2026-04-17 13:00:00-04:00,long,26871.25,26862.5,-175.0,5.0,-180.0,-8.75,-9.0,trail
PRIMARY,2026-04-20 11:00:00-04:00,2026-04-20 11:30:00-04:00,short,26639.25,26679.75,-810.0,5.0,-815.0,-40.5,-40.75,trail
PRIMARY,2026-04-22 14:00:00-04:00,2026-04-22 14:30:00-04:00,long,27035.75,27002.75,-660.0,5.0,-665.0,-33.0,-33.25,trail
PRIMARY,2026-04-23 14:00:00-04:00,2026-04-23 14:30:00-04:00,short,26872.0,26951.25,-1585.0,5.0,-1590.0,-79.25,-79.5,trail
PRIMARY,2026-04-24 11:30:00-04:00,2026-04-24 15:59:00-04:00,long,27334.5,27433.75,1985.0,5.0,1980.0,99.25,99.0,eod
PRIMARY,2026-04-28 11:30:00-04:00,2026-04-28 12:00:00-04:00,short,27038.75,27051.25,-250.0,5.0,-255.0,-12.5,-12.75,trail
PRIMARY,2026-04-29 11:00:00-04:00,2026-04-29 11:30:00-04:00,long,27306.75,27285.0,-435.0,5.0,-440.0,-21.75,-22.0,trail
PRIMARY,2026-04-30 10:00:00-04:00,2026-04-30 11:00:00-04:00,short,27258.5,27382.75,-2485.0,5.0,-2490.0,-124.25,-124.5,trail
PRIMARY,2026-05-01 10:00:00-04:00,2026-05-01 15:00:00-04:00,long,27866.25,27820.5,-915.0,5.0,-920.0,-45.75,-46.0,trail
PRIMARY,2026-05-01 15:30:00-04:00,2026-05-01 15:59:00-04:00,long,27891.0,27837.0,-1080.0,5.0,-1085.0,-54.0,-54.25,eod
PRIMARY,2026-05-04 13:00:00-04:00,2026-05-04 13:30:00-04:00,short,27716.75,27793.75,-1540.0,5.0,-1545.0,-77.0,-77.25,trail
PRIMARY,2026-05-05 10:00:00-04:00,2026-05-05 15:59:00-04:00,long,28073.5,28135.5,1240.0,5.0,1235.0,62.0,61.75,eod
PRIMARY,2026-05-06 10:00:00-04:00,2026-05-06 10:30:00-04:00,long,28467.25,28434.75,-650.0,5.0,-655.0,-32.5,-32.75,trail
PRIMARY,2026-05-06 11:00:00-04:00,2026-05-06 15:59:00-04:00,long,28541.25,28710.0,3375.0,5.0,3370.0,168.75,168.5,eod
PRIMARY,2026-05-07 10:30:00-04:00,2026-05-07 11:30:00-04:00,long,28867.75,28871.5,75.0,5.0,70.0,3.75,3.5,trail
PRIMARY,2026-05-08 10:00:00-04:00,2026-05-08 15:59:00-04:00,long,29103.75,29339.5,4715.0,5.0,4710.0,235.75,235.5,eod
PRIMARY,2026-05-11 12:00:00-04:00,2026-05-11 13:00:00-04:00,long,29469.25,29422.0,-945.0,5.0,-950.0,-47.25,-47.5,trail
PRIMARY,2026-05-12 10:00:00-04:00,2026-05-12 15:30:00-04:00,short,29120.0,29076.25,875.0,5.0,870.0,43.75,43.5,trail
PRIMARY,2026-05-13 13:00:00-04:00,2026-05-13 15:59:00-04:00,long,29466.75,29475.75,180.0,5.0,175.0,9.0,8.75,eod
PRIMARY,2026-05-14 10:00:00-04:00,2026-05-14 13:30:00-04:00,long,29592.5,29661.0,1370.0,5.0,1365.0,68.5,68.25,trail
PRIMARY,2026-05-14 14:00:00-04:00,2026-05-14 15:59:00-04:00,long,29697.5,29686.5,-220.0,5.0,-225.0,-11.0,-11.25,eod
PRIMARY,2026-05-15 10:00:00-04:00,2026-05-15 10:30:00-04:00,short,29155.75,29310.75,-3100.0,5.0,-3105.0,-155.0,-155.25,trail
PRIMARY,2026-05-18 11:30:00-04:00,2026-05-18 15:59:00-04:00,short,28946.0,29099.0,-3060.0,5.0,-3065.0,-153.0,-153.25,eod
PRIMARY,2026-05-20 10:30:00-04:00,2026-05-20 12:30:00-04:00,long,29239.5,29236.0,-70.0,5.0,-75.0,-3.5,-3.75,trail
PRIMARY,2026-05-20 13:30:00-04:00,2026-05-20 15:59:00-04:00,long,29292.0,29396.0,2080.0,5.0,2075.0,104.0,103.75,eod
PRIMARY,2026-05-26 10:00:00-04:00,2026-05-26 11:30:00-04:00,long,30007.0,29987.25,-395.0,5.0,-400.0,-19.75,-20.0,trail
PRIMARY,2026-05-27 10:30:00-04:00,2026-05-27 11:30:00-04:00,short,29929.25,29967.25,-760.0,5.0,-765.0,-38.0,-38.25,trail
PRIMARY,2026-05-28 11:00:00-04:00,2026-05-28 15:59:00-04:00,long,30210.75,30306.0,1905.0,5.0,1900.0,95.25,95.0,eod
PRIMARY,2026-05-29 10:00:00-04:00,2026-05-29 10:30:00-04:00,long,30527.0,30419.5,-2150.0,5.0,-2155.0,-107.5,-107.75,trail
PRIMARY,2026-06-01 13:00:00-04:00,2026-06-01 15:59:00-04:00,long,30579.5,30571.0,-170.0,5.0,-175.0,-8.5,-8.75,eod
PRIMARY,2026-06-03 10:00:00-04:00,2026-06-03 10:30:00-04:00,short,30610.25,30715.5,-2105.0,5.0,-2110.0,-105.25,-105.5,trail
PRIMARY,2026-06-05 10:00:00-04:00,2026-06-05 15:59:00-04:00,short,29783.75,29016.0,15355.0,5.0,15350.0,767.75,767.5,eod
PRIMARY,2026-06-08 11:00:00-04:00,2026-06-08 11:30:00-04:00,long,29675.25,29586.5,-1775.0,5.0,-1780.0,-88.75,-89.0,trail
PRIMARY,2026-06-09 11:00:00-04:00,2026-06-09 15:00:00-04:00,short,29233.25,29042.75,3810.0,5.0,3805.0,190.5,190.25,trail
PRIMARY,2026-06-09 15:30:00-04:00,2026-06-09 15:59:00-04:00,short,28961.5,29115.5,-3080.0,5.0,-3085.0,-154.0,-154.25,eod
PRIMARY,2026-06-10 15:00:00-04:00,2026-06-10 15:59:00-04:00,short,28582.5,28526.25,1125.0,5.0,1120.0,56.25,56.0,eod
PRIMARY,2026-06-11 10:00:00-04:00,2026-06-11 10:30:00-04:00,long,28964.25,28832.0,-2645.0,5.0,-2650.0,-132.25,-132.5,trail
PRIMARY,2026-06-11 13:30:00-04:00,2026-06-11 15:59:00-04:00,long,29183.5,29456.5,5460.0,5.0,5455.0,273.0,272.75,eod
PRIMARY,2026-06-12 11:00:00-04:00,2026-06-12 12:00:00-04:00,long,29663.5,29470.25,-3865.0,5.0,-3870.0,-193.25,-193.5,trail
PRIMARY,2026-06-15 11:30:00-04:00,2026-06-15 13:00:00-04:00,long,30549.0,30569.0,400.0,5.0,395.0,20.0,19.75,trail
PRIMARY,2026-06-16 10:30:00-04:00,2026-06-16 15:59:00-04:00,short,30337.75,29991.5,6925.0,5.0,6920.0,346.25,346.0,eod
PRIMARY,2026-06-24 11:00:00-04:00,2026-06-24 11:30:00-04:00,long,29884.5,29817.75,-1335.0,5.0,-1340.0,-66.75,-67.0,trail
PRIMARY,2026-06-25 10:00:00-04:00,2026-06-25 10:30:00-04:00,short,29378.75,29601.5,-4455.0,5.0,-4460.0,-222.75,-223.0,trail
PRIMARY,2026-06-29 13:00:00-04:00,2026-06-29 15:59:00-04:00,long,29934.0,30046.0,2240.0,5.0,2235.0,112.0,111.75,eod
PRIMARY,2026-06-30 10:00:00-04:00,2026-06-30 15:59:00-04:00,long,30316.0,30513.25,3945.0,5.0,3940.0,197.25,197.0,eod
PRIMARY,2026-07-02 10:00:00-04:00,2026-07-02 10:30:00-04:00,long,30248.5,29954.0,-5890.0,5.0,-5895.0,-294.5,-294.75,trail
PRIMARY,2026-07-02 11:00:00-04:00,2026-07-02 15:59:00-04:00,short,29842.25,29538.5,6075.0,5.0,6070.0,303.75,303.5,eod
PRIMARY,2026-07-06 10:30:00-04:00,2026-07-06 12:30:00-04:00,long,30024.25,30027.5,65.0,5.0,60.0,3.25,3.0,trail
PRIMARY,2026-07-07 10:30:00-04:00,2026-07-07 12:00:00-04:00,short,29310.75,29399.0,-1765.0,5.0,-1770.0,-88.25,-88.5,trail
PRIMARY,2026-07-09 13:30:00-04:00,2026-07-09 15:30:00-04:00,long,29985.25,29913.75,-1430.0,5.0,-1435.0,-71.5,-71.75,trail
PRIMARY,2026-07-13 14:30:00-04:00,2026-07-13 15:00:00-04:00,short,29456.5,29483.25,-535.0,5.0,-540.0,-26.75,-27.0,trail
PRIMARY,2026-07-13 15:30:00-04:00,2026-07-13 15:59:00-04:00,short,29438.25,29467.25,-580.0,5.0,-585.0,-29.0,-29.25,eod
PRIMARY,2026-07-15 11:00:00-04:00,2026-07-15 11:30:00-04:00,short,29616.25,29626.75,-210.0,5.0,-215.0,-10.5,-10.75,trail
PRIMARY,2026-07-15 12:00:00-04:00,2026-07-15 13:30:00-04:00,short,29580.25,29615.0,-695.0,5.0,-700.0,-34.75,-35.0,trail
PRIMARY,2026-07-16 14:30:00-04:00,2026-07-16 15:59:00-04:00,short,29250.5,29217.25,665.0,5.0,660.0,33.25,33.0,eod
PRIMARY,2026-07-23 11:00:00-04:00,2026-07-23 12:00:00-04:00,short,28586.5,28598.0,-230.0,5.0,-235.0,-11.5,-11.75,trail
PRIMARY,2026-07-24 10:00:00-04:00,2026-07-24 11:00:00-04:00,short,28373.25,28467.5,-1885.0,5.0,-1890.0,-94.25,-94.5,trail
PRIMARY,2026-07-24 14:30:00-04:00,2026-07-24 15:59:00-04:00,short,28333.0,28283.5,990.0,5.0,985.0,49.5,49.25,eod
PRIMARY,2026-07-27 10:30:00-04:00,2026-07-27 12:30:00-04:00,short,28073.5,28176.5,-2060.0,5.0,-2065.0,-103.0,-103.25,trail
PRIMARY,2026-07-27 13:00:00-04:00,2026-07-27 15:00:00-04:00,short,28049.0,28174.75,-2515.0,5.0,-2520.0,-125.75,-126.0,trail
PRIMARY,2026-07-28 10:00:00-04:00,2026-07-28 11:00:00-04:00,short,27726.75,27833.0,-2125.0,5.0,-2130.0,-106.25,-106.5,trail
PRIMARY,2026-07-29 10:00:00-04:00,2026-07-29 14:00:00-04:00,short,27752.5,27853.25,-2015.0,5.0,-2020.0,-100.75,-101.0,trail
PRIMARY,2026-07-30 10:00:00-04:00,2026-07-30 11:00:00-04:00,long,28156.0,28026.75,-2585.0,5.0,-2590.0,-129.25,-129.5,trail
PRIMARY,2026-07-30 12:00:00-04:00,2026-07-30 15:59:00-04:00,long,28070.25,28228.75,3170.0,5.0,3165.0,158.5,158.25,eod
STRESS,2026-02-20 11:00:00-05:00,2026-02-20 11:30:00-05:00,long,25103.25,24982.75,-2410.0,5.0,-2415.0,-120.5,-120.75,trail
STRESS,2026-02-20 12:00:00-05:00,2026-02-20 12:30:00-05:00,long,25092.75,24946.75,-2920.0,5.0,-2925.0,-146.0,-146.25,trail
STRESS,2026-02-23 11:00:00-05:00,2026-02-23 13:00:00-05:00,short,24752.5,24756.0,-70.0,5.0,-75.0,-3.5,-3.75,trail
STRESS,2026-02-23 15:00:00-05:00,2026-02-23 15:59:00-05:00,short,24703.25,24768.5,-1305.0,5.0,-1310.0,-65.25,-65.5,eod
STRESS,2026-02-24 10:30:00-05:00,2026-02-24 11:30:00-05:00,long,25016.75,24987.75,-580.0,5.0,-585.0,-29.0,-29.25,trail
STRESS,2026-02-24 12:00:00-05:00,2026-02-24 15:59:00-05:00,long,25023.25,25029.5,125.0,5.0,120.0,6.25,6.0,eod
STRESS,2026-02-25 10:00:00-05:00,2026-02-25 11:00:00-05:00,long,25342.75,25307.25,-710.0,5.0,-715.0,-35.5,-35.75,trail
STRESS,2026-02-25 15:00:00-05:00,2026-02-25 15:59:00-05:00,long,25371.5,25384.0,250.0,5.0,245.0,12.5,12.25,eod
STRESS,2026-02-26 10:00:00-05:00,2026-02-26 15:00:00-05:00,short,25175.5,25064.25,2225.0,5.0,2220.0,111.25,111.0,trail
STRESS,2026-02-26 15:30:00-05:00,2026-02-26 15:59:00-05:00,short,25032.0,25083.75,-1035.0,5.0,-1040.0,-51.75,-52.0,eod
STRESS,2026-03-04 10:00:00-05:00,2026-03-04 15:59:00-05:00,long,24966.75,25119.5,3055.0,5.0,3050.0,152.75,152.5,eod
STRESS,2026-03-09 15:30:00-04:00,2026-03-09 15:59:00-04:00,long,24904.5,24991.75,1745.0,5.0,1740.0,87.25,87.0,eod
STRESS,2026-03-11 10:00:00-04:00,2026-03-11 10:30:00-04:00,long,25174.0,25026.5,-2950.0,5.0,-2955.0,-147.5,-147.75,trail
STRESS,2026-03-13 10:00:00-04:00,2026-03-13 10:30:00-04:00,long,24753.0,24699.25,-1075.0,5.0,-1080.0,-53.75,-54.0,trail
STRESS,2026-03-18 15:00:00-04:00,2026-03-18 15:59:00-04:00,short,24533.75,24435.25,1970.0,5.0,1965.0,98.5,98.25,eod
STRESS,2026-03-19 10:00:00-04:00,2026-03-19 10:30:00-04:00,long,24530.0,24430.5,-1990.0,5.0,-1995.0,-99.5,-99.75,trail
STRESS,2026-03-20 10:00:00-04:00,2026-03-20 12:00:00-04:00,short,24278.5,24319.5,-820.0,5.0,-825.0,-41.0,-41.25,trail
STRESS,2026-03-20 12:30:00-04:00,2026-03-20 15:59:00-04:00,short,24283.25,24114.0,3385.0,5.0,3380.0,169.25,169.0,eod
STRESS,2026-03-23 10:00:00-04:00,2026-03-23 12:00:00-04:00,long,24590.25,24390.75,-3990.0,5.0,-3995.0,-199.5,-199.75,trail
STRESS,2026-03-26 12:30:00-04:00,2026-03-26 15:59:00-04:00,short,24002.75,23787.25,4310.0,5.0,4305.0,215.5,215.25,eod
STRESS,2026-03-27 10:00:00-04:00,2026-03-27 11:30:00-04:00,short,23506.25,23576.75,-1410.0,5.0,-1415.0,-70.5,-70.75,trail
STRESS,2026-03-27 12:00:00-04:00,2026-03-27 15:59:00-04:00,short,23539.75,23309.25,4610.0,5.0,4605.0,230.5,230.25,eod
STRESS,2026-03-30 14:30:00-04:00,2026-03-30 15:59:00-04:00,short,23164.25,23136.0,565.0,5.0,560.0,28.25,28.0,eod
STRESS,2026-03-31 10:00:00-04:00,2026-03-31 11:00:00-04:00,long,23571.0,23427.75,-2865.0,5.0,-2870.0,-143.25,-143.5,trail
STRESS,2026-03-31 11:30:00-04:00,2026-03-31 12:00:00-04:00,long,23480.0,23460.25,-395.0,5.0,-400.0,-19.75,-20.0,trail
STRESS,2026-03-31 12:30:00-04:00,2026-03-31 15:59:00-04:00,long,23544.5,23909.25,7295.0,5.0,7290.0,364.75,364.5,eod
STRESS,2026-04-01 10:30:00-04:00,2026-04-01 14:30:00-04:00,long,24206.25,24155.5,-1015.0,5.0,-1020.0,-50.75,-51.0,trail
STRESS,2026-04-06 10:00:00-04:00,2026-04-06 11:00:00-04:00,long,24399.5,24316.75,-1655.0,5.0,-1660.0,-82.75,-83.0,trail
STRESS,2026-04-07 10:00:00-04:00,2026-04-07 12:00:00-04:00,short,24104.0,24119.0,-300.0,5.0,-305.0,-15.0,-15.25,trail
STRESS,2026-04-14 10:30:00-04:00,2026-04-14 15:59:00-04:00,long,25807.5,26000.25,3855.0,5.0,3850.0,192.75,192.5,eod
STRESS,2026-04-15 11:00:00-04:00,2026-04-15 13:00:00-04:00,long,26157.5,26153.25,-85.0,5.0,-90.0,-4.25,-4.5,trail
STRESS,2026-04-15 14:30:00-04:00,2026-04-15 15:59:00-04:00,long,26253.25,26363.75,2210.0,5.0,2205.0,110.5,110.25,eod
STRESS,2026-04-17 11:30:00-04:00,2026-04-17 12:00:00-04:00,long,26849.5,26796.75,-1055.0,5.0,-1060.0,-52.75,-53.0,trail
STRESS,2026-04-17 12:30:00-04:00,2026-04-17 13:00:00-04:00,long,26871.5,26862.25,-185.0,5.0,-190.0,-9.25,-9.5,trail
STRESS,2026-04-20 11:00:00-04:00,2026-04-20 11:30:00-04:00,short,26639.0,26680.0,-820.0,5.0,-825.0,-41.0,-41.25,trail
STRESS,2026-04-22 14:00:00-04:00,2026-04-22 14:30:00-04:00,long,27036.0,27002.5,-670.0,5.0,-675.0,-33.5,-33.75,trail
STRESS,2026-04-23 14:00:00-04:00,2026-04-23 14:30:00-04:00,short,26871.75,26951.5,-1595.0,5.0,-1600.0,-79.75,-80.0,trail
STRESS,2026-04-24 11:30:00-04:00,2026-04-24 15:59:00-04:00,long,27334.75,27433.5,1975.0,5.0,1970.0,98.75,98.5,eod
STRESS,2026-04-28 11:30:00-04:00,2026-04-28 12:00:00-04:00,short,27038.5,27051.5,-260.0,5.0,-265.0,-13.0,-13.25,trail
STRESS,2026-04-29 11:00:00-04:00,2026-04-29 11:30:00-04:00,long,27307.0,27284.75,-445.0,5.0,-450.0,-22.25,-22.5,trail
STRESS,2026-04-30 10:00:00-04:00,2026-04-30 11:00:00-04:00,short,27258.25,27383.0,-2495.0,5.0,-2500.0,-124.75,-125.0,trail
STRESS,2026-05-01 10:00:00-04:00,2026-05-01 15:00:00-04:00,long,27866.5,27820.25,-925.0,5.0,-930.0,-46.25,-46.5,trail
STRESS,2026-05-01 15:30:00-04:00,2026-05-01 15:59:00-04:00,long,27891.25,27836.75,-1090.0,5.0,-1095.0,-54.5,-54.75,eod
STRESS,2026-05-04 13:00:00-04:00,2026-05-04 13:30:00-04:00,short,27716.5,27794.0,-1550.0,5.0,-1555.0,-77.5,-77.75,trail
STRESS,2026-05-05 10:00:00-04:00,2026-05-05 15:59:00-04:00,long,28073.75,28135.25,1230.0,5.0,1225.0,61.5,61.25,eod
STRESS,2026-05-06 10:00:00-04:00,2026-05-06 10:30:00-04:00,long,28467.5,28434.5,-660.0,5.0,-665.0,-33.0,-33.25,trail
STRESS,2026-05-06 11:00:00-04:00,2026-05-06 15:59:00-04:00,long,28541.5,28709.75,3365.0,5.0,3360.0,168.25,168.0,eod
STRESS,2026-05-07 10:30:00-04:00,2026-05-07 11:30:00-04:00,long,28868.0,28871.25,65.0,5.0,60.0,3.25,3.0,trail
STRESS,2026-05-08 10:00:00-04:00,2026-05-08 15:59:00-04:00,long,29104.0,29339.25,4705.0,5.0,4700.0,235.25,235.0,eod
STRESS,2026-05-11 12:00:00-04:00,2026-05-11 13:00:00-04:00,long,29469.5,29421.75,-955.0,5.0,-960.0,-47.75,-48.0,trail
STRESS,2026-05-12 10:00:00-04:00,2026-05-12 15:30:00-04:00,short,29119.75,29076.5,865.0,5.0,860.0,43.25,43.0,trail
STRESS,2026-05-13 13:00:00-04:00,2026-05-13 15:59:00-04:00,long,29467.0,29475.5,170.0,5.0,165.0,8.5,8.25,eod
STRESS,2026-05-14 10:00:00-04:00,2026-05-14 13:30:00-04:00,long,29592.75,29660.75,1360.0,5.0,1355.0,68.0,67.75,trail
STRESS,2026-05-14 14:00:00-04:00,2026-05-14 15:59:00-04:00,long,29697.75,29686.25,-230.0,5.0,-235.0,-11.5,-11.75,eod
STRESS,2026-05-15 10:00:00-04:00,2026-05-15 10:30:00-04:00,short,29155.5,29311.0,-3110.0,5.0,-3115.0,-155.5,-155.75,trail
STRESS,2026-05-18 11:30:00-04:00,2026-05-18 15:59:00-04:00,short,28945.75,29099.25,-3070.0,5.0,-3075.0,-153.5,-153.75,eod
STRESS,2026-05-20 10:30:00-04:00,2026-05-20 12:30:00-04:00,long,29239.75,29235.75,-80.0,5.0,-85.0,-4.0,-4.25,trail
STRESS,2026-05-20 13:30:00-04:00,2026-05-20 15:59:00-04:00,long,29292.25,29395.75,2070.0,5.0,2065.0,103.5,103.25,eod
STRESS,2026-05-26 10:00:00-04:00,2026-05-26 11:30:00-04:00,long,30007.25,29987.0,-405.0,5.0,-410.0,-20.25,-20.5,trail
STRESS,2026-05-27 10:30:00-04:00,2026-05-27 11:30:00-04:00,short,29929.0,29967.5,-770.0,5.0,-775.0,-38.5,-38.75,trail
STRESS,2026-05-28 11:00:00-04:00,2026-05-28 15:59:00-04:00,long,30211.0,30305.75,1895.0,5.0,1890.0,94.75,94.5,eod
STRESS,2026-05-29 10:00:00-04:00,2026-05-29 10:30:00-04:00,long,30527.25,30419.25,-2160.0,5.0,-2165.0,-108.0,-108.25,trail
STRESS,2026-06-01 13:00:00-04:00,2026-06-01 15:59:00-04:00,long,30579.75,30570.75,-180.0,5.0,-185.0,-9.0,-9.25,eod
STRESS,2026-06-03 10:00:00-04:00,2026-06-03 10:30:00-04:00,short,30610.0,30715.75,-2115.0,5.0,-2120.0,-105.75,-106.0,trail
STRESS,2026-06-05 10:00:00-04:00,2026-06-05 15:59:00-04:00,short,29783.5,29016.25,15345.0,5.0,15340.0,767.25,767.0,eod
STRESS,2026-06-08 11:00:00-04:00,2026-06-08 11:30:00-04:00,long,29675.5,29586.25,-1785.0,5.0,-1790.0,-89.25,-89.5,trail
STRESS,2026-06-09 11:00:00-04:00,2026-06-09 15:00:00-04:00,short,29233.0,29043.0,3800.0,5.0,3795.0,190.0,189.75,trail
STRESS,2026-06-09 15:30:00-04:00,2026-06-09 15:59:00-04:00,short,28961.25,29115.75,-3090.0,5.0,-3095.0,-154.5,-154.75,eod
STRESS,2026-06-10 15:00:00-04:00,2026-06-10 15:59:00-04:00,short,28582.25,28526.5,1115.0,5.0,1110.0,55.75,55.5,eod
STRESS,2026-06-11 10:00:00-04:00,2026-06-11 10:30:00-04:00,long,28964.5,28831.75,-2655.0,5.0,-2660.0,-132.75,-133.0,trail
STRESS,2026-06-11 13:30:00-04:00,2026-06-11 15:59:00-04:00,long,29183.75,29456.25,5450.0,5.0,5445.0,272.5,272.25,eod
STRESS,2026-06-12 11:00:00-04:00,2026-06-12 12:00:00-04:00,long,29663.75,29470.0,-3875.0,5.0,-3880.0,-193.75,-194.0,trail
STRESS,2026-06-15 11:30:00-04:00,2026-06-15 13:00:00-04:00,long,30549.25,30568.75,390.0,5.0,385.0,19.5,19.25,trail
STRESS,2026-06-16 10:30:00-04:00,2026-06-16 15:59:00-04:00,short,30337.5,29991.75,6915.0,5.0,6910.0,345.75,345.5,eod
STRESS,2026-06-24 11:00:00-04:00,2026-06-24 11:30:00-04:00,long,29884.75,29817.5,-1345.0,5.0,-1350.0,-67.25,-67.5,trail
STRESS,2026-06-25 10:00:00-04:00,2026-06-25 10:30:00-04:00,short,29378.5,29601.75,-4465.0,5.0,-4470.0,-223.25,-223.5,trail
STRESS,2026-06-29 13:00:00-04:00,2026-06-29 15:59:00-04:00,long,29934.25,30045.75,2230.0,5.0,2225.0,111.5,111.25,eod
STRESS,2026-06-30 10:00:00-04:00,2026-06-30 15:59:00-04:00,long,30316.25,30513.0,3935.0,5.0,3930.0,196.75,196.5,eod
STRESS,2026-07-02 10:00:00-04:00,2026-07-02 10:30:00-04:00,long,30248.75,29953.75,-5900.0,5.0,-5905.0,-295.0,-295.25,trail
STRESS,2026-07-02 11:00:00-04:00,2026-07-02 15:59:00-04:00,short,29842.0,29538.75,6065.0,5.0,6060.0,303.25,303.0,eod
STRESS,2026-07-06 10:30:00-04:00,2026-07-06 12:30:00-04:00,long,30024.5,30027.25,55.0,5.0,50.0,2.75,2.5,trail
STRESS,2026-07-07 10:30:00-04:00,2026-07-07 12:00:00-04:00,short,29310.5,29399.25,-1775.0,5.0,-1780.0,-88.75,-89.0,trail
STRESS,2026-07-09 13:30:00-04:00,2026-07-09 15:30:00-04:00,long,29985.5,29913.5,-1440.0,5.0,-1445.0,-72.0,-72.25,trail
STRESS,2026-07-13 14:30:00-04:00,2026-07-13 15:00:00-04:00,short,29456.25,29483.5,-545.0,5.0,-550.0,-27.25,-27.5,trail
STRESS,2026-07-13 15:30:00-04:00,2026-07-13 15:59:00-04:00,short,29438.0,29467.5,-590.0,5.0,-595.0,-29.5,-29.75,eod
STRESS,2026-07-15 11:00:00-04:00,2026-07-15 11:30:00-04:00,short,29616.0,29627.0,-220.0,5.0,-225.0,-11.0,-11.25,trail
STRESS,2026-07-15 12:00:00-04:00,2026-07-15 13:30:00-04:00,short,29580.0,29615.25,-705.0,5.0,-710.0,-35.25,-35.5,trail
STRESS,2026-07-16 14:30:00-04:00,2026-07-16 15:59:00-04:00,short,29250.25,29217.5,655.0,5.0,650.0,32.75,32.5,eod
STRESS,2026-07-23 11:00:00-04:00,2026-07-23 12:00:00-04:00,short,28586.25,28598.25,-240.0,5.0,-245.0,-12.0,-12.25,trail
STRESS,2026-07-24 10:00:00-04:00,2026-07-24 11:00:00-04:00,short,28373.0,28467.75,-1895.0,5.0,-1900.0,-94.75,-95.0,trail
STRESS,2026-07-24 14:30:00-04:00,2026-07-24 15:59:00-04:00,short,28332.75,28283.75,980.0,5.0,975.0,49.0,48.75,eod
STRESS,2026-07-27 10:30:00-04:00,2026-07-27 12:30:00-04:00,short,28073.25,28176.75,-2070.0,5.0,-2075.0,-103.5,-103.75,trail
STRESS,2026-07-27 13:00:00-04:00,2026-07-27 15:00:00-04:00,short,28048.75,28175.0,-2525.0,5.0,-2530.0,-126.25,-126.5,trail
STRESS,2026-07-28 10:00:00-04:00,2026-07-28 11:00:00-04:00,short,27726.5,27833.25,-2135.0,5.0,-2140.0,-106.75,-107.0,trail
STRESS,2026-07-29 10:00:00-04:00,2026-07-29 14:00:00-04:00,short,27752.25,27853.5,-2025.0,5.0,-2030.0,-101.25,-101.5,trail
STRESS,2026-07-30 10:00:00-04:00,2026-07-30 11:00:00-04:00,long,28156.25,28026.5,-2595.0,5.0,-2600.0,-129.75,-130.0,trail
STRESS,2026-07-30 12:00:00-04:00,2026-07-30 15:59:00-04:00,long,28070.5,28228.5,3160.0,5.0,3155.0,158.0,157.75,eod
