timestamp,open,high,low,close,open_bid,high_bid,low_bid,close_bid,open_ask,high_ask,low_ask,close_ask,spread,gap_abs,gap_pct,ret1_abs,range,bid_gap_abs,ask_gap_abs
2013-09-18 18:00:00+00:00,1314.532,1334.0325,1314.532,1331.6985,1313.156,1333.728,1313.156,1331.1,1315.908,1334.337,1315.908,1332.297,1.1970000000001164,1.0419999999999163,0.0007933063822335277,0.013862686430806459,19.500500000000102,0.5239999999998872,1.5599999999999454
2013-12-18 19:01:00+00:00,1225.0169999999998,1244.0010000000002,1225.0169999999998,1230.795,1224.137,1243.342,1224.137,1230.29,1225.897,1244.66,1225.897,1231.3,1.009999999999991,0.6670000000003711,0.0005441859402589664,0.004169916552716479,18.98400000000038,0.08000000000015461,1.2540000000001328
2013-10-11 12:42:00+00:00,1285.77,1285.7800000000002,1267.1,1271.106,1285.612,1285.622,1266.292,1270.899,1285.928,1285.938,1267.908,1271.313,0.4140000000002146,0.09000000000014552,7.000186671655897e-05,0.011335635616949613,18.68000000000029,0.09000000000014552,0.09000000000014552
2013-07-21 22:12:00+00:00,1298.5475,1315.6815,1298.464,1315.388,1298.211,1314.433,1298.13,1314.142,1298.884,1316.93,1298.798,1316.634,2.491999999999962,0.03249999999979991,2.5028590351131798e-05,0.012994073999915257,17.217499999999973,0.029999999999972715,0.035000000000081855
2013-10-01 12:30:00+00:00,1310.6595000000002,1310.7015,1294.3025,1298.65,1310.342,1310.426,1293.913,1298.342,1310.977,1310.977,1294.692,1298.958,0.6159999999999854,0.2624999999998181,0.00020024074658890316,0.009361350255774115,16.398999999999887,0.4799999999997908,0.044999999999845386
2013-04-18 01:03:00+00:00,1362.2705,1362.2705,1345.892,1353.5345,1361.993,1361.993,1345.259,1352.731,1362.548,1362.548,1346.525,1354.338,1.606999999999971,0.015000000000100044,1.101115025786282e-05,0.006401882759878741,16.37850000000003,0.029999999999972715,0.0
2013-04-15 20:15:00+00:00,1358.373,1358.373,1342.1985,1344.4125,1358.152,1358.152,1341.243,1343.497,1358.594,1358.594,1343.154,1345.328,1.830999999999904,0.07699999999977081,5.66822481502969e-05,0.01033346829106696,16.17450000000008,0.09999999999990905,0.05399999999985994
2013-03-08 13:30:00+00:00,1578.9,1578.9,1563.4,1566.1345,1578.6,1578.6,1562.98,1565.919,1579.2,1579.2,1563.82,1566.35,0.4309999999998126,0.0500000000001819,3.166861956498838e-05,0.008053646641542955,15.5,0.049999999999954525,0.049999999999954525
2013-12-10 13:07:00+00:00,1249.994,1264.5705,1249.8985,1258.0985,1249.83,1263.488,1249.75,1257.939,1250.158,1265.653,1250.047,1258.258,0.31899999999996,0.003499999999803549,2.800021280004567e-06,0.006486449297014696,14.672000000000025,0.006999999999834472,0.0
2013-11-20 19:00:00+00:00,1262.09,1262.1799999999998,1247.9575,1253.0145,1261.923,1262.013,1246.722,1252.752,1262.257,1262.347,1249.193,1253.277,0.525000000000091,0.03749999999990905,2.9713502409692982e-05,0.0071613502607854596,14.222499999999854,0.03999999999996362,0.035000000000081855
2013-12-18 19:00:00+00:00,1235.5935,1235.5935,1221.795,1225.6840000000002,1234.698,1234.698,1221.102,1224.217,1236.489,1236.489,1222.488,1227.151,2.933999999999969,5.604000000000042,0.004514994591916308,0.012498816666968615,13.798499999999876,5.991999999999962,5.2159999999998945
2013-04-15 01:44:00+00:00,1478.4969999999998,1478.66,1465.231,1466.368,1478.346,1478.51,1464.748,1465.885,1478.648,1478.81,1465.714,1466.851,0.966000000000122,0.0009999999997489795,6.763630065613836e-07,0.0082029305456357,13.429000000000087,0.0,0.0019999999999527063
2013-10-30 18:00:00+00:00,1354.06,1354.06,1340.6375,1340.933,1353.642,1353.642,1339.73,1340.028,1354.478,1354.478,1341.545,1341.838,1.8099999999999452,0.16000000000008185,0.0001181491928933865,0.009811552037335192,13.4224999999999,0.07999999999992724,0.2400000000000091
2013-04-15 18:49:00+00:00,1362.8,1364.3200000000002,1351.3,1353.7,1362.552,1363.952,1351.052,1353.452,1363.048,1364.688,1351.548,1353.948,0.4960000000000946,0.2999999999999545,0.00022018348623849873,0.006458715596330267,13.02000000000021,0.2999999999999545,0.2999999999999545
2013-04-15 02:03:00+00:00,1444.1395,1444.3295,1431.7,1433.1535,1443.952,1444.152,1431.152,1431.752,1444.327,1444.507,1432.248,1434.555,2.803000000000111,0.009999999999990905,6.9245867493122365e-06,0.007600426416052075,12.629500000000007,0.0,0.01999999999998181
2013-09-12 06:54:00+00:00,1355.035,1355.348,1343.3175,1347.9920000000002,1354.905,1355.269,1342.183,1347.862,1355.165,1355.427,1344.452,1348.122,0.2599999999999909,0.018499999999903594,1.3652597480397337e-05,0.005211233357206746,12.030499999999847,0.03700000000003456,0.0
2013-04-18 01:04:00+00:00,1353.6015,1355.317,1343.55,1343.55,1352.758,1354.684,1343.252,1343.252,1354.445,1355.95,1343.848,1343.848,0.5960000000000036,0.06700000000000728,4.95000312145773e-05,0.007376612860625298,11.767000000000053,0.027000000000043656,0.1069999999999709
2013-10-01 12:39:00+00:00,1299.837,1299.9,1288.4935,1289.735,1299.662,1299.702,1288.145,1289.373,1300.012,1300.098,1288.842,1290.097,0.7239999999999327,0.02500000000009095,1.923355069817093e-05,0.007752659615390511,11.406500000000051,0.049999999999954525,0.0
2013-09-18 00:21:00+00:00,1304.2055,1304.2155,1292.9555,1295.45,1303.953,1303.973,1291.662,1295.142,1304.458,1304.458,1294.249,1295.758,0.6159999999999854,0.011999999999943611,9.200919325146006e-06,0.006722421681966351,11.259999999999991,0.0,0.023999999999887223
2013-04-15 01:46:00+00:00,1460.4699999999998,1463.212,1452.078,1452.428,1459.687,1462.852,1451.252,1451.952,1461.253,1463.572,1452.904,1452.904,0.9519999999999982,0.032000000000152795,2.1910274686479578e-05,0.005528236181805868,11.134000000000015,0.032000000000152795,0.032000000000152795
2013-11-20 11:26:00+00:00,1270.4145,1270.4145,1259.308,1260.815,1270.243,1270.243,1258.165,1260.315,1270.586,1270.586,1260.451,1261.315,1.0,0.004500000000007276,3.542163553504204e-06,0.007552679843515153,11.106500000000096,0.0,0.009000000000014552
2013-09-29 22:00:00+00:00,1341.74,1352.73,1341.74,1349.99,1341.363,1352.263,1341.363,1349.613,1342.117,1353.197,1342.117,1350.367,0.7539999999999054,5.086999999999989,0.0038057745727574687,0.009977907504789885,10.990000000000009,6.180000000000064,3.9939999999999145
2013-11-25 06:02:00+00:00,1236.824,1236.953,1226.169,1234.598,1236.696,1236.799,1224.864,1234.338,1236.952,1237.107,1227.474,1234.858,0.5199999999999818,0.005499999999983629,4.4468933800582935e-06,0.0017953321364453378,10.783999999999878,0.010999999999967258,0.0
2013-08-02 12:35:00+00:00,1302.2175,1312.7800000000002,1302.0755,1309.6174999999998,1301.738,1312.343,1301.614,1308.869,1302.697,1313.217,1302.537,1310.366,1.497000000000071,0.037500000000136424,2.879786204682642e-05,0.005711575972599858,10.70450000000028,0.02500000000009095,0.049999999999954525
2013-10-17 07:59:00+00:00,1310.1765,1320.6595,1310.1155,1320.4675000000002,1309.993,1320.431,1309.993,1320.257,1310.36,1320.888,1310.238,1320.678,0.4210000000000491,0.1534999999998945,0.00011714606244220502,0.0077366007036396844,10.543999999999869,0.24900000000002365,0.057999999999992724
2013-04-15 08:54:00+00:00,1426.402,1426.5025,1415.9595,1421.116,1426.252,1426.352,1415.499,1420.633,1426.552,1426.653,1416.42,1421.599,0.9659999999998944,0.15250000000014552,0.00010692378857987016,0.003599300122454019,10.54300000000012,0.20000000000004547,0.10500000000001819
2013-04-15 20:16:00+00:00,1343.3405,1345.4025,1335.155,1339.404,1342.705,1344.219,1334.55,1338.771,1343.976,1346.586,1335.76,1340.037,1.2660000000000764,1.071999999999889,0.0007973743177781292,0.0037254190957015654,10.247499999999945,0.7920000000001437,1.3519999999998618
2013-04-15 01:59:00+00:00,1453.9499999999998,1454.2,1444.036,1446.1950000000002,1453.552,1453.952,1443.253,1445.863,1454.348,1454.448,1444.819,1446.527,0.6639999999999873,0.04999999999972715,3.439026067798827e-05,0.005299539170506851,10.163999999999987,0.0,0.09999999999990905
2013-12-31 13:47:00+00:00,1195.7415,1195.8395,1185.855,1188.214,1195.576,1195.653,1185.593,1187.994,1195.907,1196.026,1186.117,1188.434,0.4400000000000545,0.024499999999989086,2.0489798171297292e-05,0.006274896150176179,9.984500000000025,0.03300000000012915,0.015999999999849024
2013-04-15 01:47:00+00:00,1452.044,1459.8359999999998,1449.9905,1458.1265,1451.552,1459.024,1449.433,1457.405,1452.536,1460.648,1450.548,1458.848,1.4429999999999836,0.38400000000001455,0.0002643848782865757,0.0039234302836352875,9.845499999999674,0.40000000000009095,0.36799999999993815
2013-04-16 00:20:00+00:00,1338.3105,1338.65,1328.8145,1330.2,1337.973,1338.352,1328.381,1329.952,1338.648,1338.948,1329.248,1330.448,0.4960000000000946,0.05999999999994543,4.4830635463009256e-05,0.006104811784180764,9.835500000000138,0.01999999999998181,0.10000000000013642
2013-08-15 16:54:00+00:00,1352.0214999999998,1361.83,1352.015,1361.83,1351.87,1361.668,1351.857,1361.668,1352.173,1361.992,1352.173,1361.992,0.3240000000000691,0.07799999999997453,5.768806215812856e-05,0.007196585754228879,9.814999999999827,0.047000000000025466,0.1089999999999236
2013-10-17 08:00:00+00:00,1321.0075000000002,1321.3865,1311.675,1311.9070000000002,1320.747,1321.232,1311.492,1311.726,1321.268,1321.541,1311.858,1312.088,0.3619999999998526,0.5399999999999636,0.0004089460740229983,0.006482931234581768,9.711500000000115,0.4900000000000091,0.5899999999999181
2013-12-18 18:55:00+00:00,1242.81,1242.81,1233.1785,1235.9,1242.583,1242.583,1232.737,1235.663,1243.037,1243.037,1233.62,1236.137,0.4739999999999327,0.22550000000001091,0.00018141074812425784,0.005740383118583381,9.63149999999996,0.2300000000000182,0.22100000000000364
2013-01-30 13:30:00+00:00,1664.7,1674.135,1664.65,1673.802,1664.39,1673.91,1664.34,1673.652,1665.01,1674.36,1664.96,1673.952,0.2999999999999545,0.09999999999990905,6.006727534833557e-05,0.005407256126862103,9.4849999999999,0.09999999999990905,0.09999999999990905
2013-05-23 08:35:00+00:00,1380.362,1389.74,1380.265,1389.4450000000002,1380.129,1389.2,1380.032,1389.2,1380.595,1390.28,1380.498,1389.69,0.4900000000000091,0.01900000000023283,1.376469471735129e-05,0.006594013227147366,9.474999999999909,0.019000000000005457,0.019000000000005457
2013-12-06 13:41:00+00:00,1223.538,1232.3675,1222.932,1231.435,1223.313,1232.065,1222.762,1231.242,1223.763,1232.67,1223.102,1231.628,0.3859999999999672,0.009999999999990905,8.17295275705645e-06,0.006446007839496337,9.435500000000047,0.004999999999881766,0.015000000000100044
2013-04-15 10:09:00+00:00,1395.0285,1395.4705,1386.1245,1389.8715,1394.86,1395.252,1385.96,1389.595,1395.197,1395.689,1386.289,1390.148,0.5529999999998836,0.0010000000002037268,7.168307194964169e-07,0.003697412850409365,9.346000000000004,0.007999999999810825,0.010000000000218279
2013-11-07 13:34:00+00:00,1306.3629999999998,1307.01,1297.7555,1297.778,1306.183,1306.862,1297.572,1297.598,1306.543,1307.158,1297.939,1297.958,0.3600000000001273,1.137000000000171,0.0008695984703634195,0.007435564053537291,9.254500000000007,1.058999999999969,1.2150000000001455
2013-10-17 07:58:00+00:00,1302.095,1311.2305,1302.075,1310.33,1301.942,1310.673,1301.922,1310.242,1302.248,1311.788,1302.228,1310.418,0.1759999999999308,0.17399999999997817,0.00013361294786252162,0.0061899653604593485,9.155499999999847,0.06600000000003092,0.2819999999999254
2013-05-22 14:30:00+00:00,1397.1855,1397.1855,1388.0385,1390.8670000000002,1397.023,1397.023,1387.753,1390.652,1397.348,1397.348,1388.324,1391.082,0.4300000000000636,0.005999999999858119,4.294329016357543e-06,0.004526580644099054,9.146999999999935,0.012000000000170985,0.0
2013-04-30 07:52:00+00:00,1466.725,1475.85,1466.714,1475.0335,1466.573,1475.613,1466.562,1474.79,1466.877,1476.087,1466.866,1475.277,0.48700000000008,0.021500000000060027,1.4658293031590686e-05,0.005649919737323428,9.135999999999967,0.006999999999834472,0.03600000000005821
2013-08-21 18:00:00+00:00,1373.3615,1373.365,1364.335,1366.69,1373.123,1373.123,1363.638,1366.393,1373.6,1373.607,1365.032,1366.987,0.5940000000000509,0.06550000000015643,4.769547133331521e-05,0.004810324940871968,9.029999999999973,0.013000000000147338,0.11799999999993815
2013-05-20 16:04:00+00:00,1379.7334999999998,1388.7,1379.6785,1387.25,1379.552,1388.452,1379.452,1386.952,1379.915,1388.948,1379.905,1387.548,0.5960000000000036,0.1334999999999127,9.67671788923693e-05,0.005545085532038252,9.02150000000006,0.1999999999998181,0.06700000000000728
2013-02-11 13:20:00+00:00,1654.9145,1654.9145,1645.9085,1647.9445,1654.733,1654.733,1645.273,1647.763,1655.096,1655.096,1646.544,1648.126,0.3630000000000564,0.03199999999992542,1.933672028069994e-05,0.004192442665869045,9.006000000000085,0.015999999999849024,0.04800000000000182
2013-12-18 18:59:00+00:00,1235.2375,1244.1280000000002,1235.2375,1241.1975,1235.013,1243.798,1235.013,1240.69,1235.462,1244.458,1235.462,1241.705,1.014999999999873,0.013500000000021828,1.092895290108798e-05,0.00481400136490473,8.890500000000202,0.027000000000043656,0.0
2013-09-13 05:23:00+00:00,1321.991,1321.991,1313.1745,1315.85,1321.765,1321.765,1312.392,1315.642,1322.217,1322.217,1313.957,1316.058,0.41599999999994,0.008000000000038199,6.051441793857786e-06,0.004651289448781792,8.816499999999905,0.0,0.015999999999849024
2013-11-07 12:46:00+00:00,1311.5445,1319.965,1311.158,1315.3604999999998,1311.342,1319.623,1311.042,1315.024,1311.747,1320.307,1311.274,1315.697,0.6730000000000018,0.16650000000004184,0.0001269334479927681,0.002782243954651431,8.807000000000016,0.2999999999999545,0.032999999999901775
2013-08-25 23:32:00+00:00,1401.66,1401.6785,1392.876,1393.178,1401.423,1401.423,1392.354,1392.656,1401.897,1401.934,1393.398,1393.7,1.0440000000000964,0.03899999999998727,2.7824925568315018e-05,0.006023739655727223,8.802500000000009,0.03899999999998727,0.03899999999998727
2013-11-07 12:56:00+00:00,1317.865,1326.667,1317.865,1323.3955,1317.693,1325.946,1317.693,1323.197,1318.037,1327.388,1318.037,1323.594,0.3970000000001619,0.005000000000109139,3.7940297149235425e-06,0.00420037029730036,8.801999999999907,0.009999999999990905,0.0
2013-06-26 01:05:00+00:00,1272.855,1272.8695,1264.095,1266.0055,1272.69,1272.69,1263.136,1265.603,1273.02,1273.049,1265.054,1266.408,0.8049999999998363,0.06349999999997635,4.989033946249354e-05,0.0053315880880725475,8.774499999999989,0.07799999999997453,0.04899999999997817
2013-09-27 11:07:00+00:00,1326.7669999999998,1335.5175,1326.7669999999998,1332.6,1326.703,1335.188,1326.703,1332.442,1326.831,1335.847,1326.831,1332.758,0.3160000000000309,0.0064999999997326086,4.899150976934125e-06,0.004401321866305041,8.750500000000102,0.0,0.012999999999919964
2013-10-30 18:01:00+00:00,1340.7155,1349.253,1340.5155,1345.571,1339.808,1348.473,1339.608,1344.791,1341.623,1350.033,1341.423,1346.351,1.5600000000001728,0.21749999999997272,0.00016220049771313908,0.0034587857857177884,8.737499999999955,0.22000000000002728,0.21499999999991815
2013-02-20 19:02:00+00:00,1576.5500000000002,1576.5500000000002,1567.8845,1569.5925000000002,1576.352,1576.352,1567.651,1569.352,1576.748,1576.748,1568.118,1569.833,0.4809999999999945,0.0204999999998563,1.3002907259685692e-05,0.00442606277359614,8.665500000000293,0.04099999999993997,0.0
2013-04-15 22:20:00+00:00,1360.2,1360.45,1351.811,1357.35,1359.952,1360.152,1350.706,1356.852,1360.448,1360.748,1352.916,1357.848,0.9959999999998672,0.049999999999954525,3.6760651398709346e-05,0.002058596478329733,8.639000000000124,0.0,0.10000000000013642
2013-08-11 22:36:00+00:00,1323.7125,1332.2865000000002,1323.6750000000002,1331.2890000000002,1323.413,1331.866,1323.393,1330.871,1324.012,1332.707,1323.957,1331.707,0.8360000000000127,0.012500000000045475,9.443227317402338e-06,0.005733172168920664,8.611499999999978,0.0,0.024999999999863576
2013-04-16 00:11:00+00:00,1351.25,1351.8605,1343.25,1344.0500000000002,1351.052,1351.673,1343.052,1343.652,1351.448,1352.048,1343.448,1344.448,0.7960000000000491,0.09999999999990905,7.400007400000671e-05,0.005402005402005194,8.610500000000002,0.0,0.1999999999998181
2013-09-19 07:09:00+00:00,1366.67,1375.2775,1366.67,1375.1055,1366.542,1375.137,1366.542,1375.003,1366.798,1375.418,1366.798,1375.208,0.2050000000001546,0.024999999999863576,1.8292303696043066e-05,0.006153896809456327,8.607499999999845,0.0,0.049999999999954525
2013-04-15 10:00:00+00:00,1394.3065,1394.3065,1385.7005,1386.4,1394.152,1394.152,1385.453,1386.152,1394.461,1394.461,1385.948,1386.648,0.4959999999998672,0.13450000000011642,9.645442152096533e-05,0.005766468427133131,8.605999999999995,0.0,0.26900000000000546
2013-06-19 18:00:00+00:00,1374.14,1376.8165,1368.2199999999998,1369.4250000000002,1373.893,1376.553,1367.85,1369.063,1374.387,1377.08,1368.59,1369.787,0.7239999999999327,0.020000000000209184,1.4554769598149495e-05,0.0034167321631296543,8.596500000000106,0.01999999999998181,0.01999999999998181
2013-07-18 12:37:00+00:00,1278.975,1287.531,1278.975,1286.392,1278.76,1287.293,1278.76,1286.159,1279.19,1287.769,1279.19,1286.625,0.4659999999998945,0.009999999999990905,7.81882225079725e-06,0.0058070392856726105,8.55600000000004,0.009999999999990905,0.009999999999990905
2013-04-12 14:34:00+00:00,1527.341,1527.539,1519.114,1522.6545,1527.152,1527.389,1518.61,1522.502,1527.53,1527.689,1519.618,1522.807,0.3050000000000636,0.12800000000015643,8.379875467204666e-05,0.0031519461278755045,8.424999999999955,0.16699999999991633,0.08899999999994179
2013-04-15 19:12:00+00:00,1357.917,1366.3025,1357.917,1366.3025,1357.652,1366.152,1357.652,1366.152,1358.182,1366.453,1358.182,1366.453,0.3009999999999309,0.016499999999950887,1.215111121908482e-05,0.006187493118972931,8.385500000000093,0.0,0.03300000000012915
2013-09-29 22:07:00+00:00,1343.94,1343.94,1335.65,1337.9805,1343.433,1343.433,1335.242,1337.603,1344.447,1344.447,1336.058,1338.358,0.7549999999998818,0.0945000000001528,7.032058372793063e-05,0.004364340990091531,8.289999999999964,0.0,0.18899999999985084
2013-05-22 14:00:00+00:00,1387.505,1395.7530000000002,1387.505,1393.85,1386.422,1395.17,1386.422,1393.652,1388.588,1396.336,1388.588,1394.048,0.3959999999999581,0.017000000000280124,1.2252358218795497e-05,0.0045852648815702945,8.248000000000047,0.01700000000005275,0.01700000000005275
2013-04-05 12:32:00+00:00,1564.688,1572.3175,1564.085,1571.0415,1564.46,1571.808,1563.91,1570.873,1564.916,1572.827,1564.26,1571.21,0.3369999999999891,0.20549999999980173,0.00013131884054716933,0.003928701857346839,8.232500000000073,0.2829999999999018,0.12800000000015643
2013-03-12 11:03:00+00:00,1584.741,1592.9,1584.681,1589.6799999999998,1584.591,1592.75,1584.531,1589.53,1584.891,1593.05,1584.831,1589.83,0.2999999999999545,0.03000000000020009,1.8930179817904344e-05,0.0030976084241822743,8.219000000000051,0.03000000000020009,0.029999999999972715
2013-09-23 01:00:00+00:00,1321.6995,1321.6995,1313.613,1315.0895,1321.542,1321.542,1313.363,1314.742,1321.857,1321.857,1313.863,1315.437,0.6949999999999363,0.08500000000003638,6.430700314615309e-05,0.005065122188980031,8.086499999999887,0.0,0.17000000000007276
2013-12-31 15:00:00+00:00,1199.3155000000002,1206.9275,1198.94,1205.6595,1199.133,1206.698,1198.703,1205.492,1199.498,1207.157,1199.177,1205.827,0.3350000000000364,0.04449999999974352,3.71031216646741e-05,0.005252384605122895,7.9874999999999545,0.0,0.08899999999994179
2013-04-15 19:20:00+00:00,1365.9685,1366.85,1358.905,1360.786,1365.789,1366.552,1358.472,1360.453,1366.148,1367.148,1359.338,1361.119,0.66599999999994,0.18150000000014188,0.0001328551037588419,0.003926362405299533,7.944999999999936,0.06300000000010186,0.3000000000001819
2013-04-12 19:20:00+00:00,1494.4975,1494.549,1486.621,1487.9315,1494.347,1494.398,1486.408,1487.74,1494.648,1494.7,1486.834,1488.123,0.3830000000000382,0.012999999999919964,8.698651608578051e-06,0.004384789537797196,7.927999999999884,0.026000000000067303,0.0
2013-05-28 15:37:00+00:00,1394.264,1402.0955,1394.1905,1400.927,1394.114,1401.21,1394.04,1400.044,1394.414,1402.981,1394.341,1401.81,1.765999999999849,0.005000000000109139,3.586108563060026e-06,0.004775262162466376,7.904999999999973,0.004999999999881766,0.005000000000109139
2013-07-21 22:13:00+00:00,1315.368,1319.254,1311.406,1315.951,1314.122,1317.917,1310.73,1315.275,1316.614,1320.591,1312.082,1316.627,1.3519999999998618,0.01999999999998181,1.5204639239510936e-05,0.0004280105945926316,7.847999999999956,0.01999999999998181,0.01999999999998181
2013-07-03 12:15:00+00:00,1255.2085,1255.245,1247.4915,1249.738,1254.85,1254.85,1246.512,1249.468,1255.567,1255.64,1248.471,1250.008,0.5399999999999636,0.046500000000150976,3.7044265906250896e-05,0.004395122903314452,7.7534999999998035,0.09300000000007458,0.0
2013-05-03 12:30:00+00:00,1467.783,1471.024,1463.3185,1464.177,1467.15,1470.391,1462.931,1463.544,1468.416,1471.657,1463.706,1464.81,1.265999999999849,6.333000000000084,0.0042961340898545865,0.006742345921216586,7.705499999999802,6.632999999999811,6.033000000000129
2013-09-01 22:11:00+00:00,1390.6,1390.85,1383.145,1383.69,1390.342,1390.542,1382.232,1383.242,1390.858,1391.158,1384.058,1384.138,0.8959999999999582,0.0500000000001819,3.5954409808493796e-05,0.00500485384532412,7.704999999999927,0.09999999999990905,0.0
2013-06-28 14:27:00+00:00,1208.096,1215.591,1207.888,1213.9385,1207.89,1215.356,1207.717,1213.738,1208.302,1215.826,1208.059,1214.139,0.4009999999998399,0.055000000000063665,4.552825607745405e-05,0.004881870731208604,7.7029999999999745,0.03000000000020009,0.07999999999992724
2013-09-17 07:00:00+00:00,1314.9865,1322.6415000000002,1314.9865,1319.7365,1314.855,1322.325,1314.855,1319.61,1315.118,1322.958,1315.118,1319.863,0.2530000000001564,0.02250000000003638,1.7110734590480334e-05,0.0036293769259083675,7.6550000000002,0.04500000000007276,0.0
2013-04-15 02:06:00+00:00,1427.2025,1433.85,1426.2025,1431.65,1426.852,1433.252,1425.452,1431.252,1427.553,1434.448,1426.953,1432.048,0.7960000000000491,0.09999999999990905,7.006223277820158e-05,0.003045955570035064,7.647499999999809,0.09999999999990905,0.09999999999990905
2013-07-10 22:57:00+00:00,1279.795,1287.12,1279.528,1285.853,1279.273,1286.189,1279.009,1285.044,1280.317,1288.051,1280.047,1286.662,1.6179999999999382,0.029999999999972715,2.3440704783835848e-05,0.004710018947903016,7.591999999999871,0.03000000000020009,0.029999999999972715
2013-02-14 13:30:00+00:00,1645.6,1645.6,1638.03,1640.757,1645.29,1645.29,1637.72,1640.607,1645.91,1645.91,1638.34,1640.907,0.2999999999999545,0.10000000000013642,6.076441635786378e-05,0.003003585100565087,7.569999999999936,0.10000000000013642,0.09999999999990905
2013-08-08 12:30:00+00:00,1291.895,1296.5275,1288.98,1296.1765,1291.5,1296.178,1288.48,1295.873,1292.29,1296.877,1289.48,1296.48,0.6069999999999709,0.04750000000012733,3.6766342155418934e-05,0.003277235635486875,7.5474999999999,0.04500000000007276,0.049999999999954525
2013-05-22 18:03:00+00:00,1364.4545,1365.4065,1357.9155,1358.8365,1364.161,1365.165,1357.51,1358.655,1364.748,1365.648,1358.321,1359.018,0.3630000000000564,0.1454999999998563,0.0001066246519125431,0.004223582002051862,7.4909999999999854,0.19100000000003092,0.09999999999990905
2013-06-28 00:44:00+00:00,1193.841,1194.0425,1186.5549999999998,1187.374,1193.503,1193.688,1185.899,1187.015,1194.179,1194.397,1187.211,1187.733,0.7179999999998472,0.007000000000061846,5.863461754366056e-06,0.005411137561838419,7.487500000000182,0.0,0.014000000000123691
2013-08-15 16:50:00+00:00,1344.113,1351.5455,1344.0880000000002,1349.096,1343.89,1350.991,1343.852,1348.916,1344.336,1352.1,1344.324,1349.276,0.3600000000001273,0.027000000000043656,2.0087193298349616e-05,0.003687115925424367,7.457499999999754,0.0,0.05400000000008731
2013-09-18 18:02:00+00:00,1335.0749999999998,1341.5255,1334.076,1340.275,1334.723,1340.888,1333.505,1340.003,1335.427,1342.163,1334.647,1340.547,0.5440000000000964,0.1125000000001819,8.425782895674345e-05,0.0038103262650377445,7.449499999999944,0.1349999999999909,0.09000000000014552
2013-01-04 13:30:00+00:00,1635.177,1641.9325,1634.51,1641.445,1634.444,1641.528,1633.927,1641.033,1635.91,1642.337,1635.093,1641.857,0.8240000000000691,3.1295000000000073,0.0019175299738518686,0.005758104466935032,7.4224999999999,2.696999999999889,3.5620000000001255
2013-05-01 12:55:00+00:00,1464.4225,1466.027,1458.6155,1458.7,1464.197,1465.806,1458.278,1458.352,1464.648,1466.248,1458.953,1459.048,0.6959999999999127,0.12049999999999272,8.227822604047319e-05,0.0039896404543942054,7.411499999999933,0.1410000000000764,0.10000000000013642
2013-12-19 07:40:00+00:00,1218.6575,1218.874,1211.4725,1212.5975,1218.458,1218.663,1210.851,1212.373,1218.857,1219.085,1212.094,1212.822,0.4489999999998417,0.04299999999989268,3.5283484334250034e-05,0.005007793137033922,7.401499999999942,0.084999999999809,0.0009999999999763531
2013-08-23 14:04:00+00:00,1379.4945,1386.8675,1379.4945,1386.0345,1379.362,1386.688,1379.362,1385.892,1379.627,1387.047,1379.627,1386.177,0.2849999999998545,0.029999999999972715,2.1747569437250988e-05,0.004762717706762176,7.373000000000047,0.05100000000015825,0.009000000000014552
2013-12-04 17:30:00+00:00,1236.461,1243.8315,1236.461,1242.0025,1236.295,1243.605,1236.295,1241.847,1236.627,1244.058,1236.627,1242.158,0.3109999999999218,0.055000000000063665,4.448376989440658e-05,0.004526425785704724,7.370499999999993,0.06500000000005457,0.044999999999845386
2013-06-20 13:40:00+00:00,1300.26,1307.588,1300.2315,1306.3415,1300.093,1307.418,1300.063,1306.213,1300.427,1307.758,1300.4,1306.47,0.2570000000000618,0.040000000000190994,3.076213181588171e-05,0.004646235484118799,7.356499999999869,0.03700000000003456,0.04300000000012005
2013-04-15 02:05:00+00:00,1434.45,1434.45,1427.1025,1427.3025,1433.952,1433.952,1426.552,1426.952,1434.948,1434.948,1427.653,1427.653,0.7010000000000218,0.20000000000004547,0.00013940682396406472,0.005121458195378681,7.347500000000082,0.20000000000004547,0.1999999999998181
2013-09-18 17:57:00+00:00,1310.6655,1318.0095,1310.6655,1317.045,1310.533,1317.622,1310.533,1316.703,1310.798,1318.397,1310.798,1317.387,0.6839999999999691,0.11800000000016553,9.003870519776317e-05,0.00495785158492934,7.343999999999824,0.1999999999998181,0.03600000000005821
2013-05-22 14:08:00+00:00,1407.313,1414.614,1407.2710000000002,1407.783,1407.03,1414.231,1406.988,1407.55,1407.596,1414.997,1407.554,1408.016,0.4660000000001219,0.07999999999992724,5.684915006962403e-05,0.0003908379067287804,7.342999999999847,0.07999999999992724,0.07999999999992724
2013-04-22 10:03:00+00:00,1430.7305,1438.018,1430.7305,1436.304,1430.452,1437.735,1430.452,1436.052,1431.009,1438.301,1431.009,1436.556,0.5040000000001328,0.06549999999992906,4.577871338746339e-05,0.0038496053944798714,7.287500000000136,0.06099999999992178,0.06999999999993634
2013-05-22 18:08:00+00:00,1355.0105,1361.9645,1354.6975,1361.167,1354.781,1361.752,1354.478,1360.886,1355.24,1362.177,1354.917,1361.448,0.5620000000001255,0.04600000000004911,3.394922892817422e-05,0.004577610704929791,7.267000000000053,0.0,0.09200000000009823
2013-04-15 08:57:00+00:00,1415.989,1416.135,1408.897,1409.0755,1415.707,1415.853,1408.693,1408.803,1416.271,1416.417,1409.101,1409.348,0.5449999999998454,0.16699999999991633,0.00011792486138526852,0.004999802281669519,7.238000000000056,0.16699999999991633,0.1670000000001437
2013-10-09 14:05:00+00:00,1304.125,1304.13,1296.895,1297.7595,1303.992,1304.002,1296.827,1297.642,1304.258,1304.258,1296.963,1297.877,0.2349999999998999,0.009999999999990905,7.667917815249882e-06,0.0048886810031171235,7.235000000000127,0.01999999999998181,0.0
2013-04-16 12:16:00+00:00,1389.975,1397.1905000000002,1389.9615,1396.5,1389.702,1396.933,1389.686,1396.252,1390.248,1397.448,1390.237,1396.748,0.4960000000000946,0.040000000000190994,2.8776667877822176e-05,0.004665417279669626,7.229000000000269,0.07999999999992724,0.0
