scenario,target_r,year,trades,mean_net_R,sum_net_R,pf_net,abs_annual_contribution_share
S10_C6,0.5,2011,16,0.1917265811144776,3.0676252978316416,1.9932561009665626,0.07093257159068554
S10_C6,0.5,2012,14,0.46674985530801855,6.534497974312259,inf,0.1510969236365753
S10_C6,0.5,2013,17,0.2456457456557186,4.175977676147216,2.6918982821568416,0.09656095732545816
S10_C6,0.5,2014,23,0.26168840903704105,6.018833407851944,3.2920930289381265,0.13917323341173557
S10_C6,0.5,2015,27,-0.035162855169374084,-0.9493970895731002,0.8951004039439772,0.02195286923462722
S10_C6,0.5,2016,22,0.04542202778150584,0.9992846111931286,1.1584398100020532,0.023106416312653946
S10_C6,0.5,2017,27,0.11136268559470243,3.0067925110569655,1.525332209043302,0.06952593760380138
S10_C6,0.5,2018,36,0.15392185110793058,5.541186639885501,1.7496403436127916,0.12812862715301548
S10_C6,0.5,2019,21,0.015087281799883799,0.3168329177975598,1.0503614457380543,0.007326114320365925
S10_C6,0.5,2020,15,0.18216796869408042,2.7325195304112064,2.007977413186309,0.06318393493196342
S10_C6,0.5,2021,18,0.0527208997498818,0.9489761954978724,1.1840236190625195,0.021943136918511467
S10_C6,0.5,2022,17,-0.06302500227053341,-1.071425038599068,0.8263843466567867,0.024774516401400597
S10_C6,0.5,2023,17,-0.03768537896789268,-0.6406514424541756,0.8870813758212542,0.014813756536262204
S10_C6,0.5,2024,17,0.2948380805067899,5.012247368615428,3.451588887705636,0.1158979864835016
S10_C6,0.5,2025,17,0.1312243509695929,2.2308139664830793,1.5475071804540554,0.05158301813944248
S10_C6,1.0,2011,16,0.4210477977316964,6.736764763707143,2.636290984133705,0.08102879712678812
S10_C6,1.0,2012,14,0.6810355695937396,9.534497974312353,5.630415180648768,0.11467951296568572
S10_C6,1.0,2013,17,0.3044692750674859,5.1759776761472605,1.9340588491542883,0.06225588390925634
S10_C6,1.0,2014,23,0.459193758173825,10.561456437997975,3.2531131237949586,0.12703161548526803
S10_C6,1.0,2015,27,0.037111432307968206,1.0020086723151416,1.0814650195212514,0.012052010167507671
S10_C6,1.0,2016,22,0.20581870306650513,4.528011467463113,1.5390800688800488,0.05446224344383065
S10_C6,1.0,2017,27,0.16463960740943348,4.445269400054704,1.4931729788717933,0.05346703425528871
S10_C6,1.0,2018,36,0.28519270918392636,10.266937530621348,1.9340522528899728,0.12348918619867799
S10_C6,1.0,2019,21,0.22271298942559017,4.676972777937394,1.6217223046864597,0.05625392776553747
S10_C6,1.0,2020,15,0.4155013020274088,6.232519530411132,2.6698967356229675,0.07496381101787601
S10_C6,1.0,2021,18,0.1916097886387758,3.4489761954979645,1.4780705946908734,0.041483768877561326
S10_C6,1.0,2022,17,0.025210291847106266,0.42857496140080653,1.0520080748592442,0.005154835417150187
S10_C6,1.0,2023,17,0.28584403279683185,4.8593485575461415,1.8564890627906938,0.05844751631509893
S10_C6,1.0,2024,17,0.14777925697737218,2.512247368615327,1.347710763450037,0.030216934909245676
S10_C6,1.0,2025,17,0.513577292146065,8.730813966483105,3.1427978350853256,0.10501292214522716
S10_C6,1.5,2011,16,0.45229779773169804,7.236764763707169,2.171261925305541,0.07861775014088046
S10_C6,1.5,2012,14,1.1096069981651746,15.534497974312446,8.5443065212043,0.16876150050273045
S10_C6,1.5,2013,17,0.4199220006603344,7.138674011225685,2.0874830436889957,0.07755212558052516
S10_C6,1.5,2014,23,0.5998912865646208,13.797499590986277,3.405862070796371,0.14989134106625113
S10_C6,1.5,2015,27,0.04412763047063361,1.1914460227071075,1.088025918097283,0.012943464210594238
S10_C6,1.5,2016,22,0.28491208867636164,6.268065950879956,1.6632462012881175,0.06809413583044312
S10_C6,1.5,2017,27,0.26535510018051794,7.164587704873984,1.7117731431809546,0.07783364313139073
S10_C6,1.5,2018,36,0.2795992814615018,10.065574132614065,1.6641325681298842,0.10934897264464723
S10_C6,1.5,2019,21,-0.11590602972637346,-2.4340266242538426,0.8091709272363774,0.026442437087565725
S10_C6,1.5,2020,15,0.3073747336242202,4.610621004363303,1.7919419729343349,0.05008821786403402
S10_C6,1.5,2021,18,0.03492869381415103,0.6287164886547185,1.060913803061275,0.006830162016926997
S10_C6,1.5,2022,17,-0.004201472858778568,-0.07142503859923566,0.993073177705863,0.0007759373175370365
S10_C6,1.5,2023,17,0.21016795111963224,3.572855169033748,1.440769774699482,0.03881428292063998
S10_C6,1.5,2024,17,0.27084956103010227,4.604442537511739,1.5586135242850876,0.05002109710233317
S10_C6,1.5,2025,17,0.4547537627343015,7.730813966483126,2.0853050073348283,0.08398493258350061
S10_C6,2.0,2011,16,0.5954507459076759,9.527211934522814,2.484226504016771,0.08538670687120549
S10_C6,2.0,2012,14,0.8843727385883815,12.381218340237341,3.407266761482172,0.11096546066067862
S10_C6,2.0,2013,17,0.5730056164685293,9.741095479964999,2.4839277076890407,0.08730361726689734
S10_C6,2.0,2014,23,0.6960593042507174,16.0093639977665,3.3584384807687373,0.14348236191936733
S10_C6,2.0,2015,27,0.07262693041383642,1.9609271211735833,1.1339948541584144,0.0175746178884423
S10_C6,2.0,2016,22,0.262052847638223,5.765162648040906,1.5426721754350046,0.051669707410339855
S10_C6,2.0,2017,27,0.3712880491996693,10.024777328391071,1.9813103340057396,0.08984608813903835
S10_C6,2.0,2018,36,0.3589619755361707,12.922631119302146,1.7950660146592647,0.11581781983774427
S10_C6,2.0,2019,21,-0.1479607034477229,-3.1071747724021814,0.7743721559166107,0.027847750560405508
S10_C6,2.0,2020,15,-0.02142041171136094,-0.3213061756704141,0.9529973164970186,0.0028796752320018404
S10_C6,2.0,2021,18,-0.24437945126129262,-4.398830122703267,0.6213896892552544,0.03942408553991146
S10_C6,2.0,2022,17,-0.14044881456180877,-2.387629847550749,0.7935544509277254,0.021398899416838483
S10_C6,2.0,2023,17,0.18672999944874477,3.174409990628661,1.3467487520982964,0.028450339639937042
S10_C6,2.0,2024,17,0.5061436786771443,8.604442537511453,2.0438957444314814,0.0771164762356492
S10_C6,2.0,2025,17,0.6618261827046011,11.25104510597822,2.579499344339168,0.10083639338154296
S10_C6,2.5,2011,16,0.719570620666093,11.513129930657488,2.79360894926145,0.1044324523738869
S10_C6,2.5,2012,14,1.1700870243026598,16.381218340237236,4.184982393443464,0.14858955075176256
S10_C6,2.5,2013,17,0.7788879694097033,13.241095479964956,3.0171066491739906,0.12010635521513316
S10_C6,2.5,2014,23,0.8609563294223692,19.801995576714493,3.91715450848961,0.17961848536656433
S10_C6,2.5,2015,27,-0.01207855199833806,-0.3261209039551276,0.9791919616193356,0.002958153514773885
S10_C6,2.5,2016,22,0.26205284763822373,5.765162648040922,1.4918569920915923,0.052294213415071095
S10_C6,2.5,2017,27,0.2635291196830967,7.115286231443611,1.6317046108587017,0.06454081513604297
S10_C6,2.5,2018,36,0.2427691966280081,8.739691078608292,1.4765293224065317,0.07927534717547677
S10_C6,2.5,2019,21,-0.19557975106678338,-4.107174772402451,0.7235485904311431,0.03725505891043601
S10_C6,2.5,2020,15,0.04524625495530573,0.6786938243295859,1.099283591278102,0.006156246034974005
S10_C6,2.5,2021,18,-0.18882389570573269,-3.3988301227031883,0.7074603717284624,0.0308298583490287
S10_C6,2.5,2022,17,-0.22868410867944716,-3.8876298475506017,0.6912965936039327,0.03526362695000386
S10_C6,2.5,2023,17,0.30352388346597403,5.159906018921559,1.5636294550129006,0.04680409609031356
S10_C6,2.5,2024,17,0.32967309044182425,5.604442537511012,1.5439376103007478,0.050836365254793965
S10_C6,2.5,2025,17,0.26613975390378236,4.5243758163643,1.4787690201937058,0.04103937546173837
S10_C6,3.0,2011,16,0.1883206206660924,3.0131299306574784,1.3168539173476832,0.02651735229680353
S10_C6,3.0,2012,14,1.1941462800179756,16.71804792025166,4.25047180086451,0.14712885823659874
S10_C6,3.0,2013,17,0.9847703223508824,16.741095479965,3.550285590658955,0.1473316905984833
S10_C6,3.0,2014,23,1.0425445724121745,23.978525165480015,4.53242492770102,0.21102541676059025
S10_C6,3.0,2015,27,0.043477003557225315,1.1738790960450836,1.0748989745475699,0.010330840773563468
S10_C6,3.0,2016,22,0.39841648400185947,8.765162648040908,1.7478031060795796,0.07713869339387135
S10_C6,3.0,2017,27,0.13033276290364884,3.5189845983985184,1.284924206783102,0.030969177058487365
S10_C6,3.0,2018,36,0.21894279873524702,7.881940754468893,1.4297607150175826,0.06936581049565908
S10_C6,3.0,2019,21,-0.12156176538798116,-2.5527970731476044,0.8281727980126589,0.02246614679378694
S10_C6,3.0,2020,15,0.11191292162197239,1.678693824329586,1.2455698660591854,0.014773513443710936
S10_C6,3.0,2021,18,-0.19498256951367832,-3.50968625124621,0.6979189090884276,0.03088734602136313
S10_C6,3.0,2022,17,-0.14044881456180877,-2.387629847550749,0.8104064697372798,0.021012576051790507
S10_C6,3.0,2023,17,0.3870718163333256,6.580220877666536,1.7187740035464554,0.05790989410330232
S10_C6,3.0,2024,17,0.5061436786771443,8.604442537511453,1.8351017751540086,0.07572425993425591
S10_C6,3.0,2025,17,0.38378681272730986,6.524375816364268,1.690408830689567,0.0574184240377331
S11_C6_PRIMARY,0.5,2011,16,0.191860328288435,3.06976525261496,1.9940631645873061,0.06955311910263227
S11_C6_PRIMARY,0.5,2012,14,0.46703953786965124,6.538553530175117,inf,0.14814709107017487
S11_C6_PRIMARY,0.5,2013,17,0.2457846297674595,4.178338706046811,2.693266297605686,0.09467059066658358
S11_C6_PRIMARY,0.5,2014,23,0.2621552527143407,6.029570812429836,3.2999699511861085,0.13661482958589274
S11_C6_PRIMARY,0.5,2015,27,-0.03390327415585888,-0.9153884022081897,0.898678980270832,0.020740386747722554
S11_C6_PRIMARY,0.5,2016,22,0.0461931410381513,1.0162491028393286,1.1613144392962524,0.023025635210222002
S11_C6_PRIMARY,0.5,2017,27,0.11227046173461608,3.0313024668346342,1.5304982445999225,0.06868164962524499
S11_C6_PRIMARY,0.5,2018,36,0.15517364913804454,5.586251368969604,1.756896017281686,0.12657033187544525
S11_C6_PRIMARY,0.5,2019,21,-0.05482833920227165,-1.1513951232477047,0.8434664282509693,0.026087702332684655
S11_C6_PRIMARY,0.5,2020,15,0.1818080504335144,2.727120756502716,2.005359586504837,0.06178966115494225
S11_C6_PRIMARY,0.5,2021,18,0.052849831551685336,0.951296967930336,1.184512888276496,0.021553984056620887
S11_C6_PRIMARY,0.5,2022,17,-0.062717609059522,-1.0661993540118742,0.8272056096801941,0.024157381608762074
S11_C6_PRIMARY,0.5,2023,17,-0.03701687976868747,-0.629286956067687,0.8890380562266805,0.014258051350286325
S11_C6_PRIMARY,0.5,2024,17,0.2949189912922747,5.0136228519686705,3.452379689254572,0.1135960175005587
S11_C6_PRIMARY,0.5,2025,17,0.13124762330519169,2.2312095961882585,1.547620438492805,0.05055356811222699
S11_C6_PRIMARY,1.0,2011,16,0.42089074032245893,6.734251845159343,2.6358486636341247,0.08266765303266312
S11_C6_PRIMARY,1.0,2012,14,0.6813252521553721,9.538553530175209,5.634454790593149,0.11709241825174872
S11_C6_PRIMARY,1.0,2013,17,0.30460815917921813,5.178338706046708,1.9346209839833803,0.06356773065218649
S11_C6_PRIMARY,1.0,2014,23,0.4584873003043117,10.545207906999169,3.2521164822227413,0.1294498050350946
S11_C6_PRIMARY,1.0,2015,27,0.038148989639814106,1.0300227202749808,1.0838248227673066,0.012644249548917358
S11_C6_PRIMARY,1.0,2016,22,0.20619073467160043,4.53619616277521,1.540641978382008,0.055684981657160744
S11_C6_PRIMARY,1.0,2017,27,0.13149624999761914,3.550398749935717,1.3942628683169147,0.04358362869934247
S11_C6_PRIMARY,1.0,2018,36,0.28561470167601255,10.282129260336452,1.936911245219877,0.1262203305837866
S11_C6_PRIMARY,1.0,2019,21,0.12888049961922357,2.7064904920036947,1.3162196125066996,0.03322406439105623
S11_C6_PRIMARY,1.0,2020,15,0.41514138376684273,6.227120756502641,2.667712599125026,0.0764422641040795
S11_C6_PRIMARY,1.0,2021,18,0.1917387204405794,3.4512969679304293,1.4784742040095527,0.04236708498845935
S11_C6_PRIMARY,1.0,2022,17,-0.0921293737654064,-1.5661993540119088,0.8309787304577623,0.019226192865136906
S11_C6_PRIMARY,1.0,2023,17,0.28651253199600896,4.870713043932152,1.858851088053763,0.059791410418794995
S11_C6_PRIMARY,1.0,2024,17,0.14786016776285682,2.513622851968566,1.3479331524495168,0.030856479169378885
S11_C6_PRIMARY,1.0,2025,17,0.5136005644816639,8.731209596188286,3.1429581675363965,0.10718170660219398
S11_C6_PRIMARY,1.5,2011,16,0.452140740322472,7.234251845159552,2.170970582681904,0.0803367565038984
S11_C6_PRIMARY,1.5,2012,14,1.1098966807268074,15.538553530175303,8.549648237439438,0.1725564741310098
S11_C6_PRIMARY,1.5,2013,17,0.4192439684288447,7.12714746329036,2.085867860260476,0.0791473565727247
S11_C6_PRIMARY,1.5,2014,23,0.597886254801875,13.751383860443125,3.4002305228483256,0.1527098586604006
S11_C6_PRIMARY,1.5,2015,27,0.03319349139543971,0.8962242676768721,1.0662533361470543,0.00995261877887438
S11_C6_PRIMARY,1.5,2016,22,0.28448107193764116,6.2585835826281055,1.6628982399818804,0.06950190788192016
S11_C6_PRIMARY,1.5,2017,27,0.20683641638300904,5.584583242341244,1.546643407519157,0.06201709778958146
S11_C6_PRIMARY,1.5,2018,36,0.2791705978890462,10.050141524005664,1.663971999265988,0.1116073631005798
S11_C6_PRIMARY,1.5,2019,21,-0.11479925445660688,-2.4107843435887446,0.8108589228488522,0.02677189002258573
S11_C6_PRIMARY,1.5,2020,15,0.3063851792858525,4.595777689287788,1.7892166655284922,0.05103635884855193
S11_C6_PRIMARY,1.5,2021,18,0.034643706796317245,0.6235867223337104,1.0604262592609508,0.006924964148809298
S11_C6_PRIMARY,1.5,2022,17,-0.003894079647756585,-0.06619935401186194,0.9935791369829262,0.0007351473929573949
S11_C6_PRIMARY,1.5,2023,17,0.21070536211957427,3.5819911560327626,1.4419549743429743,0.03977820477647123
S11_C6_PRIMARY,1.5,2024,17,0.27051012804387614,4.598672176745894,1.5579601905053442,0.05106850228772196
S11_C6_PRIMARY,1.5,2025,17,0.4547770350698982,7.731209596188269,2.085390383636941,0.08585549910391337
S11_C6_PRIMARY,2.0,2011,16,0.5950070522979714,9.520112836767542,2.482220338525832,0.08329669839911175
S11_C6_PRIMARY,2.0,2012,14,0.8841450972112443,12.37803136095742,3.407175870899412,0.10830219795992455
S11_C6_PRIMARY,2.0,2013,17,0.5716376459485574,9.717839981125476,2.4805769294110824,0.08502672183384372
S11_C6_PRIMARY,2.0,2014,23,0.6929304581652039,15.93740053779969,3.3499113896180206,0.13944507471969128
S11_C6_PRIMARY,2.0,2015,27,0.07048932760432249,1.903211845316707,1.1301566558800111,0.016652246227240132
S11_C6_PRIMARY,2.0,2016,22,0.26112732081985945,5.7448010580369075,1.5409825108441753,0.050264421157499226
S11_C6_PRIMARY,2.0,2017,27,0.36844911043649703,9.94812598178542,1.9737660357325455,0.08704162059307126
S11_C6_PRIMARY,2.0,2018,36,0.3562203970498675,12.823934293795231,1.7901306732337527,0.112203647737749
S11_C6_PRIMARY,2.0,2019,21,-0.2922960939003909,-6.138217971908209,0.586505891624713,0.05370664191493448
S11_C6_PRIMARY,2.0,2020,15,-0.02293086512820454,-0.3439629769230681,0.9496923586688858,0.0030095210887174347
S11_C6_PRIMARY,2.0,2021,18,-0.24562811167653928,-4.421306010177707,0.6196654709110724,0.03868443573878882
S11_C6_PRIMARY,2.0,2022,17,-0.1406940235743816,-2.391798400764487,0.7932297083355412,0.02092715847342871
S11_C6_PRIMARY,2.0,2023,17,0.18695050758963036,3.178158629023716,1.3472356084390105,0.027807456206181844
S11_C6_PRIMARY,2.0,2024,17,0.5058042456909448,8.598672176746062,2.04328305681167,0.07523450774375935
S11_C6_PRIMARY,2.0,2025,17,0.6615308683848631,11.246024762542673,2.5788379527861767,0.09839765020605847
S11_C6_PRIMARY,2.5,2011,16,0.5002134378392762,8.003415005428419,2.071287950211973,0.07624400259652085
S11_C6_PRIMARY,2.5,2012,14,1.1698593829255224,16.378031360957312,4.185062370199137,0.15602423025218162
S11_C6_PRIMARY,2.5,2013,17,0.7775199988897384,13.217839981125554,3.013824982785465,0.12591887652430783
S11_C6_PRIMARY,2.5,2014,23,0.8572363774946692,19.71643668237739,3.9071164405207153,0.1878273272828805
S11_C6_PRIMARY,2.5,2015,27,-0.019417348134278582,-0.5242683996255217,0.9665225600005547,0.004994408161417383
S11_C6_PRIMARY,2.5,2016,22,0.26112732081986256,5.744801058036977,1.490465804074344,0.054727466523775595
S11_C6_PRIMARY,2.5,2017,27,0.25805898191880716,6.967592511807793,1.6186200618072288,0.06637630826359177
S11_C6_PRIMARY,2.5,2018,36,0.1957563072856641,7.047227062283907,1.3847618709336684,0.0671349415306603
S11_C6_PRIMARY,2.5,2019,21,-0.1970579986622835,-4.138217971907953,0.7212336286544866,0.03942245923535361
S11_C6_PRIMARY,2.5,2020,15,0.04373580153846211,0.6560370230769317,1.0959512432184466,0.006249693219327675
S11_C6_PRIMARY,2.5,2021,18,-0.1900725561209794,-3.421306010177629,0.7056885890154152,0.03259284494763146
S11_C6_PRIMARY,2.5,2022,17,-0.22892931769203706,-3.89179840076463,0.6910129641946322,0.03707495952312552
S11_C6_PRIMARY,2.5,2023,17,0.30310304293923157,5.152751729966937,1.562973435545555,0.049087347839935784
S11_C6_PRIMARY,2.5,2024,17,0.32933365745565624,5.598672176746156,1.543423143563505,0.05333537942133155
S11_C6_PRIMARY,2.5,2025,17,0.265451812564606,4.512680813598302,1.4774689048042973,0.0429897546779584
S11_C6_PRIMARY,3.0,2011,16,0.18771343783928152,3.0034150054285043,1.3157379175955906,0.02697908569893184
S11_C6_PRIMARY,3.0,2012,14,1.1927633616759543,16.69868706346336,4.24742080567487,0.1500010183509576
S11_C6_PRIMARY,3.0,2013,17,0.9834023518309103,16.717839981125476,3.547073036159823,0.15017306523960164
S11_C6_PRIMARY,3.0,2014,23,1.037168328309758,23.854871551124432,4.5173135181555395,0.21428361473574506
S11_C6_PRIMARY,3.0,2015,27,0.03613820742127261,0.9757316003743606,1.0623058649547208,0.008764804869815209
S11_C6_PRIMARY,3.0,2016,22,0.3974909571834958,8.744801058036908,1.7465925867702414,0.07855282627890692
S11_C6_PRIMARY,3.0,2017,27,0.12428971193689758,3.3558222222962346,1.2717655061722273,0.0301446903481768
S11_C6_PRIMARY,3.0,2018,36,0.16911910826854992,6.088287897667797,1.3324060685977512,0.05468989155813125
S11_C6_PRIMARY,3.0,2019,21,-0.12574861237407856,-2.6407208598556497,0.8221108272121879,0.02372107559435929
S11_C6_PRIMARY,3.0,2020,15,0.11040246820512876,1.6560370230769315,1.2422101277680073,0.01487585454738784
S11_C6_PRIMARY,3.0,2021,18,-0.19674883168836216,-3.5414789703905187,0.695350936266074,0.03181240836528981
S11_C6_PRIMARY,3.0,2022,17,-0.1406940235743816,-2.391798400764487,0.8101045783997861,0.021485054150745565
S11_C6_PRIMARY,3.0,2023,17,0.38488117770493546,6.542980020983903,1.7148654028287271,0.05877430138474604
S11_C6_PRIMARY,3.0,2024,17,0.5058042456909448,8.598672176746062,1.8346117288608754,0.07724017930727328
S11_C6_PRIMARY,3.0,2025,17,0.3830988713881318,6.512680813598241,1.689080992840969,0.058502129569931914
S12_C6,0.5,2011,16,0.19201297208627074,3.072207553380332,1.995080034572643,0.07201720100273369
S12_C6,0.5,2012,14,0.4673469117861279,6.542856765005791,inf,0.15337447831578346
S12_C6,0.5,2013,17,0.24592263301183714,4.180684761201231,2.694617980907164,0.09800158665882351
S12_C6,0.5,2014,23,0.2626056836206672,6.039930723275346,3.3075499840129616,0.1415851297097758
S12_C6,0.5,2015,27,-0.032687449415310384,-0.8825611342133803,0.9021491923351477,0.020688570513379346
S12_C6,0.5,2016,22,0.04699736437606114,1.033942016273345,1.1642994285695634,0.024237167807624048
S12_C6,0.5,2017,27,0.1132147345789524,3.0567978336317148,1.535817019222557,0.07165597381829074
S12_C6,0.5,2018,36,0.1563687977298888,5.629276718275997,1.7638109192890994,0.13195877748364593
S12_C6,0.5,2019,21,-0.05341244189838647,-1.1216612798661159,0.847384494088147,0.026293440285380797
S12_C6,0.5,2020,15,0.18145247402234027,2.721787110335104,2.002770644485286,0.06380281475318234
S12_C6,0.5,2021,18,0.05299079417762198,0.9538342951971956,1.1850432610740824,0.02235932142180151
S12_C6,0.5,2022,17,-0.062423292039550944,-1.061195964672366,0.8279916346440737,0.02487604166164177
S12_C6,0.5,2023,17,-0.0362023782009859,-0.6154404294167604,0.8914353114266313,0.014426856369696768
S12_C6,0.5,2024,17,0.2067986683454795,3.5155773618731514,2.1378520855394494,0.0824104612437738
S12_C6,0.5,2025,17,0.1312708214802209,2.2316039651637554,1.5477333399191782,0.05231217895446651
S12_C6,1.0,2011,16,0.4207572957969475,6.73211673275116,2.6356356388329,0.08843652374288677
S12_C6,1.0,2012,14,0.6816326260718298,9.542856765005618,5.638540996107244,0.12535984035566508
S12_C6,1.0,2013,17,0.30474616242360025,5.180684761201205,1.9351817398964997,0.06805612099081186
S12_C6,1.0,2014,23,0.42903578043106594,9.867822949914517,3.1096636336448893,0.1296287621329003
S12_C6,1.0,2015,27,0.039150238658543994,1.0570564437806877,1.086103988655101,0.01388603332339716
S12_C6,1.0,2016,22,0.18406574491825778,4.049446388201671,1.483122598392141,0.053195595957735965
S12_C6,1.0,2017,27,0.057638975163848145,1.5562523294239,1.1548951966120862,0.02044372543504242
S12_C6,1.0,2018,36,0.2787475439208666,10.034911581151198,1.9157317404503087,0.13182372373118062
S12_C6,1.0,2019,21,0.1301908963441192,2.734008823226503,1.3196073926921383,0.03591533626151543
S12_C6,1.0,2020,15,0.28145247402232393,4.2217871103348585,1.8811731914355216,0.05545955170447019
S12_C6,1.0,2021,18,0.1918796830665064,3.4538342951971153,1.478905869369903,0.045371331302862375
S12_C6,1.0,2022,17,-0.09183505674544373,-1.5611959646725435,0.8314977680951725,0.02050866755256631
S12_C6,1.0,2023,17,0.2873270335637212,4.88455957058326,1.861644219735425,0.06416606924474706
S12_C6,1.0,2024,17,0.14797513893373182,2.515577361873441,1.3482355370686572,0.03304590902414053
S12_C6,1.0,2025,17,0.5136237626566936,8.731603965163792,3.1431179892798586,0.11470280924007778
S12_C6,1.5,2011,16,0.4520072957969434,7.232116732751094,2.170805740433187,0.08204646994089039
S12_C6,1.5,2012,14,1.1102040546432417,15.542856765005382,8.554989043268726,0.17632963867834026
S12_C6,1.5,2013,17,0.4185909398782948,7.116045977931012,2.084318135539204,0.08072967763121489
S12_C6,1.5,2014,23,0.5959410255972072,13.706643588735766,3.394850885998451,0.15549828117416414
S12_C6,1.5,2015,27,0.03203390205170812,0.8649153553961193,1.0639727070212313,0.009812238149663812
S12_C6,1.5,2016,22,0.17042040408396733,3.7492488898472813,1.3584214673896087,0.04253424657109425
S12_C6,1.5,2017,27,0.20584479374994277,5.5578094312484545,1.5440175601615707,0.06305189217606305
S12_C6,1.5,2018,36,0.278747543920865,10.034911581151139,1.6637693096571302,0.11384344332744416
S12_C6,1.5,2019,21,-0.15085771119864524,-3.16801193517155,0.7512815491827016,0.03594026557043135
S12_C6,1.5,2020,15,0.30540544575580264,4.58108168633704,1.786518045521223,0.05197117175566356
S12_C6,1.5,2021,18,0.034054803543516615,0.6129864637832991,1.0594081820921624,0.006954170864971306
S12_C6,1.5,2022,17,-0.003599762627804475,-0.06119596467267607,0.9940636760189878,0.0006942521894431025
S12_C6,1.5,2023,17,0.21138911601848234,3.5936149723142,1.443604304034333,0.040768620543677594
S12_C6,1.5,2024,17,0.2702087621514179,4.593548956574105,1.5573849849054442,0.052112609670806435
S12_C6,1.5,2025,17,0.4548002332449284,7.731603965163783,2.085475486349392,0.0877130217561315
S12_C6,2.0,2011,16,0.5945884362411528,9.513414979858444,2.4803638254915796,0.08843454571972921
S12_C6,2.0,2012,14,0.8839370915443651,12.37511928162111,3.407121820940897,0.11503629918537503
S12_C6,2.0,2013,17,0.5702608859181106,9.694435060607882,2.4772040235019035,0.09011726729143799
S12_C6,2.0,2014,23,0.6898968885747904,15.867628437220178,3.341710829762903,0.14750187135386614
S12_C6,2.0,2015,27,0.06842747498079677,1.8475418244815127,1.1264428828998125,0.017174329333067038
S12_C6,2.0,2016,22,0.12385567612000159,2.724824874640035,1.2327847778497267,0.025329353388323983
S12_C6,2.0,2017,27,0.3490990168193852,9.4256734541234,1.9226174338690936,0.08761892041739953
S12_C6,2.0,2018,36,0.35356635199418496,12.728388671790658,1.7853008233130077,0.11832021122983782
S12_C6,2.0,2019,21,-0.2937148540557922,-6.168011935171636,0.5841799174400932,0.05733643855919421
S12_C6,2.0,2020,15,-0.0244300240625739,-0.3664503609386085,0.9464272592147972,0.0034064393561142503
S12_C6,2.0,2021,18,-0.24717597591269724,-4.44916756642855,0.6174795141951124,0.04135845155510252
S12_C6,2.0,2022,17,-0.14095015509735104,-2.3961526366549677,0.7928899149650536,0.022274090886011844
S12_C6,2.0,2023,17,0.18731795799185463,3.1844052858615286,1.348103201910652,0.02960150854754988
S12_C6,2.0,2024,17,0.32903229156316316,5.593548956573773,1.6025996126898392,0.05199636113666382
S12_C6,2.0,2025,17,0.6612361054009375,11.241013791815938,2.5781776934914635,0.10449391204032656
S12_C6,2.5,2011,16,0.4996316762694253,7.9941068203108046,2.069671075183979,0.07631793378170665
S12_C6,2.5,2012,14,1.1696513772586754,16.375119281621455,4.18517389984604,0.1563295684049599
S12_C6,2.5,2013,17,0.7761432388592946,13.194435060608008,3.0105217516555904,0.1259642939326348
S12_C6,2.5,2014,23,0.8536211220755593,19.633285807737863,3.8974385291230327,0.18743454895865444
S12_C6,2.5,2015,27,-0.026666759690610515,-0.7200025116464839,0.9539903963281098,0.006873701495567755
S12_C6,2.5,2016,22,0.26021931248364855,5.724824874640268,1.4890780684934017,0.054653611155733396
S12_C6,2.5,2017,27,0.2527521412466048,6.824307813658329,1.605941854741221,0.06515012665398819
S12_C6,2.5,2018,36,0.1917268548225864,6.90216677361311,1.3773137854625135,0.06589342857422827
S12_C6,2.5,2019,21,-0.1984767588177011,-4.168011935171723,0.7190110711182411,0.03979106934893713
S12_C6,2.5,2020,15,0.042236642604102995,0.6335496390615449,1.0926209773707636,0.006048355430837649
S12_C6,2.5,2021,18,-0.1916204203571447,-3.4491675664286046,0.7034552568691347,0.03292842438230946
S12_C6,2.5,2022,17,-0.22918544921499215,-3.8961526366548664,0.6907159052235936,0.03719568997654291
S12_C6,2.5,2023,17,0.3022193866773065,5.137729573514211,1.5616308084375903,0.04904874480580546
S12_C6,2.5,2024,17,0.32903229156314795,5.593548956573515,1.542971128711119,0.05340034959101471
S12_C6,2.5,2025,17,0.2647654591316315,4.501012805237735,1.4761720712486366,0.0429701535070796
S12_C6,3.0,2011,16,0.18713167626942115,2.9941068203107384,1.3146762265382606,0.027074520204937363
S12_C6,3.0,2012,14,1.1914062424834486,16.67968739476828,4.24441636324656,0.15082779622900197
S12_C6,3.0,2013,17,0.9820255918004638,16.694435060607884,3.5438394798092396,0.15096115352074635
S12_C6,3.0,2014,23,1.031937296669289,23.734557823393647,4.502695523440904,0.21462219082685707
S12_C6,3.0,2015,27,0.02888879586494505,0.7799974883535163,1.0498434029377879,0.007053207859843824
S12_C6,3.0,2016,22,0.3965829488472743,8.724824874640035,1.745371359137037,0.07889513017724133
S12_C6,3.0,2017,27,0.11842339411297241,3.197431641050255,1.2590165645723377,0.02891310589932018
S12_C6,3.0,2018,36,0.16266532153922145,5.855951575411972,1.32012139504523,0.05295304702294214
S12_C6,3.0,2019,21,-0.12977364478021303,-2.7252465403844734,0.8162759324512822,0.024643323351241506
S12_C6,3.0,2020,15,0.10890330927075942,1.6335496390613913,1.238814695526685,0.014771541352003504
S12_C6,3.0,2021,18,-0.19881182367748285,-3.578612826194691,0.692326104525113,0.032359976140864846
S12_C6,3.0,2022,17,-0.14095015509735093,-2.396152636654966,0.8097887921017867,0.0216674577323517
S12_C6,3.0,2023,17,0.38226508450044555,6.498506436507574,1.7103841047585915,0.05876341572839404
S12_C6,3.0,2024,17,0.5055028797984573,8.593548956573775,1.834183988164008,0.07770805412771756
S12_C6,3.0,2025,17,0.38241251795516046,6.501012805237727,1.6877564820703623,0.05878607982653684
S18_C9_STRESS,0.5,2011,16,0.0636991092208525,1.01918574753364,1.2446289267009447,0.026180260930591597
S18_C9_STRESS,0.5,2012,14,0.4542965620097087,6.3601518681359215,inf,0.16337594581648332
S18_C9_STRESS,0.5,2013,17,0.23406931417487287,3.9791783409728385,2.5817939938330636,0.10221485878126349
S18_C9_STRESS,0.5,2014,23,0.24460783992389312,5.625980318249542,3.0885968503501995,0.1445169666849999
S18_C9_STRESS,0.5,2015,27,-0.10407375464651639,-2.8099913754559425,0.725946264787005,0.0721814523016771
S18_C9_STRESS,0.5,2016,22,0.03184319417957162,0.7005502719505756,1.1096574978973013,0.017995334961311955
S18_C9_STRESS,0.5,2017,27,0.09792196041020408,2.64389293107551,1.4569724934295083,0.06791481040193688
S18_C9_STRESS,0.5,2018,36,0.09883369167834895,3.5580129004205623,1.4149922229208136,0.09139620167652193
S18_C9_STRESS,0.5,2019,21,-0.06948110425435769,-1.4591031893415114,0.8047157446381229,0.037480608725210134
S18_C9_STRESS,0.5,2020,15,0.16993696832944216,2.5490545249416323,1.9313568045090128,0.06547865563345158
S18_C9_STRESS,0.5,2021,18,0.04017047486301818,0.7230685475343273,1.1384866123655117,0.018573771553381864
S18_C9_STRESS,0.5,2022,17,-0.07576059818139722,-1.2879301690837526,0.7936807076372192,0.033083614020888434
S18_C9_STRESS,0.5,2023,17,-0.047762282765134,-0.8119588070072781,0.858248469795726,0.02085713373031717
S18_C9_STRESS,0.5,2024,17,0.1941461704427495,3.300484897526742,2.056120039204338,0.08478096953752283
S18_C9_STRESS,0.5,2025,17,0.12358852874530442,2.101004988670175,1.5111644527094321,0.053969415244441765
S18_C9_STRESS,1.0,2011,16,0.40744910922084576,6.519185747533532,2.5647603160096044,0.10234358378968497
S18_C9_STRESS,1.0,2012,14,0.6685822762954102,9.360151868135743,5.5024285810545255,0.146943425774171
S18_C9_STRESS,1.0,2013,17,0.13776620959971372,2.342025563195133,1.3520782549777082,0.03676705937626183
S18_C9_STRESS,1.0,2014,23,0.31481591021253624,7.2407659348883335,2.2400857534189527,0.11367154792898916
S18_C9_STRESS,1.0,2015,27,-0.08140878084788737,-2.198037082892959,0.8381734764293497,0.034506608812457866
S18_C9_STRESS,1.0,2016,22,0.16344164433838196,3.5957161754444034,1.4226343453450325,0.05644853420916076
S18_C9_STRESS,1.0,2017,27,0.03844344080067163,1.037972901618134,1.1011595954075513,0.016294959331135637
S18_C9_STRESS,1.0,2018,36,0.19832255820029338,7.139612095210562,1.5851177738888325,0.11208355107361084
S18_C9_STRESS,1.0,2019,21,-0.17218885402093725,-3.6159659344396826,0.6964019119595485,0.05676643171764
S18_C9_STRESS,1.0,2020,15,0.26993696832943254,4.049054524941488,1.8357709007989864,0.06356541554275154
S18_C9_STRESS,1.0,2021,18,0.06794825264078956,1.223068547534212,1.1466766897936698,0.01920074426817091
S18_C9_STRESS,1.0,2022,17,-0.10517236288728458,-1.7879301690838378,0.8093275390873603,0.028068410405236145
S18_C9_STRESS,1.0,2023,17,0.15812007017606156,2.6880411929930466,1.392778906827171,0.042199099660458574
S18_C9_STRESS,1.0,2024,17,0.1353226410309978,2.300484897526963,1.3142861511375759,0.036114919559706034
S18_C9_STRESS,1.0,2025,17,0.5059414699217715,8.601004988670114,3.0925833263096756,0.13502570855056478
S18_C9_STRESS,1.5,2011,16,0.438699109220841,7.019185747533456,2.1225148982158646,0.08676242686932897
S18_C9_STRESS,1.5,2012,14,0.9185822762953978,12.860151868135569,5.107820610358416,0.15896117101327054
S18_C9_STRESS,1.5,2013,17,0.35475593169721187,6.030850838852602,1.906621803255339,0.0745458623957417
S18_C9_STRESS,1.5,2014,23,0.4356736189429955,10.020493235688896,2.4503900568921058,0.12386084979466058
S18_C9_STRESS,1.5,2015,27,-0.09410362987774519,-2.54079800669912,0.830006549316096,0.031406178604610084
S18_C9_STRESS,1.5,2016,22,0.14734599642727797,3.241611921400115,1.3051402105516399,0.04006876686060828
S18_C9_STRESS,1.5,2017,27,0.18040009955112388,4.870802687880345,1.4634185916255151,0.060206792810783234
S18_C9_STRESS,1.5,2018,36,0.17747238304534974,6.3890057896325905,1.3877771253953646,0.07897292756293098
S18_C9_STRESS,1.5,2019,21,-0.30008984090882407,-6.301886659085305,0.5516841442658855,0.07789606943936805
S18_C9_STRESS,1.5,2020,15,0.2902557233453661,4.3538358501804915,1.738691016597912,0.053816693009597134
S18_C9_STRESS,1.5,2021,18,0.09235605969773958,1.6624090745593125,1.1773725791166552,0.02054862927783972
S18_C9_STRESS,1.5,2022,17,-0.16399589229905795,-2.7879301690839853,0.7577602520582978,0.034460918418770234
S18_C9_STRESS,1.5,2023,17,0.05199297931820526,0.8838806484094894,1.0952617045356992,0.010925431079493998
S18_C9_STRESS,1.5,2024,17,0.255139263815778,4.337367484868226,1.519713434256264,0.05361313160055979
S18_C9_STRESS,1.5,2025,17,0.4471179405100088,7.60100498867015,2.0582885682354477,0.09395415126243677
S18_C9_STRESS,2.0,2011,16,0.5796914804064424,9.275063686503078,2.417721233912283,0.09566829343069538
S18_C9_STRESS,2.0,2012,14,0.8678346887176686,12.14968564204736,3.336822952567305,0.12531878274706743
S18_C9_STRESS,2.0,2013,17,0.5499079091899368,9.348434456228926,2.4053563470213626,0.09642508136926044
S18_C9_STRESS,2.0,2014,23,0.6530649232908347,15.020493235689198,3.174101965466874,0.1549299285606811
S18_C9_STRESS,2.0,2015,27,-0.1013730110601624,-2.737071298624385,0.8289075070004325,0.028231713440261697
S18_C9_STRESS,2.0,2016,22,0.09753807476139596,2.1458376447507113,1.1798068909730564,0.022133392544934866
S18_C9_STRESS,2.0,2017,27,0.13593633615676343,3.670281076232613,1.3171534121059874,0.03785737099413215
S18_C9_STRESS,2.0,2018,36,0.26554644093475654,9.559671873651235,1.5802189262220987,0.09860390449291265
S18_C9_STRESS,2.0,2019,21,-0.32389936471835795,-6.8018866590855165,0.5489582279915305,0.07015853591718726
S18_C9_STRESS,2.0,2020,15,-0.043683262027536,-0.65524893041304,0.9054799355402194,0.006758610944755504
S18_C9_STRESS,2.0,2021,18,-0.1965744788776719,-3.5383406197980944,0.6716281126802055,0.03649646192351031
S18_C9_STRESS,2.0,2022,17,-0.15873733344511917,-2.6985346685670257,0.7702914208621499,0.027834224672877543
S18_C9_STRESS,2.0,2023,17,0.17259501256591428,2.934115213620543,1.3162291391451846,0.030264136689928098
S18_C9_STRESS,2.0,2024,17,0.31396279322754084,5.337367484868194,1.5674356488496963,0.055052650412833755
S18_C9_STRESS,2.0,2025,17,0.6516590673055345,11.078204144194086,2.5424193011127536,0.1142669118589619
S18_C9_STRESS,2.5,2011,16,0.26501300482612133,4.240208077217941,1.490525950935641,0.049931033131399974
S18_C9_STRESS,2.5,2012,14,0.9480082947473868,13.272116126463414,3.552706835979673,0.1562872524097999
S18_C9_STRESS,2.5,2013,17,0.755790262131111,12.848434456228887,2.9315136664747095,0.151298142647166
S18_C9_STRESS,2.5,2014,23,0.813484827407238,18.710151030366475,3.708151822381573,0.22032342610971073
S18_C9_STRESS,2.5,2015,27,-0.08547557526846067,-2.307840532248438,0.8557384346157578,0.02717622814239116
S18_C9_STRESS,2.5,2016,22,0.23390171112503155,5.145837644750694,1.4311868936674499,0.060595372974581
S18_C9_STRESS,2.5,2017,27,0.01166434882079691,0.31493741816151655,1.024847435625368,0.0037085799503636034
S18_C9_STRESS,2.5,2018,36,0.0418156774511131,1.5053643882400716,1.0809736030829948,0.017726582699536055
S18_C9_STRESS,2.5,2019,21,-0.24516715924706947,-5.148510344188459,0.6585957183298751,0.0606268456385982
S18_C9_STRESS,2.5,2020,15,0.02298340463913539,0.34475106958703083,1.0497305555301004,0.004059653857583753
S18_C9_STRESS,2.5,2021,18,-0.14101892332211635,-2.5383406197980944,0.7644320348019068,0.029890507087820595
S18_C9_STRESS,2.5,2022,17,-0.24697262756275934,-4.198534668566909,0.6717038512690898,0.04944030335820019
S18_C9_STRESS,2.5,2023,17,0.27707504799288296,4.71027581587901,1.5076577973070808,0.05546636710691745
S18_C9_STRESS,2.5,2024,17,0.3139627932275477,5.337367484868311,1.5114915325396112,0.06285075351685834
S18_C9_STRESS,2.5,2025,17,0.2528604109387597,4.298626985958915,1.4502005809100995,0.05061895136907279
S18_C9_STRESS,3.0,2011,16,0.17126300482612303,2.7402080772179684,1.2834682222156766,0.028577640377678588
S18_C9_STRESS,3.0,2012,14,0.876579723318807,12.272116126463297,2.960754446434907,0.12798594539259914
S18_C9_STRESS,3.0,2013,17,0.9616726150722897,16.348434456228926,3.457670985928067,0.17049788463600546
S18_C9_STRESS,3.0,2014,23,0.7766870208255829,17.863801478988407,3.232894271036809,0.18630165303471063
S18_C9_STRESS,3.0,2015,27,-0.07402811129260606,-1.9987590049003636,0.8750589138011827,0.020845065204566852
S18_C9_STRESS,3.0,2016,22,0.37026534748866874,8.145837644750712,1.682566896361846,0.08495297153600975
S18_C9_STRESS,3.0,2017,27,0.06721990437635504,1.8149374181615863,1.1431920694755735,0.018927989182804146
S18_C9_STRESS,3.0,2018,36,0.06796919967938544,2.446891188457876,1.1316183625900067,0.025518637437947175
S18_C9_STRESS,3.0,2019,21,-0.42604976870110844,-8.947045142723278,0.4485632295773914,0.0933087675557798
S18_C9_STRESS,3.0,2020,15,0.08965007130579736,1.3447510695869604,1.193981175519961,0.01402441397923735
S18_C9_STRESS,3.0,2021,18,-0.1512501182937436,-2.7225021292873848,0.7473411244174478,0.028392984979895848
S18_C9_STRESS,3.0,2022,17,-0.15873733344511923,-2.698534668567027,0.7889933967819803,0.028143028241600296
S18_C9_STRESS,3.0,2023,17,0.34744840281427836,5.9066228478427325,1.6365960851700032,0.06160019196921826
S18_C9_STRESS,3.0,2024,17,0.25513926381577606,4.337367484868193,1.377374352829903,0.04523442186705875
S18_C9_STRESS,3.0,2025,17,0.37050746976229143,6.298626985958954,1.6596630824859047,0.06568840460488819
